species	chrom	A_perc	B_perc
C0001	scaffold_16	38.8734	58.0842
C0001	scaffold_8	52.995	37.6385
C0001	scaffold_17	42.2895	54.1398
C0001	scaffold_9	40.208	48.5847
C0001	scaffold_18	51.2834	45.2923
C0001	scaffold_19	42.7257	53.4711
C0001	scaffold_1	49.9831	42.3364
C0001	scaffold_10	41.0827	56.4388
C0001	scaffold_2	38.7964	57.8601
C0001	scaffold_11	42.6939	53.8661
C0001	scaffold_3	50.2125	46.3045
C0001	scaffold_12	45.1535	51.633
C0001	scaffold_4	43.2135	53.3248
C0001	scaffold_13	47.1443	50.0648
C0001	scaffold_5	46.1541	48.5897
C0001	scaffold_14	38.0483	58.9749
C0001	scaffold_6	45.6756	49.9999
C0001	scaffold_15	36.3636	56.1167
C0001	scaffold_7	42.0054	54.6214
C0055	scaffold_20	35.881	56.8412
C0055	scaffold_21	42.3148	51.0695
C0055	scaffold_22	40.8406	52.1447
C0055	scaffold_23	41.9488	49.0588
C0055	scaffold_24	40.7028	46.7329
C0055	scaffold_25	49.8062	43.723
C0055	scaffold_26	37.4935	54.3274
C0055	scaffold_40	58.6405	31.4657
C0055	scaffold_27	35.5264	57.0817
C0055	scaffold_28	39.1541	51.6672
C0055	scaffold_29	40.4701	51.0986
C0055	scaffold_10	36.6708	57.9635
C0055	scaffold_1	43.7264	51.8805
C0055	scaffold_11	34.7827	56.2573
C0055	scaffold_2	46.3313	27.1532
C0055	scaffold_12	39.6757	52.5703
C0055	scaffold_3	37.039	55.8952
C0055	scaffold_13	55.831	29.9095
C0055	scaffold_4	36.3127	58.3444
C0055	scaffold_14	32.0703	61.07
C0055	scaffold_5	41.0956	51.6925
C0055	scaffold_15	41.1743	50.7816
C0055	scaffold_6	42.9572	51.0279
C0055	scaffold_7	36.2206	58.9957
C0055	scaffold_16	37.8046	54.4526
C0055	scaffold_30	44.2457	47.1403
C0055	scaffold_17	43.2871	48.964
C0055	scaffold_8	46.5359	40.9292
C0055	scaffold_31	29.103	56.1273
C0055	scaffold_18	34.3831	59.9046
C0055	scaffold_9	38.1241	54.4214
C0055	scaffold_32	62.9714	20.4344
C0055	scaffold_19	44.5929	45.6718
C0055	scaffold_33	35.7655	53.4676
C0055	scaffold_34	43.1505	50.2763
C0055	scaffold_35	34.1495	58.2818
C0055	scaffold_36	38.4936	52.2098
C0055	scaffold_37	44.7086	48.1258
C0055	scaffold_38	37.2359	50.2684
C0055	scaffold_39	39.0715	51.9522
C0080	scaffold_8	37.9046	53.7917
C0080	scaffold_9	5.2441	4.3701
C0080	scaffold_1	56.4583	37.6389
C0080	scaffold_2	40.9394	53.761
C0080	scaffold_3	45.1997	47.594
C0080	scaffold_4	52.4122	42.1431
C0080	scaffold_5	64.1923	31.4354
C0080	scaffold_6	43.3901	51.3074
C0080	scaffold_7	45.2708	45.8744
C0100	scaffold_20	38.951	56.457
C0100	scaffold_21	34.6263	59.6099
C0100	scaffold_22	58.4227	37.0159
C0100	scaffold_23	52.3491	43.4005
C0100	scaffold_24	41.2728	53.7938
C0100	scaffold_25	46.837	49.1789
C0100	scaffold_26	42.1117	53.4677
C0100	scaffold_40	39.7088	54.9396
C0100	scaffold_27	36.8543	57.9139
C0100	scaffold_41	54.9917	39.8959
C0100	scaffold_28	37.0698	44.2912
C0100	scaffold_42	41.1171	54.2746
C0100	scaffold_29	38.7925	56.2492
C0100	scaffold_43	46.6435	48.3094
C0100	scaffold_44	48.9049	46.6035
C0100	scaffold_45	46.0822	49.3705
C0100	scaffold_46	39.4692	54.599
C0100	scaffold_47	43.4081	49.5123
C0100	scaffold_48	41.3891	53.6023
C0100	scaffold_49	66.3665	29.6531
C0100	scaffold_10	39.6646	55.7121
C0100	scaffold_1	45.1923	51.8955
C0100	scaffold_11	48.9847	45.9231
C0100	scaffold_2	41.6637	55.8519
C0100	scaffold_12	38.9531	55.5505
C0100	scaffold_3	39.5143	55.7387
C0100	scaffold_13	49.2019	46.078
C0100	scaffold_4	37.7374	57.716
C0100	scaffold_14	53.2265	42.5812
C0100	scaffold_5	42.0246	52.6747
C0100	scaffold_15	36.7308	25.3034
C0100	scaffold_6	40.5783	55.0705
C0100	scaffold_7	41.314	54.4064
C0100	scaffold_16	45.9302	48.0179
C0100	scaffold_30	39.1745	55.3339
C0100	scaffold_17	44.9684	51.3925
C0100	scaffold_8	39.7469	56.6093
C0100	scaffold_31	32.7923	46.0071
C0100	scaffold_18	43.2796	45.8763
C0100	scaffold_9	37.7599	57.9992
C0100	scaffold_32	44.5528	47.0008
C0100	scaffold_19	34.8403	60.5349
C0100	scaffold_33	33.0345	62.1245
C0100	scaffold_34	31.9183	62.3405
C0100	scaffold_35	45.6269	47.1478
C0100	scaffold_36	73.4994	23.6432
C0100	scaffold_50	51.6385	44.2615
C0100	scaffold_37	38.503	56.4359
C0100	scaffold_51	45.479	49.2151
C0100	scaffold_38	37.5318	57.0907
C0100	scaffold_39	55.8406	39.8861
C0100	scaffold_52	4.5474	14.6527
X2575	scaffold_25	39.4452	52.1689
X2575	scaffold_16	36.4961	57.0889
X2575	scaffold_8	34.804	57.7598
X2575	scaffold_26	50.3152	43.6164
X2575	scaffold_17	46.9275	46.5067
X2575	scaffold_9	38.9368	53.6502
X2575	scaffold_27	52.7571	36.7006
X2575	scaffold_18	43.5343	50.1304
X2575	scaffold_28	42.177	49.9572
X2575	scaffold_19	43.1258	50.9872
X2575	scaffold_1	62.8221	31.3443
X2575	scaffold_10	49.1547	44.1275
X2575	scaffold_2	43.3839	49.5578
X2575	scaffold_20	37.5939	55.828
X2575	scaffold_11	38.4795	54.9995
X2575	scaffold_3	42.6292	49.7341
X2575	scaffold_21	40.9766	52.5866
X2575	scaffold_12	43.367	50.1818
X2575	scaffold_4	44.2573	49.526
X2575	scaffold_22	37.9185	55.4003
X2575	scaffold_13	41.736	51.925
X2575	scaffold_5	42.5194	50.406
X2575	scaffold_23	63.9107	27.9609
X2575	scaffold_14	45.547	48.1786
X2575	scaffold_6	44.7091	51.0961
X2575	scaffold_24	47.4584	32.8385
X2575	scaffold_15	38.2181	55.2724
X2575	scaffold_7	57.1841	35.4081
X2576	scaffold_25	37.47	51.3369
X2576	scaffold_16	48.7399	43.1468
X2576	scaffold_8	38.2414	53.0557
X2576	scaffold_26	45.0633	44.3647
X2576	scaffold_17	39.543	53.7108
X2576	scaffold_9	38.5231	53.1232
X2576	scaffold_27	37.3252	51.0365
X2576	scaffold_18	36.0915	55.739
X2576	scaffold_28	45.1126	41.986
X2576	scaffold_19	42.9742	48.6173
X2576	scaffold_1	64.1484	28.6811
X2576	scaffold_10	40.3064	51.7174
X2576	scaffold_2	41.5219	48.0695
X2576	scaffold_20	43.9436	47.8594
X2576	scaffold_11	44.1233	47.3783
X2576	scaffold_3	39.6676	52.6707
X2576	scaffold_21	67.1343	24.9085
X2576	scaffold_12	42.794	47.9811
X2576	scaffold_4	40.0032	52.4124
X2576	scaffold_22	64.5972	26.3613
X2576	scaffold_13	33.2277	57.8554
X2576	scaffold_5	58.1483	33.375
X2576	scaffold_23	38.961	51.948
X2576	scaffold_14	39.1663	52.7388
X2576	scaffold_6	43.9175	49.0241
X2576	scaffold_24	45.7278	29.1243
X2576	scaffold_15	45.3204	46.9037
X2576	scaffold_7	40.2748	54.5285
X3252	scaffold_25	37.0393	55.2553
X3252	scaffold_16	35.0287	57.1634
X3252	scaffold_8	45.5016	47.8772
X3252	scaffold_26	41.7737	49.6854
X3252	scaffold_17	28.1356	54.7561
X3252	scaffold_9	36.4088	56.9797
X3252	scaffold_27	35.175	48.6243
X3252	scaffold_18	36.699	54.9412
X3252	scaffold_28	44.1665	39.3917
X3252	scaffold_19	42.4477	48.8259
X3252	scaffold_29	0.2789	2.4173
X3252	scaffold_1	40.21	50.5133
X3252	scaffold_10	37.108	52.2466
X3252	scaffold_2	38.5294	48.6245
X3252	scaffold_20	39.4945	53.5518
X3252	scaffold_11	37.413	55.4339
X3252	scaffold_3	39.8141	54.0335
X3252	scaffold_21	38.032	54.1396
X3252	scaffold_12	41.238	49.5649
X3252	scaffold_4	39.3602	53.3811
X3252	scaffold_22	30.9747	56.7493
X3252	scaffold_13	40.9768	51.6664
X3252	scaffold_5	30.8266	53.4565
X3252	scaffold_23	32.1248	24.2067
X3252	scaffold_14	41.2656	50.2799
X3252	scaffold_6	42.3974	49.9884
X3252	scaffold_24	38.9167	51.607
X3252	scaffold_15	36.9527	56.0316
X3252	scaffold_7	45.8575	46.0299
X3258	scaffold_8	43.3035	50.0212
X3258	scaffold_9	36.4833	57.0896
X3258	scaffold_1	48.1517	46.408
X3258	scaffold_10	48.8663	35.8736
X3258	scaffold_2	48.0445	42.4596
X3258	scaffold_11	38.6702	55.3282
X3258	scaffold_3	45.321	47.9257
X3258	scaffold_4	44.38	49.019
X3258	scaffold_5	44.9226	43.8819
X3258	scaffold_6	48.7094	45.3743
X3258	scaffold_7	40.4528	51.858
X3311	scaffold_8	37.481	57.5986
X3311	scaffold_9	43.5982	52.8023
X3311	scaffold_1	41.4777	54.0438
X3311	scaffold_10	43.8342	49.8676
X3311	scaffold_2	41.4164	53.5409
X3311	scaffold_11	52.535	34.5396
X3311	scaffold_3	45.3852	49.6299
X3311	scaffold_12	58.4054	37.8274
X3311	scaffold_4	46.1371	47.5652
X3311	scaffold_13	41.1456	54.9838
X3311	scaffold_5	45.7626	44.9831
X3311	scaffold_14	41.8728	50.8993
X3311	scaffold_6	39.774	56.5752
X3311	scaffold_7	42.6623	53.6162
X3506	scaffold_16	37.4724	54.8777
X3506	scaffold_8	34.8392	59.6974
X3506	scaffold_17	41.3521	46.5211
X3506	scaffold_9	50.3831	42.5457
X3506	scaffold_18	33.2027	60.2724
X3506	scaffold_19	37.8321	55.3266
X3506	scaffold_1	53.8158	35.6134
X3506	scaffold_10	41.2364	52.8576
X3506	scaffold_2	38.5886	54.7464
X3506	scaffold_20	63.3084	31.3256
X3506	scaffold_11	45.1208	48.6066
X3506	scaffold_3	67.36	27.0326
X3506	scaffold_21	39.5303	53.9655
X3506	scaffold_12	44.965	46.6944
X3506	scaffold_4	36.3006	55.1232
X3506	scaffold_22	47.1666	46.0489
X3506	scaffold_13	43.5753	47.7056
X3506	scaffold_5	42.2698	50.2484
X3506	scaffold_23	44.8	47.3143
X3506	scaffold_14	45.0212	47.252
X3506	scaffold_6	43.7818	50.0613
X3506	scaffold_24	0.6146	4.302
X3506	scaffold_15	41.55	50.4681
X3506	scaffold_7	56.2104	36.9331
X3531	scaffold_8	36.9304	56.9847
X3531	scaffold_9	48.0548	39.0935
X3531	scaffold_1	48.0599	44.9184
X3531	scaffold_10	39.8914	54.2803
X3531	scaffold_2	47.9549	46.0957
X3531	scaffold_3	49.35	44.1449
X3531	scaffold_4	46.9002	45.257
X3531	scaffold_5	49.8536	44.1786
X3531	scaffold_6	46.134	47.2501
X3531	scaffold_7	46.3271	44.1623
X3737	scaffold_8	53.5634	38.2841
X3737	scaffold_9	47.6137	33.5897
X3737	scaffold_1	46.5478	45.7856
X3737	scaffold_10	40.5993	54.0168
X3737	scaffold_2	48.6197	45.6144
X3737	scaffold_3	49.3054	45.7411
X3737	scaffold_4	53.3602	40.902
X3737	scaffold_5	46.9051	47.7693
X3737	scaffold_6	47.2293	43.6715
X3737	scaffold_7	44.1482	50.9617
Eaethiops	scaffold_16	42.4575	48.5564
Eaethiops	scaffold_8	36.3908	55.087
Eaethiops	scaffold_17	39.6866	50.9897
Eaethiops	scaffold_9	34.1737	53.4809
Eaethiops	scaffold_18	43.6557	43.9095
Eaethiops	scaffold_19	27.0143	6.432
Eaethiops	scaffold_1	35.9689	55.4571
Eaethiops	scaffold_10	36.5812	54.9695
Eaethiops	scaffold_2	35.7713	54.2063
Eaethiops	scaffold_11	38.9125	53.4054
Eaethiops	scaffold_3	36.1869	55.7474
Eaethiops	scaffold_20	37.9403	56.3834
Eaethiops	scaffold_12	42.5609	49.9628
Eaethiops	scaffold_4	33.6427	57.692
Eaethiops	scaffold_13	33.7895	55.3484
Eaethiops	scaffold_5	36.9252	47.0563
Eaethiops	scaffold_14	34.5299	54.0752
Eaethiops	scaffold_6	36.5626	55.1485
Eaethiops	scaffold_15	41.2269	50.5865
Eaethiops	scaffold_7	37.4375	54.9187
Ealbergana	scaffold_16	40.3627	50.5169
Ealbergana	scaffold_8	42.7674	48.3113
Ealbergana	scaffold_17	5.398	0
Ealbergana	scaffold_9	36.0624	46.8439
Ealbergana	scaffold_18	39.3279	44.1313
Ealbergana	scaffold_1	35.8061	56.2543
Ealbergana	scaffold_10	39.2955	50.2435
Ealbergana	scaffold_2	34.9858	52.5712
Ealbergana	scaffold_11	43.0772	46.4364
Ealbergana	scaffold_3	40.5453	51.3727
Ealbergana	scaffold_12	36.0917	54.9769
Ealbergana	scaffold_4	41.3978	48.6894
Ealbergana	scaffold_13	38.2094	53.1517
Ealbergana	scaffold_5	39.7694	51.9385
Ealbergana	scaffold_14	40.595	48.5326
Ealbergana	scaffold_6	34.7894	57.2156
Ealbergana	scaffold_15	37.7823	52.2574
Ealbergana	scaffold_7	42.4805	48.7973
Ebubastis	scaffold_25	66.6403	28.7015
Ebubastis	scaffold_16	66.053	28.4395
Ebubastis	scaffold_8	38.0939	56.8448
Ebubastis	scaffold_26	34.6172	41.7664
Ebubastis	scaffold_17	43.7421	51.1876
Ebubastis	scaffold_9	46.6656	47.269
Ebubastis	scaffold_27	46.1962	46.5748
Ebubastis	scaffold_18	36.3368	58.2321
Ebubastis	scaffold_28	31.7595	63.0897
Ebubastis	scaffold_19	34.2907	59.4839
Ebubastis	scaffold_1	35.4986	57.5982
Ebubastis	scaffold_10	39.7893	54.7884
Ebubastis	scaffold_2	40.8498	53.2122
Ebubastis	scaffold_20	49.6105	45.7572
Ebubastis	scaffold_11	41.9247	50.3517
Ebubastis	scaffold_3	39.446	53.1426
Ebubastis	scaffold_21	65.4608	26.4361
Ebubastis	scaffold_12	43.2019	51.7567
Ebubastis	scaffold_4	67.7709	26.3046
Ebubastis	scaffold_30	32.1155	59.028
Ebubastis	scaffold_22	62.1834	32.1195
Ebubastis	scaffold_13	33.4152	62.2168
Ebubastis	scaffold_5	45.5986	48.9082
Ebubastis	scaffold_23	39.1633	46.996
Ebubastis	scaffold_14	39.1362	55.534
Ebubastis	scaffold_6	41.8541	52.9896
Ebubastis	scaffold_24	35.2536	59.5667
Ebubastis	scaffold_15	48.7532	45.6787
Ebubastis	scaffold_7	32.4543	61.976
Echristi	scaffold_16	56.1838	39.6351
Echristi	scaffold_8	38.3442	53.5836
Echristi	scaffold_17	45.5291	50.082
Echristi	scaffold_9	46.5318	48.3863
Echristi	scaffold_18	49.3317	46.2892
Echristi	scaffold_19	37.6147	56.2034
Echristi	scaffold_1	42.9304	51.5548
Echristi	scaffold_10	63.255	32.056
Echristi	scaffold_2	18.7875	77.0069
Echristi	scaffold_11	40.6621	55.4483
Echristi	scaffold_3	15.8617	80.8612
Echristi	scaffold_20	80.6745	15.6663
Echristi	scaffold_12	63.7746	31.3529
Echristi	scaffold_4	73.5792	14.097
Echristi	scaffold_13	39.6782	54.0064
Echristi	scaffold_5	38.7461	55.7534
Echristi	scaffold_14	52.8774	42.1061
Echristi	scaffold_6	23.3046	72.2442
Echristi	scaffold_15	53.6755	41.32
Echristi	scaffold_7	49.2251	47.0991
Edisa	scaffold_25	64.626	25.0353
Edisa	scaffold_16	35.8727	55.7345
Edisa	scaffold_8	33.367	57.7572
Edisa	scaffold_26	37.9527	47.6928
Edisa	scaffold_17	40.633	50.073
Edisa	scaffold_9	40.7122	52.268
Edisa	scaffold_27	39.1108	48.4974
Edisa	scaffold_18	44.124	45.9884
Edisa	scaffold_28	38.1574	46.8672
Edisa	scaffold_19	42.9332	49.7776
Edisa	scaffold_29	41.893	50.9137
Edisa	scaffold_1	37.645	52.2848
Edisa	scaffold_10	38.432	51.9643
Edisa	scaffold_2	39.9728	52.0718
Edisa	scaffold_20	42.1933	49.7129
Edisa	scaffold_11	41.5847	49.7564
Edisa	scaffold_3	41.99	48.5218
Edisa	scaffold_21	51.4407	38.922
Edisa	scaffold_12	50.6657	39.8221
Edisa	scaffold_4	39.5215	50.581
Edisa	scaffold_22	34.4659	44.6437
Edisa	scaffold_13	43.9706	49.0878
Edisa	scaffold_5	58.2199	34.9319
Edisa	scaffold_23	59.932	31.915
Edisa	scaffold_14	34.7602	57.9977
Edisa	scaffold_6	44.46	46.436
Edisa	scaffold_24	35.1451	53.7342
Edisa	scaffold_15	41.6808	49.2415
Edisa	scaffold_7	36.8682	55.556
Eembla	scaffold_25	66.3114	27.0984
Eembla	scaffold_16	36.5773	55.4895
Eembla	scaffold_8	45.4602	46.5215
Eembla	scaffold_26	39.7065	45.9934
Eembla	scaffold_17	38.3049	54.0037
Eembla	scaffold_9	41.4183	50.6024
Eembla	scaffold_27	32.5789	55.1925
Eembla	scaffold_18	42.2716	49.7439
Eembla	scaffold_28	45.7483	43.5903
Eembla	scaffold_19	40.3615	51.9547
Eembla	scaffold_29	38.3517	45.7655
Eembla	scaffold_1	39.6112	52.2992
Eembla	scaffold_10	41.2442	51.3177
Eembla	scaffold_2	38.3114	53.83
Eembla	scaffold_20	42.9525	39.0477
Eembla	scaffold_11	44.4236	47.8555
Eembla	scaffold_3	57.0909	35.5784
Eembla	scaffold_21	44.6422	47.9904
Eembla	scaffold_12	46.4423	44.5311
Eembla	scaffold_4	44.6321	48.7955
Eembla	scaffold_22	40.0203	48.16
Eembla	scaffold_13	36.9492	55.9024
Eembla	scaffold_5	41.8438	50.2126
Eembla	scaffold_23	31.8099	45.2679
Eembla	scaffold_14	35.7305	57.4377
Eembla	scaffold_6	38.1687	54.9976
Eembla	scaffold_24	35.7051	50.5584
Eembla	scaffold_15	37.5528	54.6403
Eembla	scaffold_7	33.7965	58.1858
Eepiphron	scaffold_8	39.3902	51.5103
Eepiphron	scaffold_16	45.0705	49.542
Eepiphron	scaffold_9	40.2486	49.396
Eepiphron	scaffold_1	43.5959	46.5214
Eepiphron	scaffold_10	38.0608	53.9771
Eepiphron	scaffold_2	50.3307	40.9224
Eepiphron	scaffold_11	44.0711	47.965
Eepiphron	scaffold_3	43.4613	46.9634
Eepiphron	scaffold_12	36.6885	51.1018
Eepiphron	scaffold_4	44.6448	45.979
Eepiphron	scaffold_13	39.4111	52.2042
Eepiphron	scaffold_5	16.6962	74.3946
Eepiphron	scaffold_14	52.3256	37.5831
Eepiphron	scaffold_6	25.0843	58.2004
Eepiphron	scaffold_15	39.0388	52.3997
Eepiphron	scaffold_7	34.9209	56.2905
Eeriphyle	scaffold_25	68.4329	27.7797
Eeriphyle	scaffold_16	44.276	50.0113
Eeriphyle	scaffold_8	52.1117	43.5286
Eeriphyle	scaffold_26	50.5956	43.8991
Eeriphyle	scaffold_17	37.5718	57.9666
Eeriphyle	scaffold_9	44.0623	52.324
Eeriphyle	scaffold_27	44.8223	49.0854
Eeriphyle	scaffold_18	47.06	48.9614
Eeriphyle	scaffold_28	47.9454	40.0998
Eeriphyle	scaffold_19	44.9226	49.914
Eeriphyle	scaffold_1	47.2749	48.5284
Eeriphyle	scaffold_10	47.7775	47.9927
Eeriphyle	scaffold_2	43.8103	52.3859
Eeriphyle	scaffold_20	43.2663	53.1278
Eeriphyle	scaffold_11	45.399	50.1779
Eeriphyle	scaffold_3	48.0515	47.8631
Eeriphyle	scaffold_21	57.1734	36.1095
Eeriphyle	scaffold_12	39.3099	56.5626
Eeriphyle	scaffold_4	49.1453	46.4576
Eeriphyle	scaffold_30	49.0146	46.6153
Eeriphyle	scaffold_22	46.5901	47.9137
Eeriphyle	scaffold_13	47.1993	48.7289
Eeriphyle	scaffold_5	56.4052	39.7356
Eeriphyle	scaffold_23	31.7418	54.0553
Eeriphyle	scaffold_14	51.4708	43.8049
Eeriphyle	scaffold_6	41.7382	53.1572
Eeriphyle	scaffold_24	41.0377	52.402
Eeriphyle	scaffold_15	44.0401	52.0474
Eeriphyle	scaffold_7	42.7309	53.1674
Eflavofasciata	scaffold_16	42.3667	53.1134
Eflavofasciata	scaffold_8	40.4858	53.5293
Eflavofasciata	scaffold_17	47.92	46.4679
Eflavofasciata	scaffold_9	39.8832	55.0524
Eflavofasciata	scaffold_18	36.9614	57.591
Eflavofasciata	scaffold_19	41.4343	52.454
Eflavofasciata	scaffold_1	42.2032	53.5442
Eflavofasciata	scaffold_10	46.7861	40.1523
Eflavofasciata	scaffold_2	44.4182	48.5285
Eflavofasciata	scaffold_20	42.6479	51.9288
Eflavofasciata	scaffold_11	38.6932	56.1323
Eflavofasciata	scaffold_3	42.3599	43.2071
Eflavofasciata	scaffold_12	52.1676	43.9306
Eflavofasciata	scaffold_4	21.1937	45.3963
Eflavofasciata	scaffold_13	47.7684	46.4823
Eflavofasciata	scaffold_5	40.1363	55.2014
Eflavofasciata	scaffold_14	38.4411	54.8625
Eflavofasciata	scaffold_6	30.7382	63.2846
Eflavofasciata	scaffold_15	38.469	56.885
Eflavofasciata	scaffold_7	41.7134	51.2623
Egorge	scaffold_16	37.4009	57.2702
Egorge	scaffold_8	46.8204	48.5909
Egorge	scaffold_17	43.3154	51.8832
Egorge	scaffold_9	53.1688	41.7754
Egorge	scaffold_18	44.6177	50.6799
Egorge	scaffold_19	45.4743	17.2065
Egorge	scaffold_1	41.1129	53.8721
Egorge	scaffold_10	50.8854	43.2007
Egorge	scaffold_2	43.854	51.476
Egorge	scaffold_11	42.0641	50.7468
Egorge	scaffold_3	17.8032	76.665
Egorge	scaffold_12	44.1066	49.9575
Egorge	scaffold_4	43.522	52.8398
Egorge	scaffold_21	78.3192	15.4324
Egorge	scaffold_13	41.0309	55.3123
Egorge	scaffold_5	51.1874	45.2858
Egorge	scaffold_14	47.6933	47.9215
Egorge	scaffold_6	32.5387	62.199
Egorge	scaffold_15	50.1333	45.7235
Egorge	scaffold_7	52.3225	39.8647
Eligea	scaffold_25	63.6592	29.8193
Eligea	scaffold_16	35.5784	56.1044
Eligea	scaffold_8	38.7957	51.5286
Eligea	scaffold_26	44.3724	48.2647
Eligea	scaffold_17	42.4985	50.1621
Eligea	scaffold_9	44.2565	48.6423
Eligea	scaffold_27	35.5666	56.386
Eligea	scaffold_18	36.6322	56.3755
Eligea	scaffold_28	51.6179	33.9203
Eligea	scaffold_19	38.7732	54.2349
Eligea	scaffold_29	46.3965	48.0602
Eligea	scaffold_1	36.4397	56.5079
Eligea	scaffold_10	41.0191	50.9631
Eligea	scaffold_2	42.5109	49.385
Eligea	scaffold_20	42.7791	50.2294
Eligea	scaffold_11	38.7043	53.6867
Eligea	scaffold_3	39.6199	50.161
Eligea	scaffold_21	36.615	56.4696
Eligea	scaffold_12	32.3768	59.7403
Eligea	scaffold_4	64.6141	28.5721
Eligea	scaffold_22	64.4748	27.5197
Eligea	scaffold_13	37.4848	54.6389
Eligea	scaffold_5	38.9094	53.7865
Eligea	scaffold_23	35.9217	56.1277
Eligea	scaffold_14	41.9373	51.2326
Eligea	scaffold_6	33.1254	59.3176
Eligea	scaffold_24	34.2817	46.248
Eligea	scaffold_15	44.2243	49.017
Eligea	scaffold_7	38.5955	53.6049
Emanto	scaffold_25	36.1611	59.6169
Emanto	scaffold_16	38.4528	56.6553
Emanto	scaffold_8	35.5044	60.6946
Emanto	scaffold_26	39.5308	55.4169
Emanto	scaffold_17	34.8197	60.6462
Emanto	scaffold_9	38.2789	57.0111
Emanto	scaffold_27	43.2765	48.584
Emanto	scaffold_18	39.5586	55.3821
Emanto	scaffold_28	38.823	42.9096
Emanto	scaffold_19	38.188	56.9306
Emanto	scaffold_29	39.712	56.9387
Emanto	scaffold_1	37.4113	57.422
Emanto	scaffold_10	39.2826	56.0294
Emanto	scaffold_2	41.6012	53.591
Emanto	scaffold_20	42.7896	52.429
Emanto	scaffold_11	38.7708	56.2598
Emanto	scaffold_3	39.0329	55.8134
Emanto	scaffold_21	33.5175	61.282
Emanto	scaffold_12	40.2224	54.9849
Emanto	scaffold_4	37.2492	55.4111
Emanto	scaffold_22	36.844	57.9713
Emanto	scaffold_13	45.5753	49.6922
Emanto	scaffold_5	43.3092	52.6835
Emanto	scaffold_23	36.8389	48.8116
Emanto	scaffold_14	34.5402	61.3088
Emanto	scaffold_6	35.7425	59.2523
Emanto	scaffold_24	39.5546	54.7436
Emanto	scaffold_15	36.925	59.08
Emanto	scaffold_7	45.1306	50.0792
Emedusa	scaffold_8	39.1048	55.3796
Emedusa	scaffold_9	42.6285	52.5016
Emedusa	scaffold_1	17.2033	77.8273
Emedusa	scaffold_10	37.3074	57.8334
Emedusa	scaffold_2	41.9476	53.7151
Emedusa	scaffold_3	38.0376	54.7456
Emedusa	scaffold_4	34.2166	54.9782
Emedusa	scaffold_12	43.178	53.1638
Emedusa	scaffold_5	43.7397	51.5318
Emedusa	scaffold_6	44.0604	50.6415
Emedusa	scaffold_7	15.6238	74.4361
Emelampus	scaffold_16	45.255	50.6481
Emelampus	scaffold_8	41.7268	53.4259
Emelampus	scaffold_17	49.8454	45.3781
Emelampus	scaffold_9	45.3245	46.6656
Emelampus	scaffold_18	39.9432	52.9368
Emelampus	scaffold_19	43.5692	50.8307
Emelampus	scaffold_1	58.0514	37.3509
Emelampus	scaffold_10	59.6378	35.9023
Emelampus	scaffold_2	40.8312	54.6027
Emelampus	scaffold_11	46.7277	48.5483
Emelampus	scaffold_3	45.0792	49.0998
Emelampus	scaffold_12	42.1021	52.9871
Emelampus	scaffold_4	44.0237	51.6924
Emelampus	scaffold_21	77.3106	13.9577
Emelampus	scaffold_13	45.4059	49.4946
Emelampus	scaffold_5	38.0394	56.7619
Emelampus	scaffold_14	46.7518	45.6333
Emelampus	scaffold_6	63.9798	29.2635
Emelampus	scaffold_15	39.8418	55.3616
Emelampus	scaffold_7	38.1045	56.5964
Emelancholica	scaffold_16	39.4063	56.49
Emelancholica	scaffold_8	37.2173	58.5128
Emelancholica	scaffold_17	36.6423	59.0477
Emelancholica	scaffold_9	35.1277	61.5242
Emelancholica	scaffold_18	41.7695	54.2065
Emelancholica	scaffold_19	35.3908	60.5682
Emelancholica	scaffold_1	47.3092	47.0623
Emelancholica	scaffold_10	44.9526	50.0842
Emelancholica	scaffold_2	40.5791	54.6738
Emelancholica	scaffold_20	38.233	57.1106
Emelancholica	scaffold_11	38.5766	57.0354
Emelancholica	scaffold_3	69.2891	27.5258
Emelancholica	scaffold_21	41.6555	54.7968
Emelancholica	scaffold_12	44.0057	50.1707
Emelancholica	scaffold_4	37.5405	58.2336
Emelancholica	scaffold_13	42.5958	53.43
Emelancholica	scaffold_5	47.2221	48.9086
Emelancholica	scaffold_14	42.4451	53.3342
Emelancholica	scaffold_6	41.546	54.3148
Emelancholica	scaffold_23	39.6545	56.5287
Emelancholica	scaffold_15	47.1323	48.4726
Emelancholica	scaffold_7	72.1268	23.7865
Emeolans	scaffold_8	45.7176	50.825
Emeolans	scaffold_9	32.5011	64.2404
Emeolans	scaffold_1	39.8772	56.6157
Emeolans	scaffold_10	49.8926	45.0784
Emeolans	scaffold_2	51.3675	45.0776
Emeolans	scaffold_11	57.313	34.8403
Emeolans	scaffold_3	46.1449	50.5042
Emeolans	scaffold_12	39.9903	47.0997
Emeolans	scaffold_4	52.9513	43.588
Emeolans	scaffold_13	71.7405	24.4653
Emeolans	scaffold_5	39.8422	56.407
Emeolans	scaffold_6	47.2043	49.213
Emeolans	scaffold_7	40.1318	55.8559
Emeolans	scaffold_15	19.1769	77.129
Emnestra	scaffold_8	39.2475	56.6909
Emnestra	scaffold_9	39.9311	56.0628
Emnestra	scaffold_1	44.6626	50.9142
Emnestra	scaffold_10	50.9866	36.3557
Emnestra	scaffold_2	48.468	47.3409
Emnestra	scaffold_11	39.553	49.1476
Emnestra	scaffold_3	66.1925	29.8934
Emnestra	scaffold_12	47.6044	47.5005
Emnestra	scaffold_4	40.5427	55.2946
Emnestra	scaffold_5	40.2702	55.4136
Emnestra	scaffold_6	44.5609	51.2627
Emnestra	scaffold_7	41.2459	54.3476
Emontana	scaffold_16	45.597	48.8539
Emontana	scaffold_8	60.8174	31.7232
Emontana	scaffold_17	43.6541	49.7113
Emontana	scaffold_9	42.7534	51.4146
Emontana	scaffold_18	59.0023	35.4854
Emontana	scaffold_19	38.5062	54.8223
Emontana	scaffold_1	56.5998	35.9317
Emontana	scaffold_10	37.7972	57.0663
Emontana	scaffold_2	18.3602	75.5627
Emontana	scaffold_20	40.6097	51.5262
Emontana	scaffold_11	59.3441	34.7107
Emontana	scaffold_3	71.0136	23.8664
Emontana	scaffold_4	3.2537	2.0917
Emontana	scaffold_21	65.327	29.4955
Emontana	scaffold_12	48.6765	44.3705
Emontana	scaffold_22	50.2483	42.9755
Emontana	scaffold_13	48.3692	44.2125
Emontana	scaffold_5	63.6181	30.6551
Emontana	scaffold_23	66.6673	27.8342
Emontana	scaffold_14	44.9627	48.1459
Emontana	scaffold_6	45.5827	48.1435
Emontana	scaffold_15	46.0527	47.8706
Emontana	scaffold_7	49.7004	45.0084
Epalarica	scaffold_8	41.175	54.2158
Epalarica	scaffold_9	35.4807	60.1099
Epalarica	scaffold_1	41.5772	53.4471
Epalarica	scaffold_10	41.7505	53.6792
Epalarica	scaffold_2	45.4541	50.1494
Epalarica	scaffold_11	47.9775	43.4152
Epalarica	scaffold_3	39.0371	56.8826
Epalarica	scaffold_12	61.2386	33.9
Epalarica	scaffold_4	45.3443	50.4056
Epalarica	scaffold_13	39.7671	52.0662
Epalarica	scaffold_5	37.7714	58.0618
Epalarica	scaffold_6	37.3511	57.3568
Epalarica	scaffold_14	47.7188	49.3822
Epalarica	scaffold_7	37.0781	56.1213
Epharte	scaffold_16	28.0587	39.5372
Epharte	scaffold_8	25.527	42.9928
Epharte	scaffold_17	30.4497	35.8119
Epharte	scaffold_9	22.3043	42.1973
Epharte	scaffold_18	29.7885	39.1849
Epharte	scaffold_19	12.3662	26.1377
Epharte	scaffold_1	25.0317	38.6923
Epharte	scaffold_10	27.8085	28.2694
Epharte	scaffold_2	29.4542	37.0088
Epharte	scaffold_11	28.4498	40.462
Epharte	scaffold_20	25.8947	42.8963
Epharte	scaffold_3	24.1381	38.638
Epharte	scaffold_12	26.1939	40.2984
Epharte	scaffold_4	26.9421	41.9796
Epharte	scaffold_13	28.0837	42.819
Epharte	scaffold_5	26.1896	38.3105
Epharte	scaffold_14	27.1104	39.4985
Epharte	scaffold_6	26.0463	41.5231
Epharte	scaffold_15	31.2981	35.6151
Epharte	scaffold_7	20.9576	48.5603
Epronoe	scaffold_16	31.4997	45.6425
Epronoe	scaffold_8	32.6335	43.836
Epronoe	scaffold_17	35.698	43.3799
Epronoe	scaffold_9	28.0323	50.0965
Epronoe	scaffold_18	29.6171	50.1213
Epronoe	scaffold_19	29.235	47.3889
Epronoe	scaffold_1	31.8912	44.7151
Epronoe	scaffold_10	32.0452	43.4101
Epronoe	scaffold_20	34.6358	45.5069
Epronoe	scaffold_11	29.2744	47.4056
Epronoe	scaffold_3	30.5019	44.0584
Epronoe	scaffold_4	14.1526	5.3072
Epronoe	scaffold_12	26.2097	46.6379
Epronoe	scaffold_21	21.482	33.7363
Epronoe	scaffold_13	26.4638	49.6197
Epronoe	scaffold_5	28.3994	48.4322
Epronoe	scaffold_14	27.6991	47.4006
Epronoe	scaffold_6	32.3278	47.4512
Epronoe	scaffold_15	32.8388	43.6466
Epronoe	scaffold_7	26.4191	42.4097
Erondoui	scaffold_16	69.5171	24.9601
Erondoui	scaffold_8	43.344	50.1699
Erondoui	scaffold_25	0.1422	0.2843
Erondoui	scaffold_17	46.0959	46.3064
Erondoui	scaffold_9	63.3554	32.129
Erondoui	scaffold_18	53.9957	30.7035
Erondoui	scaffold_19	42.1195	46.8232
Erondoui	scaffold_1	49.8899	34.9428
Erondoui	scaffold_10	48.6978	45.5972
Erondoui	scaffold_2	17.194	77.9011
Erondoui	scaffold_20	40.6402	53.4739
Erondoui	scaffold_11	43.0773	50.0134
Erondoui	scaffold_3	38.7115	55.0951
Erondoui	scaffold_21	40.7245	53.2007
Erondoui	scaffold_4	41.736	53.2085
Erondoui	scaffold_12	51.8619	41.0027
Erondoui	scaffold_22	41.2783	52.6004
Erondoui	scaffold_13	50.9371	43.4187
Erondoui	scaffold_5	50.6134	41.5328
Erondoui	scaffold_23	50.6122	42.7709
Erondoui	scaffold_14	41.7659	51.0903
Erondoui	scaffold_6	40.8274	52.4924
Erondoui	scaffold_24	42.6533	49.9927
Erondoui	scaffold_15	43.6659	50.3063
Erondoui	scaffold_7	44.5952	48.6802
Estirius	scaffold_16	52.0166	43.3471
Estirius	scaffold_8	45.0984	49.02
Estirius	scaffold_17	63.8575	29.7419
Estirius	scaffold_9	37.7808	56.1966
Estirius	scaffold_18	36.0652	58.2941
Estirius	scaffold_19	34.4768	60.2194
Estirius	scaffold_1	19.3112	74.0135
Estirius	scaffold_10	45.3275	49.1851
Estirius	scaffold_2	41.0264	51.8286
Estirius	scaffold_20	45.7819	48.3254
Estirius	scaffold_11	34.7042	61.2198
Estirius	scaffold_3	43.6448	49.8476
Estirius	scaffold_12	44.1554	48.4921
Estirius	scaffold_4	69.3636	24.4196
Estirius	scaffold_21	47.1321	48.1838
Estirius	scaffold_13	39.7091	55.0739
Estirius	scaffold_5	40.2206	53.2793
Estirius	scaffold_14	40.8915	53.2441
Estirius	scaffold_6	65.0581	24.834
Estirius	scaffold_15	44.302	51.3307
Estirius	scaffold_7	35.5882	58.554
Esudetica	scaffold_16	39.9815	53.8387
Esudetica	scaffold_8	39.7641	54.6274
Esudetica	scaffold_17	43.3055	50.9887
Esudetica	scaffold_9	40.4179	51.2476
Esudetica	scaffold_18	38.2125	55.8677
Esudetica	scaffold_19	44.0715	49.9153
Esudetica	scaffold_1	44.1846	50.5128
Esudetica	scaffold_10	39.1074	54.3593
Esudetica	scaffold_2	39.4406	54.6467
Esudetica	scaffold_11	41.8976	52.6202
Esudetica	scaffold_3	40.4493	53.2102
Esudetica	scaffold_12	35.0939	60.0726
Esudetica	scaffold_4	37.6055	57.042
Esudetica	scaffold_21	41.5446	50.1858
Esudetica	scaffold_13	37.9982	56.3496
Esudetica	scaffold_5	38.4403	55.9536
Esudetica	scaffold_14	40.4737	50.5921
Esudetica	scaffold_6	38.0962	54.2417
Esudetica	scaffold_15	35.4018	58.3222
Esudetica	scaffold_7	38.9784	55.0501
Etriaria	scaffold_16	42.1711	53.067
Etriaria	scaffold_8	42.4102	53.7914
Etriaria	scaffold_9	44.7741	49.9058
Etriaria	scaffold_1	39.8089	50.314
Etriaria	scaffold_10	35.0341	60.5264
Etriaria	scaffold_2	74.9899	18.4451
Etriaria	scaffold_11	37.6194	56.723
Etriaria	scaffold_3	40.3266	55.134
Etriaria	scaffold_4	36.323	58.0706
Etriaria	scaffold_12	40.0073	55.6117
Etriaria	scaffold_13	38.2998	51.5066
Etriaria	scaffold_5	41.5342	54.2533
Etriaria	scaffold_14	36.9603	58.504
Etriaria	scaffold_6	37.6554	58.0128
Etriaria	scaffold_15	42.6303	52.9408
Etriaria	scaffold_7	37.3262	57.3433
Mjurtina	scaffold_25	44.8306	45.7646
Mjurtina	scaffold_16	35.0591	56.9599
Mjurtina	scaffold_8	58.3594	32.9407
Mjurtina	scaffold_26	28.8866	54.1624
Mjurtina	scaffold_17	38.7893	52.4968
Mjurtina	scaffold_9	49.6282	41.2256
Mjurtina	scaffold_27	62.2003	29.3724
Mjurtina	scaffold_18	34.5652	57.0178
Mjurtina	scaffold_28	39.0524	43.8588
Mjurtina	scaffold_19	42.7425	48.7626
Mjurtina	scaffold_29	1.6336	2.1781
Mjurtina	scaffold_1	54.7392	38.1096
Mjurtina	scaffold_10	34.2684	57.9926
Mjurtina	scaffold_2	44.2214	48.8763
Mjurtina	scaffold_20	46.0993	45.4967
Mjurtina	scaffold_11	41.0343	51.359
Mjurtina	scaffold_3	64.2065	28.1649
Mjurtina	scaffold_21	63.9291	23.4842
Mjurtina	scaffold_12	39.231	52.4847
Mjurtina	scaffold_4	46.5476	45.8278
Mjurtina	scaffold_30	34.639	54.632
Mjurtina	scaffold_22	69.24	23.4097
Mjurtina	scaffold_13	52.8534	39.6401
Mjurtina	scaffold_5	44.3554	46.8196
Mjurtina	scaffold_23	63.6699	27.8556
Mjurtina	scaffold_14	42.4411	49.1251
Mjurtina	scaffold_6	38.7613	52.8338
Mjurtina	scaffold_24	37.3272	54.2942
Mjurtina	scaffold_15	43.2541	48.9083
Mjurtina	scaffold_7	40.4763	50.9135
Mcinxia	scaffold_25	33.5209	26.2909
Mcinxia	scaffold_16	36.3359	59.6946
Mcinxia	scaffold_8	38.4608	58.6916
Mcinxia	scaffold_26	34.3504	60.9551
Mcinxia	scaffold_17	37.2066	57.1301
Mcinxia	scaffold_9	39.7369	56.2567
Mcinxia	scaffold_27	43.8538	36.0733
Mcinxia	scaffold_18	42.8502	53.0055
Mcinxia	scaffold_28	41.3366	53.7741
Mcinxia	scaffold_19	39.7969	53.6616
Mcinxia	scaffold_29	38.0259	56.5966
Mcinxia	scaffold_1	42.408	54.1134
Mcinxia	scaffold_10	38.9211	57.9343
Mcinxia	scaffold_2	40.8992	55.5611
Mcinxia	scaffold_20	41.0854	53.0909
Mcinxia	scaffold_11	33.3982	63.1858
Mcinxia	scaffold_3	38.7854	56.9113
Mcinxia	scaffold_30	42.022	50.6071
Mcinxia	scaffold_21	40.4972	55.753
Mcinxia	scaffold_12	37.4013	57.9489
Mcinxia	scaffold_4	37.4693	58.5082
Mcinxia	scaffold_22	34.5241	60.0546
Mcinxia	scaffold_13	38.6169	57.116
Mcinxia	scaffold_5	38.9364	58.089
Mcinxia	scaffold_31	42.3506	53.8205
Mcinxia	scaffold_23	35.88	59.3876
Mcinxia	scaffold_14	42.3314	54.7268
Mcinxia	scaffold_6	36.8735	59.4665
Mcinxia	scaffold_24	39.5495	56.4537
Mcinxia	scaffold_15	40.6356	54.0242
Mcinxia	scaffold_7	39.5534	57.1568
