species	chrom	TAD_size	TAD_size_kb
C0001	scaffold_16	297771.93	297.77193
C0001	scaffold_8	286077.78	286.07778
C0001	scaffold_17	258437.5	258.4375
C0001	scaffold_9	287500	287.5
C0001	scaffold_18	236279.41	236.27941
C0001	scaffold_19	240540.98	240.54098
C0001	scaffold_1	284657.53	284.65753
C0001	scaffold_10	258026.67	258.02667
C0001	scaffold_2	295689.66	295.68966
C0001	scaffold_11	254864.86	254.86486
C0001	scaffold_3	292327.43	292.32743
C0001	scaffold_12	252710.53	252.71053
C0001	scaffold_4	294783.78	294.78378
C0001	scaffold_13	272588.24	272.58824
C0001	scaffold_5	273550.85	273.55085
C0001	scaffold_14	328454.55	328.45455
C0001	scaffold_6	300072.92	300.07292
C0001	scaffold_15	365697.67	365.69767
C0001	scaffold_7	264336.54	264.33654
C0055	scaffold_20	284342.11	284.34211
C0055	scaffold_21	263300	263.3
C0055	scaffold_22	261871.79	261.87179
C0055	scaffold_23	263300	263.3
C0055	scaffold_24	267684.21	267.68421
C0055	scaffold_25	275500	275.5
C0055	scaffold_26	275614.29	275.61429
C0055	scaffold_40	256233.33	256.23333
C0055	scaffold_27	268257.14	268.25714
C0055	scaffold_28	294718.75	294.71875
C0055	scaffold_29	253628.57	253.62857
C0055	scaffold_10	325575	325.575
C0055	scaffold_1	272914.89	272.91489
C0055	scaffold_11	299925	299.925
C0055	scaffold_2	353736.84	353.73684
C0055	scaffold_12	308526.32	308.52632
C0055	scaffold_3	288844.83	288.84483
C0055	scaffold_13	308621.62	308.62162
C0055	scaffold_4	295283.33	295.28333
C0055	scaffold_14	278024.39	278.02439
C0055	scaffold_5	278314.81	278.31481
C0055	scaffold_15	276842.11	276.84211
C0055	scaffold_6	265428.57	265.42857
C0055	scaffold_7	283645.83	283.64583
C0055	scaffold_16	286432.43	286.43243
C0055	scaffold_30	295451.61	295.45161
C0055	scaffold_17	256904.76	256.90476
C0055	scaffold_8	254888.89	254.88889
C0055	scaffold_31	299232.14	299.23214
C0055	scaffold_18	286459.46	286.45946
C0055	scaffold_9	281489.36	281.48936
C0055	scaffold_32	266406.25	266.40625
C0055	scaffold_19	281418.92	281.41892
C0055	scaffold_33	253487.8	253.4878
C0055	scaffold_34	241076.92	241.07692
C0055	scaffold_35	373619.05	373.61905
C0055	scaffold_36	298068.97	298.06897
C0055	scaffold_37	272142.86	272.14286
C0055	scaffold_38	304640	304.64
C0055	scaffold_39	322166.67	322.16667
C0080	scaffold_8	285411.39	285.41139
C0080	scaffold_9	2961666.67	2961.66667
C0080	scaffold_1	306374.23	306.37423
C0080	scaffold_2	303103	303.103
C0080	scaffold_3	304771.3	304.7713
C0080	scaffold_4	282000	282
C0080	scaffold_5	298735.45	298.73545
C0080	scaffold_6	278618.78	278.61878
C0080	scaffold_7	275680.72	275.68072
C0100	scaffold_20	260000	260
C0100	scaffold_21	360391.3	360.3913
C0100	scaffold_22	258906.25	258.90625
C0100	scaffold_23	319320	319.32
C0100	scaffold_24	300846.15	300.84615
C0100	scaffold_25	310884.62	310.88462
C0100	scaffold_26	246656.25	246.65625
C0100	scaffold_40	256833.33	256.83333
C0100	scaffold_27	347227.27	347.22727
C0100	scaffold_41	292478.26	292.47826
C0100	scaffold_28	372150	372.15
C0100	scaffold_42	335150	335.15
C0100	scaffold_29	278346.15	278.34615
C0100	scaffold_43	305142.86	305.14286
C0100	scaffold_44	226500	226.5
C0100	scaffold_45	273600	273.6
C0100	scaffold_46	277150	277.15
C0100	scaffold_47	323794.12	323.79412
C0100	scaffold_48	270526.32	270.52632
C0100	scaffold_49	332312.5	332.3125
C0100	scaffold_10	279333.33	279.33333
C0100	scaffold_1	264335.77	264.33577
C0100	scaffold_11	293595.24	293.59524
C0100	scaffold_2	300052.63	300.05263
C0100	scaffold_12	326882.35	326.88235
C0100	scaffold_3	273000	273
C0100	scaffold_13	328862.07	328.86207
C0100	scaffold_4	352315.79	352.31579
C0100	scaffold_14	259028.57	259.02857
C0100	scaffold_5	273632.65	273.63265
C0100	scaffold_15	379791.67	379.79167
C0100	scaffold_6	278468.09	278.46809
C0100	scaffold_7	298953.49	298.95349
C0100	scaffold_16	257714.29	257.71429
C0100	scaffold_30	316645.83	316.64583
C0100	scaffold_17	271125	271.125
C0100	scaffold_8	315925	315.925
C0100	scaffold_31	287636.36	287.63636
C0100	scaffold_18	287133.33	287.13333
C0100	scaffold_9	263312.5	263.3125
C0100	scaffold_32	341000	341
C0100	scaffold_19	327730.77	327.73077
C0100	scaffold_33	305291.67	305.29167
C0100	scaffold_34	426750	426.75
C0100	scaffold_35	292500	292.5
C0100	scaffold_36	299760	299.76
C0100	scaffold_50	318466.67	318.46667
C0100	scaffold_37	254923.08	254.92308
C0100	scaffold_51	297875	297.875
C0100	scaffold_38	317318.18	317.31818
C0100	scaffold_39	298913.04	298.91304
C0100	scaffold_52	905666.67	905.66667
X2575	scaffold_25	338285.71	338.28571
X2575	scaffold_16	307058.33	307.05833
X2575	scaffold_8	309303.03	309.30303
X2575	scaffold_26	296193.55	296.19355
X2575	scaffold_17	265623.19	265.62319
X2575	scaffold_9	336461.54	336.46154
X2575	scaffold_27	261156.25	261.15625
X2575	scaffold_18	288145.16	288.14516
X2575	scaffold_28	288225.81	288.22581
X2575	scaffold_19	287355.93	287.35593
X2575	scaffold_1	297742.27	297.74227
X2575	scaffold_10	287527.78	287.52778
X2575	scaffold_2	265735.63	265.73563
X2575	scaffold_20	356541.67	356.54167
X2575	scaffold_11	325762.71	325.76271
X2575	scaffold_3	299960.53	299.96053
X2575	scaffold_21	269661.29	269.66129
X2575	scaffold_12	268385.71	268.38571
X2575	scaffold_4	277400	277.4
X2575	scaffold_22	304355.77	304.35577
X2575	scaffold_13	286220.59	286.22059
X2575	scaffold_5	275666.67	275.66667
X2575	scaffold_23	289962.96	289.96296
X2575	scaffold_14	294907.69	294.90769
X2575	scaffold_6	259040.23	259.04023
X2575	scaffold_24	316256.41	316.25641
X2575	scaffold_15	332910.71	332.91071
X2575	scaffold_7	316231.88	316.23188
X2576	scaffold_25	284288.89	284.28889
X2576	scaffold_16	293393.94	293.39394
X2576	scaffold_8	352661.29	352.66129
X2576	scaffold_26	278243.24	278.24324
X2576	scaffold_17	304688.52	304.68852
X2576	scaffold_9	337818.18	337.81818
X2576	scaffold_27	314125	314.125
X2576	scaffold_18	361958.33	361.95833
X2576	scaffold_28	271766.67	271.76667
X2576	scaffold_19	261363.64	261.36364
X2576	scaffold_1	290490.38	290.49038
X2576	scaffold_10	311686.57	311.68657
X2576	scaffold_2	312413.33	312.41333
X2576	scaffold_20	301086.21	301.08621
X2576	scaffold_11	284473.68	284.47368
X2576	scaffold_3	291654.32	291.65432
X2576	scaffold_21	343479.17	343.47917
X2576	scaffold_12	314000	314
X2576	scaffold_4	291269.23	291.26923
X2576	scaffold_22	309679.25	309.67925
X2576	scaffold_13	302859.38	302.85938
X2576	scaffold_5	306808.22	306.80822
X2576	scaffold_23	301953.12	301.95312
X2576	scaffold_14	304553.85	304.55385
X2576	scaffold_6	282345.68	282.34568
X2576	scaffold_24	370631.58	370.63158
X2576	scaffold_15	296250	296.25
X2576	scaffold_7	264617.98	264.61798
X3252	scaffold_25	376812.5	376.8125
X3252	scaffold_16	385913.04	385.91304
X3252	scaffold_8	327784.62	327.78462
X3252	scaffold_26	447923.08	447.92308
X3252	scaffold_17	399600	399.6
X3252	scaffold_9	340131.15	340.13115
X3252	scaffold_27	339000	339
X3252	scaffold_18	328645.45	328.64545
X3252	scaffold_28	359320	359.32
X3252	scaffold_19	352285.71	352.28571
X3252	scaffold_29	10542000	10542
X3252	scaffold_1	332188.98	332.18898
X3252	scaffold_10	432604.17	432.60417
X3252	scaffold_2	352375	352.375
X3252	scaffold_20	339360	339.36
X3252	scaffold_11	366115.38	366.11538
X3252	scaffold_3	314657.53	314.65753
X3252	scaffold_21	353645.83	353.64583
X3252	scaffold_12	308238.1	308.2381
X3252	scaffold_4	320173.91	320.17391
X3252	scaffold_22	400139.53	400.13953
X3252	scaffold_13	328283.33	328.28333
X3252	scaffold_5	344724.14	344.72414
X3252	scaffold_23	393973.68	393.97368
X3252	scaffold_14	300007.94	300.00794
X3252	scaffold_6	329567.16	329.56716
X3252	scaffold_24	365868.42	365.86842
X3252	scaffold_15	402223.4	402.2234
X3252	scaffold_7	343250	343.25
X3258	scaffold_8	282170.37	282.17037
X3258	scaffold_9	307973.45	307.97345
X3258	scaffold_1	298737.24	298.73724
X3258	scaffold_10	354281.25	354.28125
X3258	scaffold_2	293269.84	293.26984
X3258	scaffold_11	300532.11	300.53211
X3258	scaffold_3	295770.95	295.77095
X3258	scaffold_4	278554.95	278.55495
X3258	scaffold_5	289038.22	289.03822
X3258	scaffold_6	316507.04	316.50704
X3258	scaffold_7	274868.75	274.86875
X3311	scaffold_8	280111.11	280.11111
X3311	scaffold_9	289633.93	289.63393
X3311	scaffold_1	275192.05	275.19205
X3311	scaffold_10	333666.67	333.66667
X3311	scaffold_2	282868.22	282.86822
X3311	scaffold_11	307195.4	307.1954
X3311	scaffold_3	295000	295
X3311	scaffold_12	287366.67	287.36667
X3311	scaffold_4	270969.23	270.96923
X3311	scaffold_13	282756.76	282.75676
X3311	scaffold_5	274460.94	274.46094
X3311	scaffold_14	299530.61	299.53061
X3311	scaffold_6	276879.03	276.87903
X3311	scaffold_7	255559.7	255.5597
X3506	scaffold_16	283136.36	283.13636
X3506	scaffold_8	296397.06	296.39706
X3506	scaffold_17	275677.42	275.67742
X3506	scaffold_9	298373.13	298.37313
X3506	scaffold_18	288328.12	288.32812
X3506	scaffold_19	333788.46	333.78846
X3506	scaffold_1	292335.11	292.33511
X3506	scaffold_10	309059.7	309.0597
X3506	scaffold_2	276651.01	276.65101
X3506	scaffold_20	280803.28	280.80328
X3506	scaffold_11	283014.08	283.01408
X3506	scaffold_3	308918.6	308.9186
X3506	scaffold_21	270317.46	270.31746
X3506	scaffold_12	301676.92	301.67692
X3506	scaffold_4	279134.15	279.13415
X3506	scaffold_22	339307.69	339.30769
X3506	scaffold_13	267842.86	267.84286
X3506	scaffold_5	277144.58	277.14458
X3506	scaffold_23	274836.07	274.83607
X3506	scaffold_14	264208.33	264.20833
X3506	scaffold_6	253136.36	253.13636
X3506	scaffold_24	938333.33	938.33333
X3506	scaffold_15	293353.85	293.35385
X3506	scaffold_7	256265.06	256.26506
X3531	scaffold_8	294221.31	294.22131
X3531	scaffold_9	315045.45	315.04545
X3531	scaffold_1	314953.74	314.95374
X3531	scaffold_10	269274.19	269.27419
X3531	scaffold_2	288688.68	288.68868
X3531	scaffold_3	274424.66	274.42466
X3531	scaffold_4	278305.83	278.30583
X3531	scaffold_5	264669.9	264.6699
X3531	scaffold_6	300627.12	300.62712
X3531	scaffold_7	287515.92	287.51592
X3737	scaffold_8	320539.01	320.53901
X3737	scaffold_9	344970.3	344.9703
X3737	scaffold_1	277026.62	277.02662
X3737	scaffold_10	291862.07	291.86207
X3737	scaffold_2	277212.26	277.21226
X3737	scaffold_3	280552.63	280.55263
X3737	scaffold_4	282688.17	282.68817
X3737	scaffold_5	279011.17	279.01117
X3737	scaffold_6	277218.75	277.21875
X3737	scaffold_7	279686.67	279.68667
Eaethiops	scaffold_16	265064.52	265.06452
Eaethiops	scaffold_8	307333.33	307.33333
Eaethiops	scaffold_17	296142.86	296.14286
Eaethiops	scaffold_9	303276.92	303.27692
Eaethiops	scaffold_18	275915.09	275.91509
Eaethiops	scaffold_19	855000	855
Eaethiops	scaffold_1	328490	328.49
Eaethiops	scaffold_10	284194.03	284.19403
Eaethiops	scaffold_2	320020.2	320.0202
Eaethiops	scaffold_11	273239.44	273.23944
Eaethiops	scaffold_3	304730.77	304.73077
Eaethiops	scaffold_20	288341.27	288.34127
Eaethiops	scaffold_12	308583.33	308.58333
Eaethiops	scaffold_4	294257.43	294.25743
Eaethiops	scaffold_13	312850	312.85
Eaethiops	scaffold_5	292495.05	292.49505
Eaethiops	scaffold_14	342078.43	342.07843
Eaethiops	scaffold_6	310783.13	310.78313
Eaethiops	scaffold_15	263169.23	263.16923
Eaethiops	scaffold_7	319205.13	319.20513
Ealbergana	scaffold_16	450843.75	450.84375
Ealbergana	scaffold_8	532739.13	532.73913
Ealbergana	scaffold_9	444586.96	444.58696
Ealbergana	scaffold_18	668942.31	668.94231
Ealbergana	scaffold_1	488173.91	488.17391
Ealbergana	scaffold_10	394875	394.875
Ealbergana	scaffold_2	584097.22	584.09722
Ealbergana	scaffold_11	514027.03	514.02703
Ealbergana	scaffold_3	400000	400
Ealbergana	scaffold_12	510090.91	510.09091
Ealbergana	scaffold_4	445067.57	445.06757
Ealbergana	scaffold_13	518058.82	518.05882
Ealbergana	scaffold_5	359750	359.75
Ealbergana	scaffold_14	506454.55	506.45455
Ealbergana	scaffold_6	456542.37	456.54237
Ealbergana	scaffold_15	481218.75	481.21875
Ealbergana	scaffold_7	631441.18	631.44118
Ebubastis	scaffold_25	286358.97	286.35897
Ebubastis	scaffold_16	334274.51	334.27451
Ebubastis	scaffold_8	282115.94	282.11594
Ebubastis	scaffold_26	322656.25	322.65625
Ebubastis	scaffold_17	275474.58	275.47458
Ebubastis	scaffold_9	314213.11	314.21311
Ebubastis	scaffold_27	295419.35	295.41935
Ebubastis	scaffold_18	331836.73	331.83673
Ebubastis	scaffold_28	268781.25	268.78125
Ebubastis	scaffold_19	240405.8	240.4058
Ebubastis	scaffold_1	287635.14	287.63514
Ebubastis	scaffold_10	312016.95	312.01695
Ebubastis	scaffold_2	253614.46	253.61446
Ebubastis	scaffold_20	255854.84	255.85484
Ebubastis	scaffold_11	325410.71	325.41071
Ebubastis	scaffold_3	270142.86	270.14286
Ebubastis	scaffold_21	324000	324
Ebubastis	scaffold_12	285453.12	285.45312
Ebubastis	scaffold_4	278946.67	278.94667
Ebubastis	scaffold_30	276786.67	276.78667
Ebubastis	scaffold_22	314645.83	314.64583
Ebubastis	scaffold_13	303982.46	303.98246
Ebubastis	scaffold_5	270269.23	270.26923
Ebubastis	scaffold_23	292280.49	292.28049
Ebubastis	scaffold_14	320037.04	320.03704
Ebubastis	scaffold_6	310587.3	310.5873
Ebubastis	scaffold_24	290423.08	290.42308
Ebubastis	scaffold_15	282112.9	282.1129
Ebubastis	scaffold_7	308142.86	308.14286
Echristi	scaffold_16	286727.27	286.72727
Echristi	scaffold_8	309306.67	309.30667
Echristi	scaffold_17	286213.11	286.21311
Echristi	scaffold_9	263850.57	263.85057
Echristi	scaffold_18	285393.44	285.39344
Echristi	scaffold_19	373543.48	373.54348
Echristi	scaffold_1	300751.82	300.75182
Echristi	scaffold_10	272962.96	272.96296
Echristi	scaffold_2	282160.16	282.16016
Echristi	scaffold_11	325393.94	325.39394
Echristi	scaffold_3	297025.42	297.02542
Echristi	scaffold_20	300712.82	300.71282
Echristi	scaffold_12	303328.57	303.32857
Echristi	scaffold_4	319401.87	319.40187
Echristi	scaffold_13	304898.55	304.89855
Echristi	scaffold_5	323478.49	323.47849
Echristi	scaffold_14	354272.73	354.27273
Echristi	scaffold_6	271367.35	271.36735
Echristi	scaffold_15	323793.1	323.7931
Echristi	scaffold_7	299782.05	299.78205
Edisa	scaffold_25	288681.82	288.68182
Edisa	scaffold_16	340132.08	340.13208
Edisa	scaffold_8	324369.57	324.36957
Edisa	scaffold_26	331354.84	331.35484
Edisa	scaffold_17	292024.19	292.02419
Edisa	scaffold_9	334523.08	334.52308
Edisa	scaffold_27	272529.41	272.52941
Edisa	scaffold_18	318440.68	318.44068
Edisa	scaffold_28	280625	280.625
Edisa	scaffold_19	296903.23	296.90323
Edisa	scaffold_29	259918.37	259.91837
Edisa	scaffold_1	297011.36	297.01136
Edisa	scaffold_10	319742.42	319.74242
Edisa	scaffold_2	290423.53	290.42353
Edisa	scaffold_20	335428.57	335.42857
Edisa	scaffold_11	323075.76	323.07576
Edisa	scaffold_3	314683.54	314.68354
Edisa	scaffold_21	347438.78	347.43878
Edisa	scaffold_12	292128.57	292.12857
Edisa	scaffold_4	311618.42	311.61842
Edisa	scaffold_22	374181.82	374.18182
Edisa	scaffold_13	296666.67	296.66667
Edisa	scaffold_5	289287.5	289.2875
Edisa	scaffold_23	346456.52	346.45652
Edisa	scaffold_14	334423.73	334.42373
Edisa	scaffold_6	311240	311.24
Edisa	scaffold_24	316250	316.25
Edisa	scaffold_15	340681.03	340.68103
Edisa	scaffold_7	353138.46	353.13846
Eembla	scaffold_25	313270.27	313.27027
Eembla	scaffold_16	363000	363
Eembla	scaffold_8	297260.27	297.26027
Eembla	scaffold_26	347242.42	347.24242
Eembla	scaffold_17	352641.51	352.64151
Eembla	scaffold_9	301242.86	301.24286
Eembla	scaffold_27	289093.75	289.09375
Eembla	scaffold_18	304169.49	304.16949
Eembla	scaffold_28	262000	262
Eembla	scaffold_19	258955.22	258.95522
Eembla	scaffold_29	291913.98	291.91398
Eembla	scaffold_1	310101.27	310.10127
Eembla	scaffold_10	298862.32	298.86232
Eembla	scaffold_2	286590.36	286.59036
Eembla	scaffold_20	316894.74	316.89474
Eembla	scaffold_11	274918.92	274.91892
Eembla	scaffold_3	293898.73	293.89873
Eembla	scaffold_21	304089.29	304.08929
Eembla	scaffold_12	292420.29	292.42029
Eembla	scaffold_4	285817.07	285.81707
Eembla	scaffold_22	317884.62	317.88462
Eembla	scaffold_13	304045.45	304.04545
Eembla	scaffold_5	320571.43	320.57143
Eembla	scaffold_23	367690.48	367.69048
Eembla	scaffold_14	324311.48	324.31148
Eembla	scaffold_6	343317.46	343.31746
Eembla	scaffold_24	303238.1	303.2381
Eembla	scaffold_15	331103.45	331.10345
Eembla	scaffold_7	324757.35	324.75735
Eepiphron	scaffold_8	264541.67	264.54167
Eepiphron	scaffold_16	272816.83	272.81683
Eepiphron	scaffold_9	284807.23	284.80723
Eepiphron	scaffold_1	309779.66	309.77966
Eepiphron	scaffold_10	284066.67	284.06667
Eepiphron	scaffold_2	316333.33	316.33333
Eepiphron	scaffold_11	285025.97	285.02597
Eepiphron	scaffold_3	286185.43	286.18543
Eepiphron	scaffold_12	310261.54	310.26154
Eepiphron	scaffold_4	300763.78	300.76378
Eepiphron	scaffold_13	325178.57	325.17857
Eepiphron	scaffold_5	298336.21	298.33621
Eepiphron	scaffold_14	275074.63	275.07463
Eepiphron	scaffold_6	307087.38	307.08738
Eepiphron	scaffold_15	281907.69	281.90769
Eepiphron	scaffold_7	301010.42	301.01042
Eeriphyle	scaffold_25	248988.64	248.98864
Eeriphyle	scaffold_16	281800	281.8
Eeriphyle	scaffold_8	309237.7	309.2377
Eeriphyle	scaffold_26	322451.61	322.45161
Eeriphyle	scaffold_17	336375	336.375
Eeriphyle	scaffold_9	285539.68	285.53968
Eeriphyle	scaffold_27	261060.61	261.06061
Eeriphyle	scaffold_18	288054.55	288.05455
Eeriphyle	scaffold_28	268363.64	268.36364
Eeriphyle	scaffold_19	315137.25	315.13725
Eeriphyle	scaffold_1	278987.01	278.98701
Eeriphyle	scaffold_10	305677.97	305.67797
Eeriphyle	scaffold_2	255350	255.35
Eeriphyle	scaffold_20	256935.48	256.93548
Eeriphyle	scaffold_11	278671.88	278.67188
Eeriphyle	scaffold_3	262417.72	262.41772
Eeriphyle	scaffold_21	299442.31	299.44231
Eeriphyle	scaffold_12	283098.36	283.09836
Eeriphyle	scaffold_4	262260	262.26
Eeriphyle	scaffold_30	263627.91	263.62791
Eeriphyle	scaffold_22	294060	294.06
Eeriphyle	scaffold_13	266373.13	266.37313
Eeriphyle	scaffold_5	268786.67	268.78667
Eeriphyle	scaffold_23	363696.97	363.69697
Eeriphyle	scaffold_14	267681.82	267.68182
Eeriphyle	scaffold_6	291181.82	291.18182
Eeriphyle	scaffold_24	299076.92	299.07692
Eeriphyle	scaffold_15	311727.27	311.72727
Eeriphyle	scaffold_7	305015.87	305.01587
Eflavofasciata	scaffold_16	296206.35	296.20635
Eflavofasciata	scaffold_8	271029.76	271.02976
Eflavofasciata	scaffold_17	280076.92	280.07692
Eflavofasciata	scaffold_9	273857.14	273.85714
Eflavofasciata	scaffold_18	333088.24	333.08824
Eflavofasciata	scaffold_19	294245.61	294.24561
Eflavofasciata	scaffold_1	278695.36	278.69536
Eflavofasciata	scaffold_10	300680.56	300.68056
Eflavofasciata	scaffold_2	314701.06	314.70106
Eflavofasciata	scaffold_20	282622.95	282.62295
Eflavofasciata	scaffold_11	343557.38	343.55738
Eflavofasciata	scaffold_3	358434.78	358.43478
Eflavofasciata	scaffold_12	290575.34	290.57534
Eflavofasciata	scaffold_4	480283.33	480.28333
Eflavofasciata	scaffold_13	283861.11	283.86111
Eflavofasciata	scaffold_5	304460.87	304.46087
Eflavofasciata	scaffold_14	293914.29	293.91429
Eflavofasciata	scaffold_6	286201.92	286.20192
Eflavofasciata	scaffold_15	324428.57	324.42857
Eflavofasciata	scaffold_7	304175.68	304.17568
Egorge	scaffold_16	337777.78	337.77778
Egorge	scaffold_8	282913.04	282.91304
Egorge	scaffold_17	292071.43	292.07143
Egorge	scaffold_9	287907.69	287.90769
Egorge	scaffold_18	242718.75	242.71875
Egorge	scaffold_19	642750	642.75
Egorge	scaffold_1	290209.68	290.20968
Egorge	scaffold_10	273924.24	273.92424
Egorge	scaffold_2	297516.95	297.51695
Egorge	scaffold_11	298433.33	298.43333
Egorge	scaffold_3	289418.03	289.41803
Egorge	scaffold_12	285850	285.85
Egorge	scaffold_4	323215.69	323.21569
Egorge	scaffold_21	272378.38	272.37838
Egorge	scaffold_13	297350.88	297.35088
Egorge	scaffold_5	272512.82	272.51282
Egorge	scaffold_14	269666.67	269.66667
Egorge	scaffold_6	267663.72	267.66372
Egorge	scaffold_15	247447.76	247.44776
Egorge	scaffold_7	288684.78	288.68478
Eligea	scaffold_25	276000	276
Eligea	scaffold_16	344957.45	344.95745
Eligea	scaffold_8	330465.52	330.46552
Eligea	scaffold_26	305741.94	305.74194
Eligea	scaffold_17	285210.53	285.21053
Eligea	scaffold_9	318183.33	318.18333
Eligea	scaffold_27	325730.77	325.73077
Eligea	scaffold_18	295000	295
Eligea	scaffold_28	328021.74	328.02174
Eligea	scaffold_19	261459.02	261.45902
Eligea	scaffold_29	245541.18	245.54118
Eligea	scaffold_1	295931.51	295.93151
Eligea	scaffold_10	276764.71	276.76471
Eligea	scaffold_2	272481.01	272.48101
Eligea	scaffold_20	291814.81	291.81481
Eligea	scaffold_11	288921.88	288.92188
Eligea	scaffold_3	327530.3	327.5303
Eligea	scaffold_21	343909.09	343.90909
Eligea	scaffold_12	346431.37	346.43137
Eligea	scaffold_4	300652.17	300.65217
Eligea	scaffold_22	328355.56	328.35556
Eligea	scaffold_13	314561.4	314.5614
Eligea	scaffold_5	342293.1	342.2931
Eligea	scaffold_23	322111.11	322.11111
Eligea	scaffold_14	290080.65	290.08065
Eligea	scaffold_6	293388.06	293.38806
Eligea	scaffold_24	327833.33	327.83333
Eligea	scaffold_15	260544.12	260.54412
Eligea	scaffold_7	296060.61	296.06061
Emanto	scaffold_25	283750	283.75
Emanto	scaffold_16	318648.15	318.64815
Emanto	scaffold_8	328637.93	328.63793
Emanto	scaffold_26	321000	321
Emanto	scaffold_17	332195.65	332.19565
Emanto	scaffold_9	294140.62	294.14062
Emanto	scaffold_27	277060.61	277.06061
Emanto	scaffold_18	257603.17	257.60317
Emanto	scaffold_28	306379.31	306.37931
Emanto	scaffold_19	301814.81	301.81481
Emanto	scaffold_29	258686.75	258.68675
Emanto	scaffold_1	288202.7	288.2027
Emanto	scaffold_10	305278.69	305.27869
Emanto	scaffold_2	267250	267.25
Emanto	scaffold_20	299574.07	299.57407
Emanto	scaffold_11	288093.75	288.09375
Emanto	scaffold_3	273723.68	273.72368
Emanto	scaffold_21	310700	310.7
Emanto	scaffold_12	318245.61	318.24561
Emanto	scaffold_4	302057.14	302.05714
Emanto	scaffold_22	310040.82	310.04082
Emanto	scaffold_13	278718.75	278.71875
Emanto	scaffold_5	265756.41	265.75641
Emanto	scaffold_23	324131.58	324.13158
Emanto	scaffold_14	311982.14	311.98214
Emanto	scaffold_6	307781.25	307.78125
Emanto	scaffold_24	304918.92	304.91892
Emanto	scaffold_15	336423.08	336.42308
Emanto	scaffold_7	296153.85	296.15385
Emedusa	scaffold_8	295576.27	295.57627
Emedusa	scaffold_9	289689.66	289.68966
Emedusa	scaffold_1	283624.47	283.62447
Emedusa	scaffold_10	283885	283.885
Emedusa	scaffold_2	286928.93	286.92893
Emedusa	scaffold_3	291557.05	291.55705
Emedusa	scaffold_11	304500	304.5
Emedusa	scaffold_4	317028.57	317.02857
Emedusa	scaffold_12	282289.34	282.28934
Emedusa	scaffold_5	326767.24	326.76724
Emedusa	scaffold_6	316872.73	316.87273
Emedusa	scaffold_7	341284.31	341.28431
Emelampus	scaffold_16	275233.33	275.23333
Emelampus	scaffold_8	259866.67	259.86667
Emelampus	scaffold_17	295854.55	295.85455
Emelampus	scaffold_9	274485.71	274.48571
Emelampus	scaffold_18	273263.16	273.26316
Emelampus	scaffold_19	314313.73	314.31373
Emelampus	scaffold_1	294093.22	294.09322
Emelampus	scaffold_10	275985.51	275.98551
Emelampus	scaffold_2	284280.7	284.2807
Emelampus	scaffold_11	254693.33	254.69333
Emelampus	scaffold_3	286070.8	286.0708
Emelampus	scaffold_12	319140.35	319.14035
Emelampus	scaffold_4	303942.53	303.94253
Emelampus	scaffold_21	289316.77	289.31677
Emelampus	scaffold_13	304224.14	304.22414
Emelampus	scaffold_5	331756.41	331.75641
Emelampus	scaffold_14	269333.33	269.33333
Emelampus	scaffold_6	290148.65	290.14865
Emelampus	scaffold_15	307716.98	307.71698
Emelampus	scaffold_7	283228.57	283.22857
Emelancholica	scaffold_16	340571.43	340.57143
Emelancholica	scaffold_8	356944.44	356.94444
Emelancholica	scaffold_17	320958.33	320.95833
Emelancholica	scaffold_9	307459.02	307.45902
Emelancholica	scaffold_18	313803.92	313.80392
Emelancholica	scaffold_19	289263.16	289.26316
Emelancholica	scaffold_1	300196.88	300.19688
Emelancholica	scaffold_10	294476.19	294.47619
Emelancholica	scaffold_2	277330.65	277.33065
Emelancholica	scaffold_20	270827.59	270.82759
Emelancholica	scaffold_11	306573.77	306.57377
Emelancholica	scaffold_3	304061.73	304.06173
Emelancholica	scaffold_21	284629.63	284.62963
Emelancholica	scaffold_12	275651.52	275.65152
Emelancholica	scaffold_4	261615.38	261.61538
Emelancholica	scaffold_13	313339.29	313.33929
Emelancholica	scaffold_5	249927.71	249.92771
Emelancholica	scaffold_14	274968.25	274.96825
Emelancholica	scaffold_6	277917.81	277.91781
Emelancholica	scaffold_23	278872.18	278.87218
Emelancholica	scaffold_15	251115.94	251.11594
Emelancholica	scaffold_7	295477.61	295.47761
Emeolans	scaffold_8	298245.28	298.24528
Emeolans	scaffold_9	286308.41	286.30841
Emeolans	scaffold_1	302494.62	302.49462
Emeolans	scaffold_10	284483.52	284.48352
Emeolans	scaffold_2	273321.17	273.32117
Emeolans	scaffold_11	307357.14	307.35714
Emeolans	scaffold_3	287705.43	287.70543
Emeolans	scaffold_12	307257.14	307.25714
Emeolans	scaffold_4	277603.05	277.60305
Emeolans	scaffold_13	289554.79	289.55479
Emeolans	scaffold_5	306440.68	306.44068
Emeolans	scaffold_6	311803.57	311.80357
Emeolans	scaffold_7	364912.09	364.91209
Emeolans	scaffold_15	286403.1	286.4031
Emnestra	scaffold_8	270061.4	270.0614
Emnestra	scaffold_9	265184.21	265.18421
Emnestra	scaffold_1	257722.66	257.72266
Emnestra	scaffold_10	312523.81	312.52381
Emnestra	scaffold_2	311275.64	311.27564
Emnestra	scaffold_11	281871.43	281.87143
Emnestra	scaffold_3	274635.14	274.63514
Emnestra	scaffold_12	305000	305
Emnestra	scaffold_4	286350.36	286.35036
Emnestra	scaffold_5	293805.08	293.80508
Emnestra	scaffold_6	271363.64	271.36364
Emnestra	scaffold_7	267169.49	267.16949
Emontana	scaffold_16	319254.24	319.25424
Emontana	scaffold_8	311661.97	311.66197
Emontana	scaffold_17	350038.46	350.03846
Emontana	scaffold_9	359898.31	359.89831
Emontana	scaffold_18	298225.81	298.22581
Emontana	scaffold_19	378531.91	378.53191
Emontana	scaffold_1	306265.54	306.26554
Emontana	scaffold_10	339616.67	339.61667
Emontana	scaffold_2	296314.69	296.31469
Emontana	scaffold_20	273604.84	273.60484
Emontana	scaffold_11	292514.29	292.51429
Emontana	scaffold_3	319214.29	319.21429
Emontana	scaffold_21	286400	286.4
Emontana	scaffold_12	318554.69	318.55469
Emontana	scaffold_22	303637.93	303.63793
Emontana	scaffold_13	339288.14	339.28814
Emontana	scaffold_5	285737.18	285.73718
Emontana	scaffold_23	322111.11	322.11111
Emontana	scaffold_14	287286.76	287.28676
Emontana	scaffold_6	279256.41	279.25641
Emontana	scaffold_15	294000	294
Emontana	scaffold_7	283177.22	283.17722
Epalarica	scaffold_8	295163.64	295.16364
Epalarica	scaffold_9	273684.21	273.68421
Epalarica	scaffold_1	288885.17	288.88517
Epalarica	scaffold_10	306701.15	306.70115
Epalarica	scaffold_2	275957.14	275.95714
Epalarica	scaffold_11	306709.3	306.7093
Epalarica	scaffold_3	294255.81	294.25581
Epalarica	scaffold_12	290547.3	290.5473
Epalarica	scaffold_4	261763.7	261.7637
Epalarica	scaffold_13	277954.55	277.95455
Epalarica	scaffold_5	297039.37	297.03937
Epalarica	scaffold_6	328796.46	328.79646
Epalarica	scaffold_14	257054.79	257.05479
Epalarica	scaffold_7	328500	328.5
Epharte	scaffold_16	417382.98	417.38298
Epharte	scaffold_8	385000	385
Epharte	scaffold_17	456862.5	456.8625
Epharte	scaffold_9	474716.98	474.71698
Epharte	scaffold_18	396895.83	396.89583
Epharte	scaffold_19	961333.33	961.33333
Epharte	scaffold_1	463559.63	463.55963
Epharte	scaffold_10	635424.24	635.42424
Epharte	scaffold_2	412705.36	412.70536
Epharte	scaffold_11	418777.78	418.77778
Epharte	scaffold_20	655791.04	655.79104
Epharte	scaffold_3	535311.76	535.31176
Epharte	scaffold_12	452940	452.94
Epharte	scaffold_4	499931.82	499.93182
Epharte	scaffold_13	436420	436.42
Epharte	scaffold_5	496681.16	496.68116
Epharte	scaffold_14	490386.36	490.38636
Epharte	scaffold_6	516905.17	516.90517
Epharte	scaffold_15	395370.37	395.37037
Epharte	scaffold_7	491950.82	491.95082
Epronoe	scaffold_16	466216.22	466.21622
Epronoe	scaffold_8	381532.26	381.53226
Epronoe	scaffold_17	347895.83	347.89583
Epronoe	scaffold_9	359644.07	359.64407
Epronoe	scaffold_18	453418.92	453.41892
Epronoe	scaffold_19	420756.76	420.75676
Epronoe	scaffold_1	497098.9	497.0989
Epronoe	scaffold_10	407960	407.96
Epronoe	scaffold_20	381051.28	381.05128
Epronoe	scaffold_11	431872.34	431.87234
Epronoe	scaffold_3	452474.03	452.47403
Epronoe	scaffold_12	446666.67	446.66667
Epronoe	scaffold_21	572419.35	572.41935
Epronoe	scaffold_13	402244.9	402.2449
Epronoe	scaffold_5	406164.56	406.16456
Epronoe	scaffold_14	540777.78	540.77778
Epronoe	scaffold_6	461881.36	461.88136
Epronoe	scaffold_15	486671.05	486.67105
Epronoe	scaffold_7	528660.38	528.66038
Erondoui	scaffold_16	309658.33	309.65833
Erondoui	scaffold_8	290653.85	290.65385
Erondoui	scaffold_17	333777.78	333.77778
Erondoui	scaffold_9	303239.44	303.23944
Erondoui	scaffold_18	353288.46	353.28846
Erondoui	scaffold_19	316771.93	316.77193
Erondoui	scaffold_1	364302.75	364.30275
Erondoui	scaffold_10	293159.72	293.15972
Erondoui	scaffold_2	289680.85	289.68085
Erondoui	scaffold_20	273984.62	273.98462
Erondoui	scaffold_11	326531.25	326.53125
Erondoui	scaffold_3	348233.77	348.23377
Erondoui	scaffold_21	315384.62	315.38462
Erondoui	scaffold_4	338315.79	338.31579
Erondoui	scaffold_12	313276.92	313.27692
Erondoui	scaffold_22	328260	328.26
Erondoui	scaffold_13	287746.48	287.74648
Erondoui	scaffold_5	316560.98	316.56098
Erondoui	scaffold_23	339000	339
Erondoui	scaffold_14	325059.32	325.05932
Erondoui	scaffold_6	290397.44	290.39744
Erondoui	scaffold_24	307686.27	307.68627
Erondoui	scaffold_15	295609.38	295.60938
Erondoui	scaffold_7	292320.51	292.32051
Estirius	scaffold_16	262294.12	262.29412
Estirius	scaffold_8	281441.56	281.44156
Estirius	scaffold_17	298228.07	298.22807
Estirius	scaffold_9	329426.23	329.42623
Estirius	scaffold_18	348142.86	348.14286
Estirius	scaffold_19	306000	306
Estirius	scaffold_1	273010.58	273.01058
Estirius	scaffold_10	287956.52	287.95652
Estirius	scaffold_2	271053.03	271.05303
Estirius	scaffold_20	276305.08	276.30508
Estirius	scaffold_11	316868.85	316.86885
Estirius	scaffold_3	301491.23	301.49123
Estirius	scaffold_12	279380.28	279.38028
Estirius	scaffold_4	297375	297.375
Estirius	scaffold_21	284347.22	284.34722
Estirius	scaffold_13	291626.87	291.62687
Estirius	scaffold_5	291600	291.6
Estirius	scaffold_14	295540.98	295.54098
Estirius	scaffold_6	289065.79	289.06579
Estirius	scaffold_15	270776.12	270.77612
Estirius	scaffold_7	265987.5	265.9875
Esudetica	scaffold_16	293379.31	293.37931
Esudetica	scaffold_8	256133.33	256.13333
Esudetica	scaffold_17	288655.17	288.65517
Esudetica	scaffold_9	299681.82	299.68182
Esudetica	scaffold_18	328224.49	328.22449
Esudetica	scaffold_19	261866.67	261.86667
Esudetica	scaffold_1	274216	274.216
Esudetica	scaffold_10	280414.29	280.41429
Esudetica	scaffold_2	294875	294.875
Esudetica	scaffold_11	261286.67	261.28667
Esudetica	scaffold_3	291875	291.875
Esudetica	scaffold_12	320892.86	320.89286
Esudetica	scaffold_4	314035.29	314.03529
Esudetica	scaffold_21	294232.7	294.2327
Esudetica	scaffold_13	286112.9	286.1129
Esudetica	scaffold_5	323654.32	323.65432
Esudetica	scaffold_14	254411.76	254.41176
Esudetica	scaffold_6	284386.67	284.38667
Esudetica	scaffold_15	297017.54	297.01754
Esudetica	scaffold_7	263605.26	263.60526
Etriaria	scaffold_16	285238.81	285.23881
Etriaria	scaffold_8	280577.59	280.57759
Etriaria	scaffold_9	283429.91	283.42991
Etriaria	scaffold_1	297715.28	297.71528
Etriaria	scaffold_10	283937.5	283.9375
Etriaria	scaffold_2	304484.13	304.48413
Etriaria	scaffold_11	297100	297.1
Etriaria	scaffold_3	299838.71	299.83871
Etriaria	scaffold_4	305231.48	305.23148
Etriaria	scaffold_12	290444.44	290.44444
Etriaria	scaffold_13	295703.12	295.70312
Etriaria	scaffold_5	314486.24	314.48624
Etriaria	scaffold_14	268861.11	268.86111
Etriaria	scaffold_6	280210.08	280.21008
Etriaria	scaffold_15	242076.92	242.07692
Etriaria	scaffold_7	309886.79	309.88679
