species	chrom	avg_slope_loglog
C0001	scaffold_1	-0.8619041070205948
C0001	scaffold_10	-0.749825709901538
C0001	scaffold_11	-0.6438202074412797
C0001	scaffold_12	-0.679774199543166
C0001	scaffold_13	-0.6867596947782141
C0001	scaffold_14	-0.6492448123400407
C0001	scaffold_15	-0.5616728190792541
C0001	scaffold_16	-0.5923433622111363
C0001	scaffold_17	-0.5731922605967613
C0001	scaffold_18	-0.5742764771742201
C0001	scaffold_19	-0.533856885571305
C0001	scaffold_2	-0.7745863046634265
C0001	scaffold_3	-0.9340481765772954
C0001	scaffold_4	-0.771678921619609
C0001	scaffold_5	-0.8511469148804829
C0001	scaffold_6	-0.7823235935961929
C0001	scaffold_7	-0.7937384859740898
C0001	scaffold_8	-0.8360147240516707
C0001	scaffold_9	-0.6812053689797274
C0055	scaffold_1	-0.9356734778812289
C0055	scaffold_10	-0.471023799956285
C0055	scaffold_11	-0.3871639634115322
C0055	scaffold_12	-0.3920136196179186
C0055	scaffold_13	-0.3936520796229905
C0055	scaffold_14	-0.32844965110107704
C0055	scaffold_15	-0.36540637888003175
C0055	scaffold_16	-0.38781837820863324
C0055	scaffold_17	-0.4837419136171298
C0055	scaffold_18	-0.5582689234969778
C0055	scaffold_19	-0.4331445131743018
C0055	scaffold_2	-1.1982318827793397
C0055	scaffold_20	-0.305779219137684
C0055	scaffold_21	-0.38471615381113816
C0055	scaffold_22	-0.5853971857655315
C0055	scaffold_23	-0.3359898583079607
C0055	scaffold_24	-0.6216283481495497
C0055	scaffold_25	-0.4553462840247106
C0055	scaffold_26	-0.21034813866180543
C0055	scaffold_27	-0.3610083493170692
C0055	scaffold_28	-0.549065793795998
C0055	scaffold_29	-0.40356534339290134
C0055	scaffold_3	-0.6540279743397719
C0055	scaffold_30	-0.47003621235948057
C0055	scaffold_31	-0.3312292928151847
C0055	scaffold_32	-0.6892466415565827
C0055	scaffold_33	-0.2842180288377195
C0055	scaffold_34	-0.3718069068927181
C0055	scaffold_35	-0.2082303002288828
C0055	scaffold_36	-0.36487875587518964
C0055	scaffold_37	-0.4761177501026462
C0055	scaffold_38	-0.3040880030590983
C0055	scaffold_39	-0.3896831466329635
C0055	scaffold_4	-0.6611729747067963
C0055	scaffold_40	-0.163012809249802
C0055	scaffold_5	-0.7523835450318613
C0055	scaffold_6	-0.5652897684335237
C0055	scaffold_7	-0.4216005567530573
C0055	scaffold_8	-0.7960344932285128
C0055	scaffold_9	-0.49765316627376177
C0080	scaffold_1	-1.0540707760388426
C0080	scaffold_2	-1.0579692585564007
C0080	scaffold_3	-1.0403523653444473
C0080	scaffold_4	-1.1118806973970676
C0080	scaffold_5	-1.170309059725316
C0080	scaffold_6	-1.0372962508085641
C0080	scaffold_7	-1.098694202629115
C0080	scaffold_8	-1.1116062024571667
C0080	scaffold_9	1.3859906559187383
C0100	scaffold_1	-0.851608676614118
C0100	scaffold_10	-0.33238102754009835
C0100	scaffold_11	-0.48881523328229237
C0100	scaffold_12	-0.30341934268868986
C0100	scaffold_13	-0.2515035727974055
C0100	scaffold_14	-0.35081100376866386
C0100	scaffold_15	0.0896420294965984
C0100	scaffold_16	-0.2420138792376443
C0100	scaffold_17	-0.3266174217124712
C0100	scaffold_18	-0.2392011621958016
C0100	scaffold_19	-0.15639192043787295
C0100	scaffold_2	-0.6342063367195604
C0100	scaffold_20	-0.14139213507868148
C0100	scaffold_21	-0.3413679426621758
C0100	scaffold_22	-0.36440171984741987
C0100	scaffold_23	-0.3403873362904961
C0100	scaffold_24	-0.41349733443696735
C0100	scaffold_25	-0.08591243799708875
C0100	scaffold_26	-0.21008050928811253
C0100	scaffold_27	-0.38925263461702947
C0100	scaffold_28	-0.3369022568531906
C0100	scaffold_29	-0.4403823645985208
C0100	scaffold_3	-0.47443963273366624
C0100	scaffold_30	-0.30229317086273455
C0100	scaffold_31	-1.0604289559585511
C0100	scaffold_32	-0.616263564710336
C0100	scaffold_33	-0.12500849132787709
C0100	scaffold_34	-0.14959027517637505
C0100	scaffold_35	-0.48978439512322397
C0100	scaffold_36	-0.3258517516792684
C0100	scaffold_37	-0.16044447753794033
C0100	scaffold_38	-0.4188519936677494
C0100	scaffold_39	-0.18486135641199783
C0100	scaffold_4	-0.48622379849300273
C0100	scaffold_40	-0.3268960583379386
C0100	scaffold_41	-0.525042832820309
C0100	scaffold_42	-0.23698011795257232
C0100	scaffold_43	-0.3386878054266418
C0100	scaffold_44	-0.24656007421745768
C0100	scaffold_45	-0.33014238304937005
C0100	scaffold_46	-0.27894739344087277
C0100	scaffold_47	-0.3818156629023407
C0100	scaffold_48	-0.22225601317237642
C0100	scaffold_49	-0.28657185358073095
C0100	scaffold_5	-0.43106947770469023
C0100	scaffold_50	-0.22823595394443927
C0100	scaffold_51	0.056411366292918576
C0100	scaffold_52	-3.116248230625761
C0100	scaffold_6	-0.5699160768748207
C0100	scaffold_7	-0.3820344506245822
C0100	scaffold_8	-0.44162301171874113
C0100	scaffold_9	-0.4475207558148928
X2575	scaffold_1	-0.6053908042250288
X2575	scaffold_10	-0.5552241295389989
X2575	scaffold_11	-0.5412586357798354
X2575	scaffold_12	-0.5143364086590406
X2575	scaffold_13	-0.4986991413311785
X2575	scaffold_14	-0.44252731096366743
X2575	scaffold_15	-0.4876167119395454
X2575	scaffold_16	-0.46956028663985766
X2575	scaffold_17	-0.5584158456241626
X2575	scaffold_18	-0.387557950844824
X2575	scaffold_19	-0.4277190866195557
X2575	scaffold_2	-0.6172837527081615
X2575	scaffold_20	-0.3587853242066759
X2575	scaffold_21	-0.4706634420649491
X2575	scaffold_22	-0.3724100388467521
X2575	scaffold_23	-0.3213300458265063
X2575	scaffold_24	-0.48439449135849755
X2575	scaffold_25	-0.29690908528739557
X2575	scaffold_26	-0.30052120838943064
X2575	scaffold_27	-0.2567628537723378
X2575	scaffold_28	-0.18129797525220506
X2575	scaffold_3	-0.5353230959537018
X2575	scaffold_4	-0.5765065309520008
X2575	scaffold_5	-0.5164737471251014
X2575	scaffold_6	-0.49820206706364467
X2575	scaffold_7	-0.5453474797765284
X2575	scaffold_8	-0.5156492666863524
X2575	scaffold_9	-0.5520875225373401
X2576	scaffold_1	-0.6488834180872609
X2576	scaffold_10	-0.5342933099179932
X2576	scaffold_11	-0.5945430403127626
X2576	scaffold_12	-0.4882619983453232
X2576	scaffold_13	-0.4985455085945731
X2576	scaffold_14	-0.5457730018881586
X2576	scaffold_15	-0.5587950107287555
X2576	scaffold_16	-0.5639535494731298
X2576	scaffold_17	-0.4395846825484237
X2576	scaffold_18	-0.4059814170512172
X2576	scaffold_19	-0.5366720699684218
X2576	scaffold_2	-0.5841253831331269
X2576	scaffold_20	-0.47047459257081103
X2576	scaffold_21	-0.39606155597247805
X2576	scaffold_22	-0.4072187633883642
X2576	scaffold_23	-0.5144009902301713
X2576	scaffold_24	-0.4894537654315455
X2576	scaffold_25	-0.26168388586419006
X2576	scaffold_26	-0.3891836804783493
X2576	scaffold_27	-0.2836366780620816
X2576	scaffold_28	-0.3461732051253717
X2576	scaffold_3	-0.5675792401142825
X2576	scaffold_4	-0.6085760328889008
X2576	scaffold_5	-0.5720720107670226
X2576	scaffold_6	-0.603823600804119
X2576	scaffold_7	-0.5539541790470087
X2576	scaffold_8	-0.5815451738023251
X2576	scaffold_9	-0.44153100945713825
X3252	scaffold_1	-0.6323081155059297
X3252	scaffold_10	-0.4013743546427228
X3252	scaffold_11	-0.38417246623335277
X3252	scaffold_12	-0.41665848234158664
X3252	scaffold_13	-0.40387656706742714
X3252	scaffold_14	-0.40082421074164126
X3252	scaffold_15	-0.37817697107698905
X3252	scaffold_16	-0.3159815502916699
X3252	scaffold_17	-0.3064431520828176
X3252	scaffold_18	-0.373899681518555
X3252	scaffold_19	-0.30514125209686094
X3252	scaffold_2	-0.46641462747608037
X3252	scaffold_20	-0.39057404806338797
X3252	scaffold_21	-0.3555545139766074
X3252	scaffold_22	-0.39529020616307675
X3252	scaffold_23	-0.3842217593853378
X3252	scaffold_24	-0.20420185705337476
X3252	scaffold_25	-0.271153334001152
X3252	scaffold_26	-0.3072000341110579
X3252	scaffold_27	-0.16153462743054198
X3252	scaffold_28	-0.19688069884781165
X3252	scaffold_29	-2.4929932006147175
X3252	scaffold_3	-0.5174724210297179
X3252	scaffold_4	-0.43603093970605283
X3252	scaffold_5	-0.4084813701718792
X3252	scaffold_6	-0.49279989173550814
X3252	scaffold_7	-0.4731513644017682
X3252	scaffold_8	-0.4634973840280462
X3252	scaffold_9	-0.4164891737809267
X3258	scaffold_1	-0.8432323874766726
X3258	scaffold_10	-0.8572312827001252
X3258	scaffold_11	-0.7852745078051302
X3258	scaffold_2	-0.8432370596912736
X3258	scaffold_3	-0.7958826672497336
X3258	scaffold_4	-0.8135051357645315
X3258	scaffold_5	-0.8445238089474418
X3258	scaffold_6	-0.7698513030890121
X3258	scaffold_7	-0.8920890276684699
X3258	scaffold_8	-0.8239671368588699
X3258	scaffold_9	-0.7933702926971503
X3311	scaffold_1	-0.8193354471381912
X3311	scaffold_10	-0.7475059788921745
X3311	scaffold_11	-0.8321028964240238
X3311	scaffold_12	-0.8085433698058222
X3311	scaffold_13	-0.5986048426524581
X3311	scaffold_14	-0.4979093954880423
X3311	scaffold_2	-0.8270619480418383
X3311	scaffold_3	-0.8349758339706013
X3311	scaffold_4	-0.7842662285962204
X3311	scaffold_5	-0.8333030181478328
X3311	scaffold_6	-0.7566837305048678
X3311	scaffold_7	-0.7855680393929821
X3311	scaffold_8	-0.8133506000285291
X3311	scaffold_9	-0.749664827161836
X3506	scaffold_1	-0.8471781985184745
X3506	scaffold_10	-0.6589846934912188
X3506	scaffold_11	-0.5672679582052575
X3506	scaffold_12	-0.7145072304712918
X3506	scaffold_13	-0.6577897350197758
X3506	scaffold_14	-0.5841475105489321
X3506	scaffold_15	-0.6235620319385596
X3506	scaffold_16	-0.5389644899471429
X3506	scaffold_17	-0.6101421635065196
X3506	scaffold_18	-0.5272470829103105
X3506	scaffold_19	-0.45839126322037815
X3506	scaffold_2	-0.8283216794313466
X3506	scaffold_20	-0.6353942761357226
X3506	scaffold_21	-0.5772043438866099
X3506	scaffold_22	-0.5017244520015156
X3506	scaffold_23	-0.5333600246639202
X3506	scaffold_24	5.365859219165318
X3506	scaffold_3	-0.6804322218999749
X3506	scaffold_4	-0.8138313570479297
X3506	scaffold_5	-0.6776173314965879
X3506	scaffold_6	-0.7259139568963696
X3506	scaffold_7	-0.6537159613464609
X3506	scaffold_8	-0.5730191348770343
X3506	scaffold_9	-0.7219815333158346
X3531	scaffold_1	-0.9495552243823756
X3531	scaffold_10	-0.8380819463585062
X3531	scaffold_2	-0.9889958697885193
X3531	scaffold_3	-1.0123708570754006
X3531	scaffold_4	-0.8438820341234196
X3531	scaffold_5	-0.8722437370323235
X3531	scaffold_6	-0.8943679560629099
X3531	scaffold_7	-0.9342723287904396
X3531	scaffold_8	-0.8229890593298907
X3531	scaffold_9	-0.9236262193556786
X3737	scaffold_1	-0.950162002479021
X3737	scaffold_10	-0.8944883793311192
X3737	scaffold_2	-1.026850843257994
X3737	scaffold_3	-0.9649864809015298
X3737	scaffold_4	-0.9324586496842309
X3737	scaffold_5	-0.9433110260278537
X3737	scaffold_6	-0.9794315634035157
X3737	scaffold_7	-1.0202665350567395
X3737	scaffold_8	-0.8781788265682104
X3737	scaffold_9	-0.9828619926193675
Eaethiops	scaffold_1	-0.5889762483094746
Eaethiops	scaffold_10	-0.5439791835904146
Eaethiops	scaffold_11	-0.6229466195193396
Eaethiops	scaffold_12	-0.5422498983912434
Eaethiops	scaffold_13	-0.5062275185886639
Eaethiops	scaffold_14	-0.4304550042296762
Eaethiops	scaffold_15	-0.5445418959293685
Eaethiops	scaffold_16	-0.4440918574186564
Eaethiops	scaffold_17	-0.39025401954682015
Eaethiops	scaffold_18	-0.7195143983003615
Eaethiops	scaffold_19	-0.8407479579538037
Eaethiops	scaffold_2	-0.6127728987748104
Eaethiops	scaffold_20	-0.6582650728069324
Eaethiops	scaffold_3	-0.6005734127493472
Eaethiops	scaffold_4	-0.6438214840033064
Eaethiops	scaffold_5	-0.7826283784906184
Eaethiops	scaffold_6	-0.6062947984580743
Eaethiops	scaffold_7	-0.6486463085014039
Eaethiops	scaffold_8	-0.6554521237690012
Eaethiops	scaffold_9	-0.5327081789434316
Ealbergana	scaffold_1	-1.2052774648885065
Ealbergana	scaffold_10	-0.9786838434517326
Ealbergana	scaffold_11	-0.9937218811476365
Ealbergana	scaffold_12	-1.0340913619195704
Ealbergana	scaffold_13	-0.9793404951664948
Ealbergana	scaffold_14	-0.834389704407925
Ealbergana	scaffold_15	-0.7036305165762653
Ealbergana	scaffold_16	-0.8506272519874628
Ealbergana	scaffold_18	-1.5591324311881711
Ealbergana	scaffold_2	-1.2838137679647288
Ealbergana	scaffold_3	-1.161795214461113
Ealbergana	scaffold_4	-1.2955130177918917
Ealbergana	scaffold_5	-1.2099329769144895
Ealbergana	scaffold_6	-1.1114944823825184
Ealbergana	scaffold_7	-1.213442232628954
Ealbergana	scaffold_8	-1.266296058547691
Ealbergana	scaffold_9	-1.1331766529593172
Ebubastis	scaffold_1	-0.6323041444273433
Ebubastis	scaffold_10	-0.4943090358885958
Ebubastis	scaffold_11	-0.47653240833542915
Ebubastis	scaffold_12	-0.4630585319151355
Ebubastis	scaffold_13	-0.43371662222500934
Ebubastis	scaffold_14	-0.4751884014465073
Ebubastis	scaffold_15	-0.5333862970561803
Ebubastis	scaffold_16	-0.3898653386409911
Ebubastis	scaffold_17	-0.3905031624712214
Ebubastis	scaffold_18	-0.32744735847062667
Ebubastis	scaffold_19	-0.45476676306110075
Ebubastis	scaffold_2	-0.5380016401841773
Ebubastis	scaffold_20	-0.41460305275316967
Ebubastis	scaffold_21	-0.3348669941302383
Ebubastis	scaffold_22	-0.3642248958385856
Ebubastis	scaffold_23	-0.45687009704557924
Ebubastis	scaffold_24	-0.2224814564288887
Ebubastis	scaffold_25	-0.15645408376897943
Ebubastis	scaffold_26	0.015529041005655398
Ebubastis	scaffold_27	-0.2724099965142405
Ebubastis	scaffold_28	-0.14150007619291957
Ebubastis	scaffold_3	-0.6046754735795605
Ebubastis	scaffold_30	-0.5900789625445804
Ebubastis	scaffold_4	-0.5952805857661635
Ebubastis	scaffold_5	-0.5958037177937427
Ebubastis	scaffold_6	-0.5816906845211816
Ebubastis	scaffold_7	-0.4994748320065593
Ebubastis	scaffold_8	-0.5746712570330184
Ebubastis	scaffold_9	-0.4731431140899964
Echristi	scaffold_1	-0.8339531333275934
Echristi	scaffold_10	-0.7642226757484921
Echristi	scaffold_11	-0.7162911614076383
Echristi	scaffold_12	-0.7870010149618648
Echristi	scaffold_13	-0.6072447319530682
Echristi	scaffold_14	-0.6146800748650525
Echristi	scaffold_15	-0.5330463915502199
Echristi	scaffold_16	-0.6513357087558641
Echristi	scaffold_17	-0.523820211696992
Echristi	scaffold_18	-0.5885991316774429
Echristi	scaffold_19	-0.403209194199656
Echristi	scaffold_2	-0.7697712508076927
Echristi	scaffold_20	-0.8025552654887204
Echristi	scaffold_3	-0.7851350008791704
Echristi	scaffold_4	-0.7863101594699252
Echristi	scaffold_5	-0.7203665976660338
Echristi	scaffold_6	-0.8079887773258861
Echristi	scaffold_7	-0.7999174261468376
Echristi	scaffold_8	-0.7284678677613238
Echristi	scaffold_9	-0.8066262390923502
Edisa	scaffold_1	-0.6219694509256264
Edisa	scaffold_10	-0.5734365442764149
Edisa	scaffold_11	-0.5313749876314889
Edisa	scaffold_12	-0.5919144452567889
Edisa	scaffold_13	-0.5813910332910167
Edisa	scaffold_14	-0.5213410139481076
Edisa	scaffold_15	-0.5068590611815358
Edisa	scaffold_16	-0.41176650461718123
Edisa	scaffold_17	-0.522188356632611
Edisa	scaffold_18	-0.5308976327565742
Edisa	scaffold_19	-0.4045407396016693
Edisa	scaffold_2	-0.6341678851100506
Edisa	scaffold_20	-0.43946604201776
Edisa	scaffold_21	-0.4477859079743788
Edisa	scaffold_22	-0.5906762037684898
Edisa	scaffold_23	-0.40990345789734606
Edisa	scaffold_24	-0.36227777776582054
Edisa	scaffold_25	-0.27374631453008164
Edisa	scaffold_26	-0.5239190223591528
Edisa	scaffold_27	-0.4914017307365129
Edisa	scaffold_28	-0.0807051415887505
Edisa	scaffold_29	-0.6139207912686239
Edisa	scaffold_3	-0.6669677707718082
Edisa	scaffold_4	-0.6364140003159575
Edisa	scaffold_5	-0.6201418938971702
Edisa	scaffold_6	-0.6171132862999468
Edisa	scaffold_7	-0.5947758567672113
Edisa	scaffold_8	-0.5607901156236067
Edisa	scaffold_9	-0.5558396623499335
Eembla	scaffold_1	-0.5872579093569275
Eembla	scaffold_10	-0.4838093698627451
Eembla	scaffold_11	-0.5303993051461781
Eembla	scaffold_12	-0.5389787624361121
Eembla	scaffold_13	-0.4953180740755781
Eembla	scaffold_14	-0.4953194394684945
Eembla	scaffold_15	-0.45937774568934836
Eembla	scaffold_16	-0.40399308304426307
Eembla	scaffold_17	-0.43204368364866624
Eembla	scaffold_18	-0.44299865117164555
Eembla	scaffold_19	-0.5133468026365849
Eembla	scaffold_2	-0.5453237650099444
Eembla	scaffold_20	-0.43842638616858143
Eembla	scaffold_21	-0.4663553345596945
Eembla	scaffold_22	-0.421704611938269
Eembla	scaffold_23	-0.5561627588305856
Eembla	scaffold_24	-0.360092583278684
Eembla	scaffold_25	-0.24255379870158722
Eembla	scaffold_26	-0.4934237911738865
Eembla	scaffold_27	-0.5588932112419122
Eembla	scaffold_28	-0.08051555993314607
Eembla	scaffold_29	-0.6798316024717557
Eembla	scaffold_3	-0.5665442754088944
Eembla	scaffold_4	-0.5750821226865667
Eembla	scaffold_5	-0.583386929885662
Eembla	scaffold_6	-0.5465301904478584
Eembla	scaffold_7	-0.518756075890581
Eembla	scaffold_8	-0.5959153716778359
Eembla	scaffold_9	-0.5040497207205837
Eepiphron	scaffold_1	-1.0782575735695554
Eepiphron	scaffold_10	-1.0530908360939328
Eepiphron	scaffold_11	-1.059993683194903
Eepiphron	scaffold_12	-0.8756676909812395
Eepiphron	scaffold_13	-0.8193888066346852
Eepiphron	scaffold_14	-0.9227192123579409
Eepiphron	scaffold_15	-0.8120587699227737
Eepiphron	scaffold_16	-1.0939026506055562
Eepiphron	scaffold_2	-1.030465988000049
Eepiphron	scaffold_3	-1.1245501773294326
Eepiphron	scaffold_4	-1.0262258859525195
Eepiphron	scaffold_5	-0.9993739917655997
Eepiphron	scaffold_6	-1.0057506041847604
Eepiphron	scaffold_7	-0.9404378268963891
Eepiphron	scaffold_8	-1.0470018831501458
Eepiphron	scaffold_9	-0.9028983822848978
Eeriphyle	scaffold_1	-0.6253062500005254
Eeriphyle	scaffold_10	-0.4644309057976294
Eeriphyle	scaffold_11	-0.4589557103530246
Eeriphyle	scaffold_12	-0.40951513204141926
Eeriphyle	scaffold_13	-0.4568944188244053
Eeriphyle	scaffold_14	-0.5390864687530288
Eeriphyle	scaffold_15	-0.4386427499168174
Eeriphyle	scaffold_16	-0.3835741578481131
Eeriphyle	scaffold_17	-0.33082773067700144
Eeriphyle	scaffold_18	-0.36587719755175024
Eeriphyle	scaffold_19	-0.4233001431249281
Eeriphyle	scaffold_2	-0.5214622396973905
Eeriphyle	scaffold_20	-0.4359614827523052
Eeriphyle	scaffold_21	-0.37384776203588616
Eeriphyle	scaffold_22	-0.2869999503891878
Eeriphyle	scaffold_23	-0.39780017096071074
Eeriphyle	scaffold_24	-0.19651075859645792
Eeriphyle	scaffold_25	-0.21385956549832152
Eeriphyle	scaffold_26	-0.32452011391200664
Eeriphyle	scaffold_27	-0.18304138917022073
Eeriphyle	scaffold_28	-0.08220933294930366
Eeriphyle	scaffold_3	-0.612514728828477
Eeriphyle	scaffold_30	-0.6075593183333344
Eeriphyle	scaffold_4	-0.5859690314578392
Eeriphyle	scaffold_5	-0.5744713651372215
Eeriphyle	scaffold_6	-0.5221146023657846
Eeriphyle	scaffold_7	-0.574683458804804
Eeriphyle	scaffold_8	-0.5646827016213382
Eeriphyle	scaffold_9	-0.4861658098513767
Eflavofasciata	scaffold_1	-0.7741246324032457
Eflavofasciata	scaffold_10	-0.7157763435396068
Eflavofasciata	scaffold_11	-0.6338179531323146
Eflavofasciata	scaffold_12	-0.6946338338346999
Eflavofasciata	scaffold_13	-0.6485486363737596
Eflavofasciata	scaffold_14	-0.6070935187070883
Eflavofasciata	scaffold_15	-0.6109863030308805
Eflavofasciata	scaffold_16	-0.5859156333132992
Eflavofasciata	scaffold_17	-0.5946395236871874
Eflavofasciata	scaffold_18	-0.47557352844705103
Eflavofasciata	scaffold_19	-0.5765363428008943
Eflavofasciata	scaffold_2	-0.7937945217886648
Eflavofasciata	scaffold_20	-0.514037612128597
Eflavofasciata	scaffold_21	4.050763398167833
Eflavofasciata	scaffold_3	-0.7488292119342708
Eflavofasciata	scaffold_4	-0.7463317018862419
Eflavofasciata	scaffold_5	-0.7079959214927003
Eflavofasciata	scaffold_6	-0.696687724818978
Eflavofasciata	scaffold_7	-0.6628019183999297
Eflavofasciata	scaffold_8	-0.6290606022087613
Eflavofasciata	scaffold_9	-0.7355902835877846
Egorge	scaffold_1	-0.9297160329974273
Egorge	scaffold_10	-0.7287309984447428
Egorge	scaffold_11	-0.5622813835192434
Egorge	scaffold_12	-0.5750006415063441
Egorge	scaffold_13	-0.5487210108074191
Egorge	scaffold_14	-0.5500834327968177
Egorge	scaffold_15	-0.6395840456815391
Egorge	scaffold_16	-0.4510210414635068
Egorge	scaffold_17	-0.5196457894486093
Egorge	scaffold_18	-0.5346122222669802
Egorge	scaffold_19	-0.5700845552484538
Egorge	scaffold_2	-0.7804940836614404
Egorge	scaffold_21	-0.8971240521119515
Egorge	scaffold_3	-0.84175642633519
Egorge	scaffold_4	-0.7867683980530975
Egorge	scaffold_5	-0.9433416686464976
Egorge	scaffold_6	-0.8487046291300484
Egorge	scaffold_7	-0.8555482799544145
Egorge	scaffold_8	-0.6511797580636322
Egorge	scaffold_9	-0.6806583238921251
Eligea	scaffold_1	-0.7867138533853919
Eligea	scaffold_10	-0.5473455348454296
Eligea	scaffold_11	-0.5732716671729585
Eligea	scaffold_12	-0.4795330215083833
Eligea	scaffold_13	-0.5519906604908066
Eligea	scaffold_14	-0.5837516104218619
Eligea	scaffold_15	-0.6059306233603754
Eligea	scaffold_16	-0.41262347518259224
Eligea	scaffold_17	-0.4856196007875555
Eligea	scaffold_18	-0.4721123533191831
Eligea	scaffold_19	-0.5379413512721187
Eligea	scaffold_2	-0.7069753607751436
Eligea	scaffold_20	-0.4714040119793204
Eligea	scaffold_21	-0.4084456689710355
Eligea	scaffold_22	-0.3500812483811701
Eligea	scaffold_23	-0.27301117057519075
Eligea	scaffold_24	-0.44052601935033414
Eligea	scaffold_25	-0.20532162441790694
Eligea	scaffold_26	-0.24533560486536665
Eligea	scaffold_27	-0.10747134662037394
Eligea	scaffold_28	-0.33084852612771865
Eligea	scaffold_29	-0.6538377971202772
Eligea	scaffold_3	-0.6384271013473668
Eligea	scaffold_4	-0.6581760241531022
Eligea	scaffold_5	-0.6305699035111331
Eligea	scaffold_6	-0.5945958130312863
Eligea	scaffold_7	-0.6366211521947314
Eligea	scaffold_8	-0.5457401220076867
Eligea	scaffold_9	-0.6836194051298501
Emanto	scaffold_1	-0.8286944572791511
Emanto	scaffold_10	-0.6107337555674561
Emanto	scaffold_11	-0.5372546340034681
Emanto	scaffold_12	-0.6577341887784152
Emanto	scaffold_13	-0.6289003884688137
Emanto	scaffold_14	-0.5406766737355259
Emanto	scaffold_15	-0.5392015608268601
Emanto	scaffold_16	-0.4183638825251497
Emanto	scaffold_17	-0.434727816528795
Emanto	scaffold_18	-0.5868724968934845
Emanto	scaffold_19	-0.5747305732018864
Emanto	scaffold_2	-0.6561290506413988
Emanto	scaffold_20	-0.5342502078739669
Emanto	scaffold_21	-0.3978971074984532
Emanto	scaffold_22	-0.4357342299554722
Emanto	scaffold_23	-0.5639471520124948
Emanto	scaffold_24	-0.26008479721407113
Emanto	scaffold_25	-0.2634995112044404
Emanto	scaffold_26	-0.33546089453991096
Emanto	scaffold_27	-0.37876046035494326
Emanto	scaffold_28	-0.29180469068413717
Emanto	scaffold_29	-0.7635328398132675
Emanto	scaffold_3	-0.7141801547442603
Emanto	scaffold_4	-0.6485406461132034
Emanto	scaffold_5	-0.7484007620326167
Emanto	scaffold_6	-0.6424620626972978
Emanto	scaffold_7	-0.7475991089537776
Emanto	scaffold_8	-0.5909617836636566
Emanto	scaffold_9	-0.6374584648341237
Emedusa	scaffold_1	-0.8944702151193074
Emedusa	scaffold_10	-0.7911817582015105
Emedusa	scaffold_12	-0.908094097513343
Emedusa	scaffold_2	-0.9229008974221924
Emedusa	scaffold_3	-0.8699223177347168
Emedusa	scaffold_4	-0.8662753119833575
Emedusa	scaffold_5	-0.8887201557354244
Emedusa	scaffold_6	-0.8129400924286757
Emedusa	scaffold_7	-0.7524770167076946
Emedusa	scaffold_8	-0.8250097033903095
Emedusa	scaffold_9	-0.8187661355733189
Emelampus	scaffold_1	-0.8610237329219436
Emelampus	scaffold_10	-0.647401536828034
Emelampus	scaffold_11	-0.6571547051862391
Emelampus	scaffold_12	-0.6953738713758154
Emelampus	scaffold_13	-0.5578575153363201
Emelampus	scaffold_14	-0.6660247403348155
Emelampus	scaffold_15	-0.5572258807009682
Emelampus	scaffold_16	-0.5496030077115693
Emelampus	scaffold_17	-0.591325784691158
Emelampus	scaffold_18	-0.5368448671792038
Emelampus	scaffold_19	-0.5002451626113463
Emelampus	scaffold_2	-0.7517549974686929
Emelampus	scaffold_21	-0.9477535766500373
Emelampus	scaffold_3	-0.7464882339452863
Emelampus	scaffold_4	-0.7416546945457724
Emelampus	scaffold_5	-0.6944481663383333
Emelampus	scaffold_6	-0.7189732905779397
Emelampus	scaffold_7	-0.7439293107720505
Emelampus	scaffold_8	-0.5986452815867201
Emelampus	scaffold_9	-0.61569403794246
Emelancholica	scaffold_1	-0.7652283726125051
Emelancholica	scaffold_10	-0.6174295050752094
Emelancholica	scaffold_11	-0.45854959345762303
Emelancholica	scaffold_12	-0.6322001245760612
Emelancholica	scaffold_13	-0.4550797157936045
Emelancholica	scaffold_14	-0.4533575428579033
Emelancholica	scaffold_15	-0.47470382703119135
Emelancholica	scaffold_16	-0.4779322350128492
Emelancholica	scaffold_17	-0.35397946085756204
Emelancholica	scaffold_18	-0.5372142376805538
Emelancholica	scaffold_19	-0.380180182567862
Emelancholica	scaffold_2	-0.6847989155957502
Emelancholica	scaffold_20	-0.47393352596559135
Emelancholica	scaffold_21	-0.4045059944102879
Emelancholica	scaffold_23	-0.7395868201478999
Emelancholica	scaffold_3	-0.6244334085497192
Emelancholica	scaffold_4	-0.643485772490459
Emelancholica	scaffold_5	-0.5986751166199894
Emelancholica	scaffold_6	-0.5603184738013901
Emelancholica	scaffold_7	-0.551310312230385
Emelancholica	scaffold_8	-0.5273795313347911
Emelancholica	scaffold_9	-0.48716421794067766
Emeolans	scaffold_1	-0.9040562273377364
Emeolans	scaffold_10	-1.0209364988630338
Emeolans	scaffold_11	-0.9993889857396759
Emeolans	scaffold_12	-0.8675925121262027
Emeolans	scaffold_13	-0.7385322436312383
Emeolans	scaffold_15	-0.8920127605657219
Emeolans	scaffold_2	-0.9604604223385338
Emeolans	scaffold_3	-0.9547504876036692
Emeolans	scaffold_4	-0.9556394040528491
Emeolans	scaffold_5	-0.8560122745696049
Emeolans	scaffold_6	-0.851238582735393
Emeolans	scaffold_7	-0.8073221742114928
Emeolans	scaffold_8	-0.8240453754353111
Emeolans	scaffold_9	-0.8510979290176159
Emnestra	scaffold_1	-0.9868014479548887
Emnestra	scaffold_10	-1.0086232312102317
Emnestra	scaffold_11	-0.6947617319669895
Emnestra	scaffold_12	-0.9183666479092706
Emnestra	scaffold_2	-0.9446840513936968
Emnestra	scaffold_3	-0.9196958193269914
Emnestra	scaffold_4	-0.9830304161272102
Emnestra	scaffold_5	-0.897291010307478
Emnestra	scaffold_6	-0.9279779620327859
Emnestra	scaffold_7	-0.969272857650405
Emnestra	scaffold_8	-0.8285147563725722
Emnestra	scaffold_9	-0.8475453488791868
Emontana	scaffold_1	-0.7303968806615008
Emontana	scaffold_10	-0.5139584875080283
Emontana	scaffold_11	-0.580036161331088
Emontana	scaffold_12	-0.6042519699600527
Emontana	scaffold_13	-0.501607037096627
Emontana	scaffold_14	-0.48443833722478974
Emontana	scaffold_15	-0.5326531503986025
Emontana	scaffold_16	-0.36318866292683083
Emontana	scaffold_17	-0.4861096486952378
Emontana	scaffold_18	-0.5121722559481101
Emontana	scaffold_19	-0.3592682347478895
Emontana	scaffold_2	-0.7039069631452314
Emontana	scaffold_20	-0.49049162517493666
Emontana	scaffold_21	-0.5376537634682292
Emontana	scaffold_22	-0.49487072836017976
Emontana	scaffold_23	-0.40703115835637305
Emontana	scaffold_24	-9.50068776811765
Emontana	scaffold_3	-0.5796668410649456
Emontana	scaffold_4	-8.190409949039326
Emontana	scaffold_5	-0.6723207167921792
Emontana	scaffold_6	-0.571108420380751
Emontana	scaffold_7	-0.6361743471314694
Emontana	scaffold_8	-0.6042249740403653
Emontana	scaffold_9	-0.5473202539430965
Epalarica	scaffold_1	-1.1198782931211628
Epalarica	scaffold_10	-1.2074848297928091
Epalarica	scaffold_11	-1.0748278911666957
Epalarica	scaffold_12	-0.9641630910128262
Epalarica	scaffold_13	-1.0285469463328134
Epalarica	scaffold_14	-1.160103902336385
Epalarica	scaffold_2	-1.171824464476613
Epalarica	scaffold_3	-1.1440364228954907
Epalarica	scaffold_4	-1.140492378495532
Epalarica	scaffold_5	-1.0531816061354158
Epalarica	scaffold_6	-1.0115217766465554
Epalarica	scaffold_7	-0.994621369816575
Epalarica	scaffold_8	-1.0643500753292838
Epalarica	scaffold_9	-1.0904880570252924
Epharte	scaffold_1	-0.8574595664389527
Epharte	scaffold_10	-0.7992977750315974
Epharte	scaffold_11	-0.7916880939260027
Epharte	scaffold_12	-0.6864384495803805
Epharte	scaffold_13	-0.6915033661598126
Epharte	scaffold_14	-0.7611067709597128
Epharte	scaffold_15	-0.7967405405240253
Epharte	scaffold_16	-0.8361763042621649
Epharte	scaffold_17	-0.6186758894400181
Epharte	scaffold_18	-0.75023080177247
Epharte	scaffold_19	-0.8565010759171799
Epharte	scaffold_2	-0.895588068935973
Epharte	scaffold_20	-0.9578559413321546
Epharte	scaffold_3	-0.8787422483255813
Epharte	scaffold_4	-0.8392824257417681
Epharte	scaffold_5	-0.8860980612894906
Epharte	scaffold_6	-0.8082716477846059
Epharte	scaffold_7	-0.8839664913244664
Epharte	scaffold_8	-0.8448386721285817
Epharte	scaffold_9	-0.7574159468148363
Epronoe	scaffold_1	-0.9506264084670418
Epronoe	scaffold_10	-0.8474551987155204
Epronoe	scaffold_11	-0.8169085407205501
Epronoe	scaffold_12	-0.8664895621508195
Epronoe	scaffold_13	-0.7798258135754574
Epronoe	scaffold_14	-0.8568315297326238
Epronoe	scaffold_15	-0.8848340680722216
Epronoe	scaffold_16	-0.7620984988963945
Epronoe	scaffold_17	-0.7422782594380938
Epronoe	scaffold_18	-0.7751711470639342
Epronoe	scaffold_19	-0.6029095967313096
Epronoe	scaffold_2	1.4072834470003286
Epronoe	scaffold_20	-0.7349139353352353
Epronoe	scaffold_21	-1.1211902520670378
Epronoe	scaffold_3	-0.9494034778849301
Epronoe	scaffold_4	-0.8018633383894002
Epronoe	scaffold_5	-0.8647665674351973
Epronoe	scaffold_6	-0.8198514301665456
Epronoe	scaffold_7	-0.9515982356345561
Epronoe	scaffold_8	-0.91649889073454
Epronoe	scaffold_9	-0.9050909734311848
Erondoui	scaffold_1	-0.7462741978358063
Erondoui	scaffold_10	-0.6249725993126486
Erondoui	scaffold_11	-0.5530904546161195
Erondoui	scaffold_12	-0.6033902746901529
Erondoui	scaffold_13	-0.5267878911301904
Erondoui	scaffold_14	-0.5497321516019915
Erondoui	scaffold_15	-0.5736328306831592
Erondoui	scaffold_16	-0.4585903028345426
Erondoui	scaffold_17	-0.39768517253051744
Erondoui	scaffold_18	-0.6834815127739801
Erondoui	scaffold_19	-0.4953491303944502
Erondoui	scaffold_2	-0.7362160403078662
Erondoui	scaffold_20	-0.48275585595980147
Erondoui	scaffold_21	-0.4379194365311558
Erondoui	scaffold_22	-0.42147542892347345
Erondoui	scaffold_23	-0.3996240729671949
Erondoui	scaffold_24	-0.4486232184391275
Erondoui	scaffold_3	-0.5632649380734063
Erondoui	scaffold_4	-0.5163796745448543
Erondoui	scaffold_5	-0.726869332322908
Erondoui	scaffold_6	-0.5923577193831207
Erondoui	scaffold_7	-0.6324348291689308
Erondoui	scaffold_8	-0.590634880308874
Erondoui	scaffold_9	-0.6031816119165598
Estirius	scaffold_1	-0.8299091661636179
Estirius	scaffold_10	-0.6482136539751685
Estirius	scaffold_11	-0.5713308498316806
Estirius	scaffold_12	-0.6770247974586278
Estirius	scaffold_13	-0.5314732325600471
Estirius	scaffold_14	-0.5361095388781912
Estirius	scaffold_15	-0.5244905593399546
Estirius	scaffold_16	-0.5866428719345146
Estirius	scaffold_17	-0.583585587289111
Estirius	scaffold_18	-0.40056379037459305
Estirius	scaffold_19	-0.45589583863434385
Estirius	scaffold_2	-0.7538164869126954
Estirius	scaffold_20	-0.5458778063519643
Estirius	scaffold_21	-0.7206203574366803
Estirius	scaffold_3	-0.8084847564582383
Estirius	scaffold_4	-0.6595840748980881
Estirius	scaffold_5	-0.6597827272276071
Estirius	scaffold_6	-0.6174718271766044
Estirius	scaffold_7	-0.7120016207526024
Estirius	scaffold_8	-0.7054133466598761
Estirius	scaffold_9	-0.5902336074386304
Esudetica	scaffold_1	-0.9264933775497992
Esudetica	scaffold_10	-0.6932031816528641
Esudetica	scaffold_11	-0.7164468436085583
Esudetica	scaffold_12	-0.6540940019519581
Esudetica	scaffold_13	-0.6365317185247328
Esudetica	scaffold_14	-0.7469300288512323
Esudetica	scaffold_15	-0.56681633227033
Esudetica	scaffold_16	-0.6208913131822358
Esudetica	scaffold_17	-0.6030819158796148
Esudetica	scaffold_18	-0.44910240212465674
Esudetica	scaffold_19	-0.5711862989528678
Esudetica	scaffold_2	-0.8166298456625785
Esudetica	scaffold_21	-0.9897319073254472
Esudetica	scaffold_3	-0.8106231165575712
Esudetica	scaffold_4	-0.7714020877223946
Esudetica	scaffold_5	-0.7221221058917162
Esudetica	scaffold_6	-0.7692753191285886
Esudetica	scaffold_7	-0.8180917942145112
Esudetica	scaffold_8	-0.6988634866196621
Esudetica	scaffold_9	-0.7331742052093183
Etriaria	scaffold_1	-0.9105268345596736
Etriaria	scaffold_10	-0.832592208597458
Etriaria	scaffold_11	-0.7672560681875724
Etriaria	scaffold_12	-0.8506040529527596
Etriaria	scaffold_13	-0.6721008664370876
Etriaria	scaffold_14	-0.8316503504119085
Etriaria	scaffold_15	-0.6594990498251037
Etriaria	scaffold_16	-0.7188877919570551
Etriaria	scaffold_2	-0.9816232923587258
Etriaria	scaffold_3	-0.9229666215930543
Etriaria	scaffold_4	-0.6989435778829035
Etriaria	scaffold_5	-0.8784678775868026
Etriaria	scaffold_6	-0.8718006523691371
Etriaria	scaffold_7	-0.7814715384348144
Etriaria	scaffold_8	-0.883838390168148
Etriaria	scaffold_9	-0.9106630533983907
Mjurtina	scaffold_1	-0.4895910310130731
Mjurtina	scaffold_10	-0.31572014739317317
Mjurtina	scaffold_11	-0.3397842131823671
Mjurtina	scaffold_12	-0.368985810126105
Mjurtina	scaffold_13	-0.3867387153687341
Mjurtina	scaffold_14	-0.3077471256988109
Mjurtina	scaffold_15	-0.2799518525808271
Mjurtina	scaffold_16	-0.21412436620534786
Mjurtina	scaffold_17	-0.3467042472058417
Mjurtina	scaffold_18	-0.22994767528641155
Mjurtina	scaffold_19	-0.3123408436204548
Mjurtina	scaffold_2	-0.4146550534263362
Mjurtina	scaffold_20	-0.3179464190307242
Mjurtina	scaffold_21	-0.25419543265692657
Mjurtina	scaffold_22	-0.24266232842888527
Mjurtina	scaffold_23	0.03531408441249312
Mjurtina	scaffold_24	-0.1075829300288512
Mjurtina	scaffold_25	-0.22555986337972542
Mjurtina	scaffold_26	-0.042521058051672264
Mjurtina	scaffold_27	-0.03091600019341821
Mjurtina	scaffold_28	0.09171054987885673
Mjurtina	scaffold_29	-11.328971628176737
Mjurtina	scaffold_3	-0.3899290847536194
Mjurtina	scaffold_30	-0.4925493775550188
Mjurtina	scaffold_4	-0.44837216373313266
Mjurtina	scaffold_5	-0.34551343811904606
Mjurtina	scaffold_6	-0.44043189128666055
Mjurtina	scaffold_7	-0.4295595702118614
Mjurtina	scaffold_8	-0.3565249694568251
Mjurtina	scaffold_9	-0.39207069467924116
Mcinxia	scaffold_1	-0.530249092294992
Mcinxia	scaffold_10	-0.537238088964406
Mcinxia	scaffold_11	-0.4797170580657423
Mcinxia	scaffold_12	-0.450134429708786
Mcinxia	scaffold_13	-0.3405860610228188
Mcinxia	scaffold_14	-0.46279323432384356
Mcinxia	scaffold_15	-0.535248834663171
Mcinxia	scaffold_16	-0.34914758215896147
Mcinxia	scaffold_17	-0.4781060437362621
Mcinxia	scaffold_18	-0.3803992419964945
Mcinxia	scaffold_19	-0.29674740200146793
Mcinxia	scaffold_2	-0.5449227792921197
Mcinxia	scaffold_20	-0.5181664215002528
Mcinxia	scaffold_21	-0.3497456101920501
Mcinxia	scaffold_22	-0.5323681264244505
Mcinxia	scaffold_23	-0.26183765656545044
Mcinxia	scaffold_24	-0.3175538304080785
Mcinxia	scaffold_25	-0.23589383710678
Mcinxia	scaffold_26	-0.2585525433141577
Mcinxia	scaffold_27	-0.19951542627370086
Mcinxia	scaffold_28	-0.3970927876050488
Mcinxia	scaffold_29	-0.2812851260934011
Mcinxia	scaffold_3	-0.6237771445747077
Mcinxia	scaffold_30	-0.3989275356508145
Mcinxia	scaffold_31	-0.5624959113129323
Mcinxia	scaffold_4	-0.5009363314945086
Mcinxia	scaffold_5	-0.4421280097529466
Mcinxia	scaffold_6	-0.5011837722574304
Mcinxia	scaffold_7	-0.48110650994305953
Mcinxia	scaffold_8	-0.4285547489700039
Mcinxia	scaffold_9	-0.49677481893506364
