species	chrom	strength
C0001	scaffold_1	2.8285857161237167
C0001	scaffold_2	2.894160441382395
C0001	scaffold_3	2.7745358891161533
C0001	scaffold_4	3.203070204416912
C0001	scaffold_5	2.7863056913368016
C0001	scaffold_6	3.013304230856104
C0001	scaffold_7	2.731582407225941
C0001	scaffold_8	3.5025483667712343
C0001	scaffold_9	2.9489049261365343
C0001	scaffold_10	3.436698758945211
C0001	scaffold_11	3.411005679764782
C0001	scaffold_12	3.6716586046917468
C0001	scaffold_13	3.7849639944142983
C0001	scaffold_14	4.184985368876022
C0001	scaffold_15	4.373279222815577
C0001	scaffold_16	3.740230007629367
C0001	scaffold_17	2.90487011683211
C0001	scaffold_18	4.083576135156235
C0001	scaffold_19	3.189190210388678
C0001	scaffold_20	
C0055	scaffold_1	3.1136113708857844
C0055	scaffold_2	3.926629375301294
C0055	scaffold_4	4.330462483514941
C0055	scaffold_3	4.545127635461662
C0055	scaffold_5	3.4676118883856297
C0055	scaffold_6	4.016971880534064
C0055	scaffold_7	3.4570537423442422
C0055	scaffold_8	4.174986596742226
C0055	scaffold_37	4.638367522804266
C0055	scaffold_9	3.8840096772198978
C0055	scaffold_10	5.3378810215865355
C0055	scaffold_11	4.133009893242839
C0055	scaffold_12	4.25906370774753
C0055	scaffold_13	4.42330791514811
C0055	scaffold_14	3.739636850670543
C0055	scaffold_15	4.620024284955147
C0055	scaffold_16	3.9394801769704357
C0055	scaffold_18	3.6952401853494146
C0055	scaffold_17	4.232248961830835
C0055	scaffold_20	4.706125415268452
C0055	scaffold_23	5.253465630474066
C0055	scaffold_19	4.480531825882781
C0055	scaffold_33	4.160782708424557
C0055	scaffold_22	4.600239942071698
C0055	scaffold_21	4.287256841001755
C0055	scaffold_24	3.9836490159982523
C0055	scaffold_25	4.78219337229953
C0055	scaffold_26	4.2224615334669515
C0055	scaffold_34	3.553812511304981
C0055	scaffold_27	5.499116899370563
C0055	scaffold_28	5.197858855193496
C0055	scaffold_29	5.187089751075244
C0055	scaffold_30	3.340337399069329
C0055	scaffold_31	4.37979866187224
C0055	scaffold_32	3.805319896730782
C0055	scaffold_39	4.646899551716106
C0055	scaffold_36	4.178273631139157
C0055	scaffold_35	5.413144925641047
C0055	scaffold_38	3.712806854259408
C0055	scaffold_40	4.772887296828593
C0080	scaffold_1	3.378512864352847
C0080	scaffold_2	3.4740384190000873
C0080	scaffold_3	4.852453459397124
C0080	scaffold_4	3.3165516457791187
C0080	scaffold_5	3.489240973118009
C0080	scaffold_6	4.195984963632825
C0080	scaffold_7	4.28338251365301
C0080	scaffold_8	3.99475041480549
C0080	scaffold_9	
C0100	scaffold_1	2.6892338888653913
C0100	scaffold_2	4.064285081135276
C0100	scaffold_3	3.9831967531835697
C0100	scaffold_4	4.295771739676923
C0100	scaffold_5	3.810398162301223
C0100	scaffold_6	3.7054220986254602
C0100	scaffold_7	4.222020337812962
C0100	scaffold_8	3.1065865737260117
C0100	scaffold_9	3.458489352254876
C0100	scaffold_10	4.701593763938802
C0100	scaffold_11	3.1909012704353925
C0100	scaffold_12	3.739478059490406
C0100	scaffold_13	7.862799001003102
C0100	scaffold_15	2.5519847727399623
C0100	scaffold_14	4.001181282797406
C0100	scaffold_16	2.573245164444359
C0100	scaffold_17	3.926188916843084
C0100	scaffold_18	3.0459494585698517
C0100	scaffold_19	5.140145677435145
C0100	scaffold_20	3.925035775657355
C0100	scaffold_21	4.240612837007959
C0100	scaffold_22	3.693871301463203
C0100	scaffold_23	3.5195926791632672
C0100	scaffold_24	5.5733563834481785
C0100	scaffold_25	4.970114579469161
C0100	scaffold_26	4.149739479390158
C0100	scaffold_27	3.3395192912322678
C0100	scaffold_28	4.999928309143693
C0100	scaffold_29	3.937972936939001
C0100	scaffold_31	4.188807856278342
C0100	scaffold_32	3.9364689039233935
C0100	scaffold_30	3.919883902457182
C0100	scaffold_33	2.7716492885308384
C0100	scaffold_34	5.056469410291498
C0100	scaffold_52	
C0100	scaffold_35	4.558721836079643
C0100	scaffold_36	2.3925666371848853
C0100	scaffold_37	2.7952294262486976
C0100	scaffold_38	6.040568502067109
C0100	scaffold_39	4.941244037052002
C0100	scaffold_41	3.956792078556356
C0100	scaffold_40	4.758615935802757
C0100	scaffold_42	4.246506012829762
C0100	scaffold_43	3.96998668171908
C0100	scaffold_44	3.682268565537233
C0100	scaffold_45	5.21318469091645
C0100	scaffold_46	3.5573322673573604
C0100	scaffold_47	5.204875779421052
C0100	scaffold_48	4.8046120438024
C0100	scaffold_49	3.827272617456323
C0100	scaffold_50	3.2205957195817727
C0100	scaffold_51	5.289863934649877
X2575	scaffold_1	4.3199694414552265
X2575	scaffold_2	3.380352795230095
X2575	scaffold_3	3.0459842305169524
X2575	scaffold_5	3.6352903172831152
X2575	scaffold_6	2.5814119181099247
X2575	scaffold_4	5.025686860732905
X2575	scaffold_7	3.4292007649003704
X2575	scaffold_9	4.6278317690359465
X2575	scaffold_8	3.3146813049070993
X2575	scaffold_10	3.296658393149406
X2575	scaffold_13	3.776133619160985
X2575	scaffold_11	3.407467410061035
X2575	scaffold_14	3.4271890079658798
X2575	scaffold_16	4.192831078316007
X2575	scaffold_15	4.129803630710509
X2575	scaffold_12	4.147531977589153
X2575	scaffold_17	4.628985756078753
X2575	scaffold_18	3.21701398598359
X2575	scaffold_19	4.964837555643447
X2575	scaffold_20	4.698509825528452
X2575	scaffold_21	3.519806427676248
X2575	scaffold_22	3.3050276860016967
X2575	scaffold_23	5.211412127731619
X2575	scaffold_24	5.506460876825656
X2575	scaffold_25	3.566128969617127
X2575	scaffold_26	5.298527208733531
X2575	scaffold_28	2.9335199095722273
X2575	scaffold_27	2.9862321798974993
X2576	scaffold_1	3.5602898200662145
X2576	scaffold_2	2.6753519895636626
X2576	scaffold_4	3.218409425933026
X2576	scaffold_3	3.0143358529085496
X2576	scaffold_7	2.433768402767314
X2576	scaffold_6	3.948470960554364
X2576	scaffold_5	3.0804424203295317
X2576	scaffold_8	3.92377152370168
X2576	scaffold_9	3.3766384453769103
X2576	scaffold_11	2.6272453513653073
X2576	scaffold_10	3.710702441372188
X2576	scaffold_12	3.2963304019503905
X2576	scaffold_14	3.290856164371637
X2576	scaffold_13	3.5798162383303773
X2576	scaffold_23	3.716291620335523
X2576	scaffold_15	3.445954136561891
X2576	scaffold_16	4.034191654145356
X2576	scaffold_17	2.8993876718212874
X2576	scaffold_18	4.0732577686425495
X2576	scaffold_19	3.3567219469087326
X2576	scaffold_20	4.241483599291128
X2576	scaffold_21	2.103121158467071
X2576	scaffold_22	3.5282518722809715
X2576	scaffold_24	4.255451796456763
X2576	scaffold_25	3.090934361374653
X2576	scaffold_26	3.8001607511251962
X2576	scaffold_27	2.5790489672834505
X2576	scaffold_28	3.0495210140581133
X2576	scaffold_29	
X3252	scaffold_1	2.528988724274494
X3252	scaffold_29	
X3252	scaffold_3	3.235012638991337
X3252	scaffold_2	2.7103628599266556
X3252	scaffold_4	3.040352840249304
X3252	scaffold_7	3.1452695993717463
X3252	scaffold_6	3.5332027305632154
X3252	scaffold_5	2.8849363224979316
X3252	scaffold_9	3.7234008719783445
X3252	scaffold_8	2.8293728583664914
X3252	scaffold_10	3.172133100467736
X3252	scaffold_11	3.134029713381341
X3252	scaffold_13	3.2223032832437988
X3252	scaffold_12	3.355940933270785
X3252	scaffold_14	3.354480129343788
X3252	scaffold_15	3.148253082291236
X3252	scaffold_18	3.0389522820684047
X3252	scaffold_16	3.846190357470772
X3252	scaffold_17	4.231405865199903
X3252	scaffold_19	3.8880883462542237
X3252	scaffold_20	2.9650237311801675
X3252	scaffold_21	3.5677929318945942
X3252	scaffold_22	2.8847609366488056
X3252	scaffold_23	2.776075728461338
X3252	scaffold_24	2.7042035481995508
X3252	scaffold_25	2.2187553146244987
X3252	scaffold_26	3.580180845166092
X3252	scaffold_27	2.2842476004119816
X3252	scaffold_28	2.468044815205287
X3258	scaffold_1	3.0647739910089618
X3258	scaffold_2	3.306867954482756
X3258	scaffold_3	3.068318619624479
X3258	scaffold_4	3.184882486804687
X3258	scaffold_5	3.46335109318456
X3258	scaffold_6	3.6016561520999315
X3258	scaffold_7	3.493538696319224
X3258	scaffold_8	3.6244425425973947
X3258	scaffold_9	3.838872172109313
X3258	scaffold_10	3.8449727837676893
X3258	scaffold_11	3.7967812275731916
X3258	scaffold_12	
X3311	scaffold_1	2.6125711159411704
X3311	scaffold_2	3.149295067306307
X3311	scaffold_3	3.408083875865932
X3311	scaffold_4	2.764820759282413
X3311	scaffold_5	2.8864488929395136
X3311	scaffold_6	3.202408011383157
X3311	scaffold_7	3.332333781839941
X3311	scaffold_8	3.2325213810475497
X3311	scaffold_9	3.210703923915475
X3311	scaffold_10	3.2481022435114206
X3311	scaffold_11	2.710862515891466
X3311	scaffold_12	2.7744242617078068
X3311	scaffold_13	3.007181178850482
X3311	scaffold_15_16	
X3311	scaffold_14	4.558066355523408
X3506	scaffold_1	3.364876830121616
X3506	scaffold_2	3.4802681591612523
X3506	scaffold_3	3.1881711267080446
X3506	scaffold_4	4.534071289708705
X3506	scaffold_5	3.7128880288005646
X3506	scaffold_6	5.5370911282456365
X3506	scaffold_7	4.444540493347464
X3506	scaffold_9	3.78694704118625
X3506	scaffold_10	5.849730467008242
X3506	scaffold_8	3.9372112893420583
X3506	scaffold_12	4.251723872565612
X3506	scaffold_11	4.502587615032598
X3506	scaffold_15	5.00084485496953
X3506	scaffold_14	4.397415593447533
X3506	scaffold_16	4.2338610278278965
X3506	scaffold_13	5.097116715335275
X3506	scaffold_18	4.868788899049051
X3506	scaffold_17	5.799060107404091
X3506	scaffold_19	5.506859336992057
X3506	scaffold_20	3.55259333486253
X3506	scaffold_21	4.023252637147296
X3506	scaffold_22	4.223621706981744
X3506	scaffold_23	7.980552105382641
X3506	scaffold_24	
X3531	scaffold_1	4.1919866826776095
X3531	scaffold_2	4.031362093793149
X3531	scaffold_3	3.9134826944695136
X3531	scaffold_4	3.7262500581321785
X3531	scaffold_5	4.403262591470202
X3531	scaffold_6	4.012830648268166
X3531	scaffold_7	4.9934118276764625
X3531	scaffold_8	4.982702989958976
X3531	scaffold_9	5.1404746819767295
X3531	scaffold_10	5.136716846703659
X3531	scaffold_11	
X3737	scaffold_1	3.519885050225723
X3737	scaffold_2	3.9311078554651018
X3737	scaffold_3	3.9426662001404735
X3737	scaffold_4	3.7324004906429473
X3737	scaffold_5	3.9121584481223546
X3737	scaffold_8	3.9960181123023104
X3737	scaffold_6	4.374156037127303
X3737	scaffold_7	4.471243106790063
X3737	scaffold_9	4.650233291493413
X3737	scaffold_10	4.67884134386811
X3737	scaffold_11	
Eaethiops	scaffold_20	2.040255177723965
Eaethiops	scaffold_1	2.611295580252431
Eaethiops	scaffold_2	2.6064691568508214
Eaethiops	scaffold_3	2.932887748039525
Eaethiops	scaffold_4	2.655604807727559
Eaethiops	scaffold_5	2.6138873670624294
Eaethiops	scaffold_6	2.8550999828509824
Eaethiops	scaffold_7	2.883895399956339
Eaethiops	scaffold_8	2.593396985014976
Eaethiops	scaffold_9	2.6824780840312363
Eaethiops	scaffold_10	3.2052706405898994
Eaethiops	scaffold_11	3.0938390068064137
Eaethiops	scaffold_12	3.1718257344634444
Eaethiops	scaffold_13	3.6388162800497525
Eaethiops	scaffold_14	3.1154023522320182
Eaethiops	scaffold_15	2.8804936641757974
Eaethiops	scaffold_16	3.1362918055681894
Eaethiops	scaffold_17	2.8144806338989943
Eaethiops	scaffold_18	3.0092881246849776
Eaethiops	scaffold_19	
Ealbergana	scaffold_1	3.7077284141076707
Ealbergana	scaffold_2	4.949504812892957
Ealbergana	scaffold_18	6.636110327043903
Ealbergana	scaffold_3	4.65948470732881
Ealbergana	scaffold_4	5.15196545007092
Ealbergana	scaffold_5	4.5904666407947765
Ealbergana	scaffold_6	3.625634676389759
Ealbergana	scaffold_7	3.945948308553789
Ealbergana	scaffold_8	4.180225380652784
Ealbergana	scaffold_9	5.951639305366335
Ealbergana	scaffold_10	4.817886258551178
Ealbergana	scaffold_11	4.071762793495052
Ealbergana	scaffold_12	6.566968211960609
Ealbergana	scaffold_13	4.850049797549104
Ealbergana	scaffold_14	5.740435564201913
Ealbergana	scaffold_15	4.561205027960632
Ealbergana	scaffold_16	6.796307425798315
Ealbergana	scaffold_17	
Ebubastis	scaffold_1	3.2945254265640744
Ebubastis	scaffold_2	2.941808359581827
Ebubastis	scaffold_30	2.465133712836094
Ebubastis	scaffold_3	2.523841378926162
Ebubastis	scaffold_4	3.2897935983080613
Ebubastis	scaffold_5	4.186266317553358
Ebubastis	scaffold_6	3.9480868800621405
Ebubastis	scaffold_7	2.8199988630325383
Ebubastis	scaffold_8	2.705903974625315
Ebubastis	scaffold_9	3.295663124726429
Ebubastis	scaffold_10	3.216239671361217
Ebubastis	scaffold_11	3.7236647715567734
Ebubastis	scaffold_12	3.1173777205277524
Ebubastis	scaffold_13	3.6883196136552843
Ebubastis	scaffold_14	3.7527171739716367
Ebubastis	scaffold_15	3.9892334894605423
Ebubastis	scaffold_16	2.708309403703171
Ebubastis	scaffold_17	4.207903699252053
Ebubastis	scaffold_18	4.189921656229512
Ebubastis	scaffold_19	4.299839942488181
Ebubastis	scaffold_20	5.646538594401523
Ebubastis	scaffold_21	2.6264195343392425
Ebubastis	scaffold_22	5.759338791189808
Ebubastis	scaffold_29	
Ebubastis	scaffold_23	5.4754847272407945
Ebubastis	scaffold_24	3.088171654812228
Ebubastis	scaffold_25	2.7182992327049567
Ebubastis	scaffold_26	3.012840549629497
Ebubastis	scaffold_27	4.0103181613041885
Ebubastis	scaffold_28	2.9007340433908646
Echristi	scaffold_20	0.5710416444572001
Echristi	scaffold_1	2.65659674655835
Echristi	scaffold_2	0.5872950474376055
Echristi	scaffold_3	0.5352928291359788
Echristi	scaffold_4	0.44641057569996756
Echristi	scaffold_5	2.76653510527071
Echristi	scaffold_6	2.469257609048153
Echristi	scaffold_7	2.813806422162265
Echristi	scaffold_8	2.188287063708373
Echristi	scaffold_9	3.1493632104477123
Echristi	scaffold_10	2.8183082014961123
Echristi	scaffold_11	3.4828025866489765
Echristi	scaffold_12	2.404164331344225
Echristi	scaffold_13	3.1266877569003184
Echristi	scaffold_14	2.9918247334435306
Echristi	scaffold_15	3.288500199809642
Echristi	scaffold_16	3.3442400503216714
Echristi	scaffold_17	4.105877422196944
Echristi	scaffold_18	4.261081836576453
Echristi	scaffold_19	3.6370840560928146
Edisa	scaffold_1	3.1532806711615957
Edisa	scaffold_29	2.464009715473414
Edisa	scaffold_2	3.3720553224027596
Edisa	scaffold_3	3.488578542998463
Edisa	scaffold_4	2.8224169935047416
Edisa	scaffold_5	3.506904937031685
Edisa	scaffold_6	2.658891933822241
Edisa	scaffold_7	4.07837561592488
Edisa	scaffold_8	3.1213241384373775
Edisa	scaffold_9	3.676060794003951
Edisa	scaffold_10	3.4857227693150237
Edisa	scaffold_11	3.248095029279425
Edisa	scaffold_12	3.9794853149117873
Edisa	scaffold_13	3.6603849511880644
Edisa	scaffold_14	3.7757460320816754
Edisa	scaffold_15	4.040635736820964
Edisa	scaffold_16	4.4104464872298665
Edisa	scaffold_17	3.418192564074388
Edisa	scaffold_18	5.483025948652062
Edisa	scaffold_19	4.178689389762496
Edisa	scaffold_20	3.451459584130464
Edisa	scaffold_21	3.9925612809523163
Edisa	scaffold_22	7.05804075161719
Edisa	scaffold_23	5.4717486374590285
Edisa	scaffold_24	3.3261625502030188
Edisa	scaffold_25	2.7554112874879784
Edisa	scaffold_26	3.851007226474783
Edisa	scaffold_27	3.838693638212359
Edisa	scaffold_28	2.953161140165809
Eembla	scaffold_29	2.6621551327132686
Eembla	scaffold_1	3.1209689285272857
Eembla	scaffold_2	3.18272702557073
Eembla	scaffold_3	2.968743556779048
Eembla	scaffold_4	3.457834881238111
Eembla	scaffold_5	2.582326094617379
Eembla	scaffold_6	3.7865793202782783
Eembla	scaffold_7	2.988487168036075
Eembla	scaffold_8	2.6855301249449988
Eembla	scaffold_9	3.486274781029088
Eembla	scaffold_10	3.1657389137509355
Eembla	scaffold_11	3.2241149288338806
Eembla	scaffold_12	3.554608294986985
Eembla	scaffold_13	3.0916349690805514
Eembla	scaffold_14	3.5938254961386025
Eembla	scaffold_15	3.6468286521297086
Eembla	scaffold_16	3.8635916998199935
Eembla	scaffold_17	3.1410642633404597
Eembla	scaffold_18	4.03215496537601
Eembla	scaffold_19	3.0163932002472817
Eembla	scaffold_20	3.3078444587834785
Eembla	scaffold_21	4.828629962905164
Eembla	scaffold_22	3.2841855731354834
Eembla	scaffold_23	4.467699271743256
Eembla	scaffold_24	3.0562945610740275
Eembla	scaffold_25	2.0965988144324883
Eembla	scaffold_26	3.2331121400535334
Eembla	scaffold_27	3.9954240644682812
Eembla	scaffold_28	2.6399249805350418
Eepiphron	scaffold_16	2.4742334440111726
Eepiphron	scaffold_1	2.709323545455544
Eepiphron	scaffold_2	2.9260180560644646
Eepiphron	scaffold_3	3.0135286812584594
Eepiphron	scaffold_4	3.2026969759442494
Eepiphron	scaffold_5	0.6618237254091409
Eepiphron	scaffold_6	3.075484636534867
Eepiphron	scaffold_7	2.8056689303700564
Eepiphron	scaffold_8	3.086427837986155
Eepiphron	scaffold_9	3.2358133114233834
Eepiphron	scaffold_10	2.9203248950383536
Eepiphron	scaffold_11	3.1620554075654073
Eepiphron	scaffold_12	3.2522665725335553
Eepiphron	scaffold_13	3.6551522554395937
Eepiphron	scaffold_14	3.979983364864059
Eepiphron	scaffold_15	2.9616662323385428
Eeriphyle	scaffold_30	2.987296425257153
Eeriphyle	scaffold_1	3.9815733363463934
Eeriphyle	scaffold_2	4.623282953722667
Eeriphyle	scaffold_3	6.068554239868329
Eeriphyle	scaffold_4	3.7170692045950515
Eeriphyle	scaffold_5	4.626737516864559
Eeriphyle	scaffold_6	4.932478779618311
Eeriphyle	scaffold_7	5.882747770427836
Eeriphyle	scaffold_8	3.664825744858308
Eeriphyle	scaffold_9	4.484183320637255
Eeriphyle	scaffold_10	4.964208274786876
Eeriphyle	scaffold_11	4.497557310957879
Eeriphyle	scaffold_12	4.8988304721424365
Eeriphyle	scaffold_13	4.299863011190521
Eeriphyle	scaffold_14	5.856251872175331
Eeriphyle	scaffold_15	5.2538855980436505
Eeriphyle	scaffold_16	4.354115566567644
Eeriphyle	scaffold_17	5.956540048278023
Eeriphyle	scaffold_18	6.066464552220017
Eeriphyle	scaffold_19	8.1956311619481
Eeriphyle	scaffold_20	4.199571336551496
Eeriphyle	scaffold_21	3.981433841914438
Eeriphyle	scaffold_22	8.99935732850794
Eeriphyle	scaffold_23	7.664924800509079
Eeriphyle	scaffold_24	3.9567270789577833
Eeriphyle	scaffold_25	3.5934024323288054
Eeriphyle	scaffold_26	5.777306729996582
Eeriphyle	scaffold_27	3.302793900399391
Eeriphyle	scaffold_28	2.9283251310149674
Eeriphyle	scaffold_29	
Eflavofasciata	scaffold_21	
Eflavofasciata	scaffold_2	2.6531855238260276
Eflavofasciata	scaffold_1	2.7045850155519764
Eflavofasciata	scaffold_3	4.300825278511686
Eflavofasciata	scaffold_5	2.4875506420799023
Eflavofasciata	scaffold_6	2.333053538956913
Eflavofasciata	scaffold_4	2.291809261502958
Eflavofasciata	scaffold_7	2.7485666296981854
Eflavofasciata	scaffold_8	2.9980922080185377
Eflavofasciata	scaffold_9	3.0201035825038165
Eflavofasciata	scaffold_10	2.9819300662472594
Eflavofasciata	scaffold_11	3.795634853494661
Eflavofasciata	scaffold_12	3.103045565154945
Eflavofasciata	scaffold_13	2.907330808639302
Eflavofasciata	scaffold_14	3.291401537796752
Eflavofasciata	scaffold_15	3.5088631479457524
Eflavofasciata	scaffold_16	3.5577208161637466
Eflavofasciata	scaffold_17	3.498949020646682
Eflavofasciata	scaffold_18	3.8749075747500306
Eflavofasciata	scaffold_19	3.0856985041047813
Eflavofasciata	scaffold_20	3.969885593453439
Egorge	scaffold_21	0.5529967535678398
Egorge	scaffold_1	3.726255403951972
Egorge	scaffold_2	3.3141563815138766
Egorge	scaffold_3	0.4640841359449369
Egorge	scaffold_4	3.6001084698976067
Egorge	scaffold_5	3.10771128489219
Egorge	scaffold_6	2.760592240763062
Egorge	scaffold_20	
Egorge	scaffold_7	3.829449180409303
Egorge	scaffold_8	3.2895423045538563
Egorge	scaffold_9	3.90675730695549
Egorge	scaffold_10	3.37782087097962
Egorge	scaffold_11	3.695347494997978
Egorge	scaffold_12	3.8349031959953934
Egorge	scaffold_13	3.374189561645892
Egorge	scaffold_14	3.699204910141082
Egorge	scaffold_15	4.28873554640406
Egorge	scaffold_16	5.01151675565781
Egorge	scaffold_17	3.3586986104302667
Egorge	scaffold_18	3.3857130662681887
Egorge	scaffold_19	2.817930463788335
Eligea	scaffold_1	3.4732543827663824
Eligea	scaffold_2	3.9675635638969005
Eligea	scaffold_3	3.134716763014143
Eligea	scaffold_29	2.52382493038373
Eligea	scaffold_4	3.1078024404406954
Eligea	scaffold_5	4.4610136877028825
Eligea	scaffold_6	3.6455633507233283
Eligea	scaffold_7	3.7611261541843866
Eligea	scaffold_8	3.9341691819205793
Eligea	scaffold_9	2.9615709267388994
Eligea	scaffold_10	3.5644191577280813
Eligea	scaffold_11	3.711936306135672
Eligea	scaffold_12	4.194219927347914
Eligea	scaffold_13	4.426944689738102
Eligea	scaffold_14	3.9757762376550922
Eligea	scaffold_15	4.105952185522276
Eligea	scaffold_16	4.714204948543921
Eligea	scaffold_17	4.7048328341180365
Eligea	scaffold_18	3.130958184690643
Eligea	scaffold_19	3.8447590054563143
Eligea	scaffold_20	5.863696020730751
Eligea	scaffold_21	3.2434796381997404
Eligea	scaffold_22	3.2159079091481644
Eligea	scaffold_23	3.2356860846663205
Eligea	scaffold_24	5.341038397023631
Eligea	scaffold_25	2.5545468132426445
Eligea	scaffold_26	4.7595822878303435
Eligea	scaffold_27	2.7136871810575363
Eligea	scaffold_28	2.950292946365166
Emanto	scaffold_1	2.769629361227389
Emanto	scaffold_29	2.3351879788529666
Emanto	scaffold_2	3.0892898796893267
Emanto	scaffold_3	2.721160243606297
Emanto	scaffold_4	2.9000090705236703
Emanto	scaffold_5	2.907585461911171
Emanto	scaffold_6	3.64942923531347
Emanto	scaffold_7	2.7278365398062157
Emanto	scaffold_8	3.074158296220815
Emanto	scaffold_9	3.160337630086101
Emanto	scaffold_10	2.715535587519635
Emanto	scaffold_11	3.217003298334509
Emanto	scaffold_12	2.9278145992906257
Emanto	scaffold_13	3.0876934959632076
Emanto	scaffold_14	3.1324109989883344
Emanto	scaffold_15	3.0580469279738107
Emanto	scaffold_16	2.9926243576029754
Emanto	scaffold_17	3.449743776581816
Emanto	scaffold_18	2.870056754384355
Emanto	scaffold_19	3.3048813199143336
Emanto	scaffold_20	3.444852721324581
Emanto	scaffold_21	4.097779659595011
Emanto	scaffold_22	2.8989793015596743
Emanto	scaffold_23	4.119409974459447
Emanto	scaffold_24	2.7236580754906234
Emanto	scaffold_25	2.298029343238929
Emanto	scaffold_26	2.696652914456769
Emanto	scaffold_27	2.5602233437097035
Emanto	scaffold_28	2.2329419547588025
Emedusa	scaffold_1	0.7046316068039167
Emedusa	scaffold_11	
Emedusa	scaffold_2	2.5485452978602225
Emedusa	scaffold_12	2.3391259637281805
Emedusa	scaffold_3	2.544623052713157
Emedusa	scaffold_4	2.811071752497171
Emedusa	scaffold_5	2.5149293314123944
Emedusa	scaffold_6	3.517218364208156
Emedusa	scaffold_7	0.49019553131642035
Emedusa	scaffold_8	2.80591388773209
Emedusa	scaffold_9	2.494899828508975
Emedusa	scaffold_10	2.650211414485935
Emelampus	scaffold_21	0.5233481959928175
Emelampus	scaffold_1	2.9102629110894993
Emelampus	scaffold_2	3.387792333941639
Emelampus	scaffold_3	4.252928739897435
Emelampus	scaffold_4	3.2428897442906517
Emelampus	scaffold_5	3.17988585889356
Emelampus	scaffold_6	2.3085568013222804
Emelampus	scaffold_7	3.2643446237646607
Emelampus	scaffold_8	3.2508011303463813
Emelampus	scaffold_9	3.056760626648976
Emelampus	scaffold_10	3.148799466438789
Emelampus	scaffold_11	4.201040335394262
Emelampus	scaffold_12	4.160091956210057
Emelampus	scaffold_13	3.419249565202267
Emelampus	scaffold_14	3.5600840320193763
Emelampus	scaffold_15	3.7326129089679365
Emelampus	scaffold_16	3.6867035955130674
Emelampus	scaffold_17	3.7869510912787425
Emelampus	scaffold_18	3.005404058235461
Emelampus	scaffold_19	3.174286618649608
Emelampus	scaffold_20	
Emelancholica	scaffold_1	2.986678283773409
Emelancholica	scaffold_23	2.343606272211273
Emelancholica	scaffold_2	2.8789909220912624
Emelancholica	scaffold_3	2.0479997429686296
Emelancholica	scaffold_4	3.000392047802058
Emelancholica	scaffold_5	3.179217240853151
Emelancholica	scaffold_6	2.426156070865138
Emelancholica	scaffold_7	2.4672192763356007
Emelancholica	scaffold_8	3.7931530438137138
Emelancholica	scaffold_9	2.690411886182719
Emelancholica	scaffold_10	2.5372568394103507
Emelancholica	scaffold_11	2.9075971687032482
Emelancholica	scaffold_12	3.0987543991816953
Emelancholica	scaffold_13	3.1257609561995356
Emelancholica	scaffold_14	3.2648950458913126
Emelancholica	scaffold_15	3.101216643773092
Emelancholica	scaffold_16	2.9817225415241433
Emelancholica	scaffold_17	3.784107656887158
Emelancholica	scaffold_18	2.443551766018779
Emelancholica	scaffold_19	2.779146604672705
Emelancholica	scaffold_20	3.2576376779776015
Emelancholica	scaffold_21	3.863427755292966
Emelancholica	scaffold_22	
Emeolans	scaffold_1	2.647151334378757
Emeolans	scaffold_2	3.9584057317944357
Emeolans	scaffold_15	0.6081318631931085
Emeolans	scaffold_3	3.0450224535059895
Emeolans	scaffold_4	2.7985310026775503
Emeolans	scaffold_5	2.77040888751461
Emeolans	scaffold_6	3.4200737817272624
Emeolans	scaffold_7	3.707975024814228
Emeolans	scaffold_8	2.8619815515086464
Emeolans	scaffold_9	2.1057979464085594
Emeolans	scaffold_10	3.310112391312799
Emeolans	scaffold_11	3.540729044047761
Emeolans	scaffold_12	2.524910214029801
Emeolans	scaffold_13	2.495227210122701
Emeolans	scaffold_14	
Emnestra	scaffold_1	2.775410078805686
Emnestra	scaffold_2	3.340647601722764
Emnestra	scaffold_3	2.270074425057322
Emnestra	scaffold_4	3.1132128728125084
Emnestra	scaffold_12	2.7232346125175133
Emnestra	scaffold_5	3.690300646019478
Emnestra	scaffold_6	3.3637532254879106
Emnestra	scaffold_7	3.3067006709061477
Emnestra	scaffold_8	3.3030908112315753
Emnestra	scaffold_9	2.7315476480183505
Emnestra	scaffold_10	3.728951126459647
Emnestra	scaffold_11	2.986475363756274
Emontana	scaffold_24	
Emontana	scaffold_1	2.285167069657433
Emontana	scaffold_2	0.6535483429706211
Emontana	scaffold_3	2.117946098266491
Emontana	scaffold_5	2.4298343354334375
Emontana	scaffold_6	2.4535022507743105
Emontana	scaffold_7	3.408204059942069
Emontana	scaffold_8	2.749236220590665
Emontana	scaffold_9	3.4242292693905667
Emontana	scaffold_10	2.889010155016728
Emontana	scaffold_11	2.450163572350947
Emontana	scaffold_12	2.782752540013889
Emontana	scaffold_13	2.86650648429694
Emontana	scaffold_14	2.8288464357868652
Emontana	scaffold_15	3.0666626336497615
Emontana	scaffold_16	3.0772012646455167
Emontana	scaffold_17	3.2639722835203617
Emontana	scaffold_18	3.2437231469112087
Emontana	scaffold_19	3.440708171583905
Emontana	scaffold_20	2.8248610310549167
Emontana	scaffold_21	2.0729043700534757
Emontana	scaffold_22	4.010897358195188
Emontana	scaffold_23	2.1126261373771573
Emontana	scaffold_4	
Epalarica	scaffold_1	2.524499110744143
Epalarica	scaffold_2	3.1544907532817517
Epalarica	scaffold_3	2.6555953639860967
Epalarica	scaffold_4	2.526122701601786
Epalarica	scaffold_14	2.5284319248080536
Epalarica	scaffold_5	2.4894495844006173
Epalarica	scaffold_6	2.5979052179620297
Epalarica	scaffold_7	2.9852952456741777
Epalarica	scaffold_8	2.425469300727562
Epalarica	scaffold_9	2.373669914743052
Epalarica	scaffold_10	2.7298000050448223
Epalarica	scaffold_11	3.184068165733308
Epalarica	scaffold_12	3.143426604106543
Epalarica	scaffold_13	2.2695550144407233
Epharte	scaffold_1	5.110682598785031
Epharte	scaffold_2	3.2214024001120087
Epharte	scaffold_3	3.270315794290135
Epharte	scaffold_20	3.277318347316916
Epharte	scaffold_4	3.654246723318607
Epharte	scaffold_5	2.9910482916308756
Epharte	scaffold_6	3.7571677926971314
Epharte	scaffold_7	2.5470638347373327
Epharte	scaffold_8	3.2229615536280014
Epharte	scaffold_9	2.945041702051274
Epharte	scaffold_10	3.7971101726656755
Epharte	scaffold_11	2.949371057180252
Epharte	scaffold_12	3.411237932875685
Epharte	scaffold_13	3.510752561081515
Epharte	scaffold_14	3.8635685546974026
Epharte	scaffold_15	3.188032156075459
Epharte	scaffold_16	3.840522043971464
Epharte	scaffold_17	4.215294658055901
Epharte	scaffold_18	3.694841798044923
Epharte	scaffold_19	6.7356176305767015
Epronoe	scaffold_21	3.035753427705512
Epronoe	scaffold_1	3.2096992449377946
Epronoe	scaffold_3	4.51419670814969
Epronoe	scaffold_5	3.202757181267483
Epronoe	scaffold_6	3.4542874108780723
Epronoe	scaffold_7	4.20925390670927
Epronoe	scaffold_8	3.836477673222444
Epronoe	scaffold_9	3.282784679638147
Epronoe	scaffold_10	3.5478423633521516
Epronoe	scaffold_11	3.6774851896807466
Epronoe	scaffold_12	3.3725535765051458
Epronoe	scaffold_13	3.625982553264497
Epronoe	scaffold_14	3.785478002498386
Epronoe	scaffold_15	3.132790983160301
Epronoe	scaffold_16	2.802205616684676
Epronoe	scaffold_17	3.780406375932625
Epronoe	scaffold_18	3.4698755582687615
Epronoe	scaffold_2	
Epronoe	scaffold_19	3.869039846274107
Epronoe	scaffold_20	3.930062476472133
Epronoe	scaffold_4	
Erondoui	scaffold_25	
Erondoui	scaffold_2	0.6525028214813914
Erondoui	scaffold_1	2.6643779103897187
Erondoui	scaffold_3	3.4199312202983863
Erondoui	scaffold_5	2.961460117251307
Erondoui	scaffold_6	2.8655462473781466
Erondoui	scaffold_7	3.5800796116148197
Erondoui	scaffold_8	2.881526738681612
Erondoui	scaffold_9	3.03476836793247
Erondoui	scaffold_10	2.8208502311312356
Erondoui	scaffold_11	4.582878224842663
Erondoui	scaffold_12	2.8013079553512084
Erondoui	scaffold_13	3.6912714293038995
Erondoui	scaffold_14	3.976082749876094
Erondoui	scaffold_4	3.594600423335687
Erondoui	scaffold_15	3.1486327524122775
Erondoui	scaffold_16	2.2110221668491623
Erondoui	scaffold_17	5.78814572834242
Erondoui	scaffold_18	5.3764447352365945
Erondoui	scaffold_19	2.977193159059919
Erondoui	scaffold_20	2.848050673321893
Erondoui	scaffold_21	2.9401318623535144
Erondoui	scaffold_22	2.977596326973178
Erondoui	scaffold_23	3.0675419885385993
Erondoui	scaffold_24	3.3623086851813166
Estirius	scaffold_1	4.82993209133701
Estirius	scaffold_21	2.5630024118198387
Estirius	scaffold_2	2.8662176486253883
Estirius	scaffold_3	3.058806597502098
Estirius	scaffold_4	2.43360449329461
Estirius	scaffold_5	2.7071590169711235
Estirius	scaffold_6	2.91385137314606
Estirius	scaffold_7	3.0182811980222883
Estirius	scaffold_8	3.5435824622842116
Estirius	scaffold_9	4.003001481582874
Estirius	scaffold_10	2.7769087876430096
Estirius	scaffold_11	2.9279663361206256
Estirius	scaffold_12	3.1356602007450447
Estirius	scaffold_13	3.368671837691853
Estirius	scaffold_14	3.053557266455457
Estirius	scaffold_15	3.3184982845164943
Estirius	scaffold_16	3.847241175411741
Estirius	scaffold_17	2.024135877115488
Estirius	scaffold_18	3.973166919602449
Estirius	scaffold_19	2.989361539994101
Estirius	scaffold_20	4.5504565173942515
Esudetica	scaffold_21	2.8817999901700073
Esudetica	scaffold_1	2.8506628962590135
Esudetica	scaffold_2	3.407760359095369
Esudetica	scaffold_3	3.0336740253425605
Esudetica	scaffold_4	3.4086415466222655
Esudetica	scaffold_5	3.7845635466676577
Esudetica	scaffold_6	2.7309242089989256
Esudetica	scaffold_7	3.411183555658746
Esudetica	scaffold_8	3.8780163725269063
Esudetica	scaffold_9	3.1661241541237577
Esudetica	scaffold_10	3.5011971028455826
Esudetica	scaffold_11	3.70064909982767
Esudetica	scaffold_12	4.068600160413315
Esudetica	scaffold_13	3.800124684190525
Esudetica	scaffold_14	3.905700167722455
Esudetica	scaffold_15	3.6654341880535646
Esudetica	scaffold_16	3.8151622486650254
Esudetica	scaffold_17	3.6829526541334996
Esudetica	scaffold_18	3.4519100683002497
Esudetica	scaffold_19	3.395355381214066
Esudetica	scaffold_20	
Etriaria	scaffold_17	
Etriaria	scaffold_1	2.962652624936793
Etriaria	scaffold_2	0.5261275762737118
Etriaria	scaffold_3	3.3585357675070777
Etriaria	scaffold_5	3.9514777345795604
Etriaria	scaffold_6	3.44835223764788
Etriaria	scaffold_7	3.2246062443219987
Etriaria	scaffold_8	3.0457536303924218
Etriaria	scaffold_9	3.0387939593735562
Etriaria	scaffold_10	3.1029713852407985
Etriaria	scaffold_11	3.2974893649097825
Etriaria	scaffold_12	3.1408315988593123
Etriaria	scaffold_13	2.8441431038372302
Etriaria	scaffold_14	2.8779415880127517
Etriaria	scaffold_15	3.4284600158923215
Etriaria	scaffold_16	3.4557436476015244
Etriaria	scaffold_4	2.992509030363125
Mjurtina	scaffold_1	2.9368727282610703
Mjurtina	scaffold_30	2.0475921534720967
Mjurtina	scaffold_2	2.7997947380885715
Mjurtina	scaffold_3	2.6496743147978097
Mjurtina	scaffold_4	3.6336786885708867
Mjurtina	scaffold_5	2.5137029340894337
Mjurtina	scaffold_6	3.615019817597481
Mjurtina	scaffold_7	3.137598666861222
Mjurtina	scaffold_8	2.9993501531839444
Mjurtina	scaffold_9	3.5722561715807415
Mjurtina	scaffold_10	2.891140035839436
Mjurtina	scaffold_11	2.9737602818918427
Mjurtina	scaffold_12	3.1550014912219813
Mjurtina	scaffold_13	2.711418947068349
Mjurtina	scaffold_14	2.7347344950264927
Mjurtina	scaffold_15	2.826366420632411
Mjurtina	scaffold_16	2.4621676468971105
Mjurtina	scaffold_17	3.4484559846868663
Mjurtina	scaffold_18	3.5319900840330574
Mjurtina	scaffold_19	3.8090072922655582
Mjurtina	scaffold_20	4.666830670754224
Mjurtina	scaffold_21	2.4775277687468145
Mjurtina	scaffold_22	1.9839361688889126
Mjurtina	scaffold_23	2.1630595815929645
Mjurtina	scaffold_24	2.805362354861758
Mjurtina	scaffold_25	4.189332377040398
Mjurtina	scaffold_26	2.838768124907712
Mjurtina	scaffold_29	
Mjurtina	scaffold_27	1.9404438626621525
Mjurtina	scaffold_28	2.5120930581903913
Mcinxia	scaffold_31	2.4825915763753774
Mcinxia	scaffold_1	3.399789664388603
Mcinxia	scaffold_2	3.7627493628575484
Mcinxia	scaffold_3	3.235106919489535
Mcinxia	scaffold_4	3.7924329807030293
Mcinxia	scaffold_5	3.4506529342497716
Mcinxia	scaffold_6	3.704228839909061
Mcinxia	scaffold_7	3.113219494756043
Mcinxia	scaffold_8	3.7670627127666148
Mcinxia	scaffold_9	3.566992170768131
Mcinxia	scaffold_10	3.909456738034889
Mcinxia	scaffold_11	3.729793648677197
Mcinxia	scaffold_12	3.4552456739869566
Mcinxia	scaffold_13	4.407387201839874
Mcinxia	scaffold_14	3.242937912272033
Mcinxia	scaffold_15	3.105459339334333
Mcinxia	scaffold_16	3.87649312896461
Mcinxia	scaffold_17	3.8308335681206054
Mcinxia	scaffold_18	4.233507674595663
Mcinxia	scaffold_19	3.4702809716356913
Mcinxia	scaffold_20	3.595592678618218
Mcinxia	scaffold_21	3.456215030075159
Mcinxia	scaffold_22	3.965116393692687
Mcinxia	scaffold_23	3.4486405521095156
Mcinxia	scaffold_24	3.026954954858078
Mcinxia	scaffold_25	2.7408493567318186
Mcinxia	scaffold_26	2.760390239871182
Mcinxia	scaffold_27	3.298174863843078
Mcinxia	scaffold_28	3.1442019273301014
Mcinxia	scaffold_29	2.7272647423585883
Mcinxia	scaffold_30	2.6834427280333184
