species	chrom	size	ratio_inter_intra
C0001	scaffold_1	42894523	3.1651
C0001	scaffold_10	20057127	16.8446
C0001	scaffold_11	20049701	16.72
C0001	scaffold_12	19754822	17.8048
C0001	scaffold_13	19175159	18.591
C0001	scaffold_14	18923300	16.8256
C0001	scaffold_15	17820001	8.4642
C0001	scaffold_16	17698457	18.7066
C0001	scaffold_17	17214683	19.8321
C0001	scaffold_18	16691572	21.7956
C0001	scaffold_19	15634627	22.7095
C0001	scaffold_2	35879653	7.5392
C0001	scaffold_20	15226368	NA
C0001	scaffold_3	33776446	9.033
C0001	scaffold_4	33230324	8.5843
C0001	scaffold_5	32846491	9.5398
C0001	scaffold_6	29600044	10.0096
C0001	scaffold_7	27901145	10.9211
C0001	scaffold_8	26568539	11.0996
C0001	scaffold_9	21488246	16.0698
C0055	scaffold_1	39244018	2.2412
C0055	scaffold_10	13525751	8.6144
C0055	scaffold_11	13224960	9.082
C0055	scaffold_12	12098087	10.2418
C0055	scaffold_13	12036327	12.24
C0055	scaffold_14	11724244	10.814
C0055	scaffold_15	11657766	11.2146
C0055	scaffold_16	11532974	11.1368
C0055	scaffold_17	11273578	12.2456
C0055	scaffold_18	11284610	11.3017
C0055	scaffold_19	11122842	13.0978
C0055	scaffold_2	21065659	6.1962
C0055	scaffold_20	11259441	11.4108
C0055	scaffold_21	10965443	12.3241
C0055	scaffold_22	10969485	12.8047
C0055	scaffold_23	11251810	12.5454
C0055	scaffold_24	10613514	12.6235
C0055	scaffold_25	10520775	13.2537
C0055	scaffold_26	10455133	12.5952
C0055	scaffold_27	10020731	15.1183
C0055	scaffold_28	9909570	13.666
C0055	scaffold_29	9785007	14.9341
C0055	scaffold_3	17819051	6.1428
C0055	scaffold_30	9673251	14.9376
C0055	scaffold_31	9620995	15.2139
C0055	scaffold_32	9591660	17.6326
C0055	scaffold_33	11072122	12.7604
C0055	scaffold_34	10104160	13.8267
C0055	scaffold_35	8784908	17.9934
C0055	scaffold_36	9040454	16.7238
C0055	scaffold_37	14046516	8.4638
C0055	scaffold_38	8593866	18.5045
C0055	scaffold_39	9316256	16.3291
C0055	scaffold_4	18716436	6.1493
C0055	scaffold_40	8390101	17.9771
C0055	scaffold_5	15476122	7.4828
C0055	scaffold_6	15364130	6.9415
C0055	scaffold_7	14577335	7.5733
C0055	scaffold_8	14268553	9.0023
C0055	scaffold_9	13744587	8.5571
C0080	scaffold_1	100534318	1.5602
C0080	scaffold_2	71129573	2.0309
C0080	scaffold_3	68496016	1.9457
C0080	scaffold_4	59986056	2.6236
C0080	scaffold_5	57514725	1.3612
C0080	scaffold_6	51532479	2.6929
C0080	scaffold_7	46387527	3.6154
C0080	scaffold_8	46326872	3.243
C0080	scaffold_9	13729735	154.859
C0100	scaffold_1	36997427	5.9034
C0100	scaffold_10	13210770	37.6832
C0100	scaffold_11	13065310	39.1258
C0100	scaffold_12	11809065	43.387
C0100	scaffold_13	10243499	52.2712
C0100	scaffold_14	9769561	58.1606
C0100	scaffold_15	9801045	56.9324
C0100	scaffold_16	9579752	57.2066
C0100	scaffold_17	9339885	61.5411
C0100	scaffold_18	9242237	60.7897
C0100	scaffold_19	9184779	59.5853
C0100	scaffold_2	17761272	13.4022
C0100	scaffold_20	9139700	59.1678
C0100	scaffold_21	9126001	60.6613
C0100	scaffold_22	8969124	62.2285
C0100	scaffold_23	8939983	62.4884
C0100	scaffold_24	8625537	65.6412
C0100	scaffold_25	8540251	67.9636
C0100	scaffold_26	8453708	64.732
C0100	scaffold_27	8357229	66.0962
C0100	scaffold_28	8308647	75.913
C0100	scaffold_29	8249008	68.6212
C0100	scaffold_3	15285597	31.8715
C0100	scaffold_30	8168588	68.5904
C0100	scaffold_31	8172645	60.6856
C0100	scaffold_32	8170079	67.8968
C0100	scaffold_33	8112736	69.6728
C0100	scaffold_34	8020467	69.6213
C0100	scaffold_35	7890078	72.2762
C0100	scaffold_36	7782377	71.4112
C0100	scaffold_37	7583830	73.8153
C0100	scaffold_38	7566908	73.2161
C0100	scaffold_39	7521410	78.4094
C0100	scaffold_4	14415412	34.3841
C0100	scaffold_40	7353535	78.3163
C0100	scaffold_41	7419302	76.301
C0100	scaffold_42	7296236	76.5429
C0100	scaffold_43	7203569	80.6091
C0100	scaffold_44	6952263	84.374
C0100	scaffold_45	6157525	97.0186
C0100	scaffold_46	6080694	93.8439
C0100	scaffold_47	5897521	97.4753
C0100	scaffold_48	5895268	100.2957
C0100	scaffold_49	5665513	104.8788
C0100	scaffold_5	13896606	36.0572
C0100	scaffold_50	5422316	109.3215
C0100	scaffold_51	5277160	106.1247
C0100	scaffold_52	7916641	279.9333
C0100	scaffold_6	13800488	38.9559
C0100	scaffold_7	13748377	36.0598
C0100	scaffold_8	13284048	37.7127
C0100	scaffold_9	13241553	38.0813
X2575	scaffold_1	29989463	3.2792
X2575	scaffold_10	21483191	5.5305
X2575	scaffold_11	19854737	5.4658
X2575	scaffold_12	19369577	6.1913
X2575	scaffold_13	20414053	5.4769
X2575	scaffold_14	19759810	5.7141
X2575	scaffold_15	19467203	5.6096
X2575	scaffold_16	19618528	5.5324
X2575	scaffold_17	19008025	6.4076
X2575	scaffold_18	18192571	6.2649
X2575	scaffold_19	17808383	6.4012
X2575	scaffold_2	23972015	4.7429
X2575	scaffold_20	17768859	6.3428
X2575	scaffold_21	17571008	6.793
X2575	scaffold_22	16245388	7.4016
X2575	scaffold_23	16022350	7.9452
X2575	scaffold_24	13398917	8.8201
X2575	scaffold_25	12878641	9.7859
X2575	scaffold_26	10546484	11.8747
X2575	scaffold_27	8719212	14.8385
X2575	scaffold_28	9768352	14.9503
X2575	scaffold_3	23645765	4.3817
X2575	scaffold_4	22775921	5.2152
X2575	scaffold_5	23330544	4.8263
X2575	scaffold_6	23172011	2.0512
X2575	scaffold_7	22593700	5.6552
X2575	scaffold_8	21606717	4.8408
X2575	scaffold_9	22292546	4.5521
X2576	scaffold_1	31240052	3.2566
X2576	scaffold_10	21733498	5.003
X2576	scaffold_11	22119809	5.7942
X2576	scaffold_12	21591836	5.3415
X2576	scaffold_13	20464825	5.5451
X2576	scaffold_14	20629981	5.4807
X2576	scaffold_15	20211639	5.9431
X2576	scaffold_16	20024659	6.2984
X2576	scaffold_17	18916128	6.0254
X2576	scaffold_18	18730151	5.8344
X2576	scaffold_19	18429661	6.8293
X2576	scaffold_2	25047042	4.4181
X2576	scaffold_20	18387209	6.4014
X2576	scaffold_21	16861714	7.6334
X2576	scaffold_22	16842845	7.4546
X2576	scaffold_23	20328026	5.5665
X2576	scaffold_24	14695641	9.7468
X2576	scaffold_25	13557508	9.7132
X2576	scaffold_26	11450555	12.2416
X2576	scaffold_27	10502295	15.4453
X2576	scaffold_28	8955374	17.2656
X2576	scaffold_29	6591700	NA
X2576	scaffold_3	24301944	4.6143
X2576	scaffold_4	24498023	4.6802
X2576	scaffold_5	23250913	5.891
X2576	scaffold_6	23498624	5.3799
X2576	scaffold_7	24134171	2.1267
X2576	scaffold_8	23220895	4.4307
X2576	scaffold_9	22739584	4.6199
X3252	scaffold_1	43869661	2.1279
X3252	scaffold_10	21666481	12.7439
X3252	scaffold_11	20420699	12.8189
X3252	scaffold_12	20175565	13.0779
X3252	scaffold_13	20206566	13.4713
X3252	scaffold_14	19968224	13.8734
X3252	scaffold_15	19917339	13.4425
X3252	scaffold_16	18613313	14.8615
X3252	scaffold_17	18481954	17.5397
X3252	scaffold_18	18638124	15.0115
X3252	scaffold_19	18187076	15.0731
X3252	scaffold_2	23774035	11.0808
X3252	scaffold_20	17926569	15.6993
X3252	scaffold_21	17879688	15.1839
X3252	scaffold_22	17691837	16.6416
X3252	scaffold_23	17681055	21.8001
X3252	scaffold_24	14184124	20.6583
X3252	scaffold_25	13175205	22.8874
X3252	scaffold_26	12639536	21.2233
X3252	scaffold_27	11599131	28.495
X3252	scaffold_28	10052879	26.4254
X3252	scaffold_29	43023518	715.2692
X3252	scaffold_3	23911110	10.7907
X3252	scaffold_4	23678771	10.7598
X3252	scaffold_5	22448173	12.741
X3252	scaffold_6	23114643	11.3124
X3252	scaffold_7	23202313	12.1257
X3252	scaffold_8	21889327	12.1269
X3252	scaffold_9	21972728	11.9902
X3258	scaffold_1	59644855	2.0175
X3258	scaffold_10	34788775	7.6938
X3258	scaffold_11	33617605	7.487
X3258	scaffold_12	22674045	NA
X3258	scaffold_2	55864847	4.3502
X3258	scaffold_3	53749905	4.1075
X3258	scaffold_4	51735000	4.528
X3258	scaffold_5	46123792	5.504
X3258	scaffold_6	45576453	4.9592
X3258	scaffold_7	44891785	5.6944
X3258	scaffold_8	38703603	6.8363
X3258	scaffold_9	35523135	6.9635
X3311	scaffold_1	42336005	6.1918
X3311	scaffold_10	32486046	8.4992
X3311	scaffold_11	27562603	11.9781
X3311	scaffold_12	26435890	12.4557
X3311	scaffold_13	21679127	14.2534
X3311	scaffold_14	15953076	22.6667
X3311	scaffold_15_16	20769537	NA
X3311	scaffold_2	37279938	7.4138
X3311	scaffold_3	36752064	7.353
X3311	scaffold_4	36413192	7.8217
X3311	scaffold_5	35924571	4.1421
X3311	scaffold_6	34997696	7.7006
X3311	scaffold_7	34691039	7.8305
X3311	scaffold_8	33403613	8.9501
X3311	scaffold_9	33028892	8.1396
X3506	scaffold_1	55597048	0.7494
X3506	scaffold_10	21340370	2.1526
X3506	scaffold_11	20655643	2.2034
X3506	scaffold_12	20816206	2.2064
X3506	scaffold_13	19368781	2.8511
X3506	scaffold_14	19724047	2.4373
X3506	scaffold_15	19735242	2.5479
X3506	scaffold_16	19534356	2.5492
X3506	scaffold_17	18572207	2.672
X3506	scaffold_18	18914145	2.6213
X3506	scaffold_19	18291368	2.5671
X3506	scaffold_2	42084978	0.4134
X3506	scaffold_20	18259818	2.7579
X3506	scaffold_21	18011509	2.7158
X3506	scaffold_22	17894018	2.7245
X3506	scaffold_23	17499984	2.964
X3506	scaffold_24	6508605	544.3333
X3506	scaffold_3	27078367	1.5889
X3506	scaffold_4	23801230	2.1195
X3506	scaffold_5	23562929	1.7401
X3506	scaffold_6	22931906	2.1453
X3506	scaffold_7	22202305	2.3041
X3506	scaffold_8	21240467	2.1433
X3506	scaffold_9	21435757	2.257
X3531	scaffold_1	72576046	1.4503
X3531	scaffold_10	34192860	2.6717
X3531	scaffold_11	29969229	NA
X3531	scaffold_2	62391918	0.8211
X3531	scaffold_3	60709208	1.7957
X3531	scaffold_4	58421957	1.5942
X3531	scaffold_5	55683060	1.7723
X3531	scaffold_6	53756506	1.7844
X3531	scaffold_7	46193233	2.3709
X3531	scaffold_8	36501054	2.4566
X3531	scaffold_9	35709248	2.7107
X3737	scaffold_1	73472807	1.935
X3737	scaffold_10	34581850	3.9947
X3737	scaffold_11	30516839	NA
X3737	scaffold_2	59893378	1.2056
X3737	scaffold_3	53868344	2.428
X3737	scaffold_4	53298135	2.2756
X3737	scaffold_5	50911320	2.5347
X3737	scaffold_6	44972102	3.4807
X3737	scaffold_7	42855700	3.4031
X3737	scaffold_8	46598952	2.8274
X3737	scaffold_9	35367999	4.7121
Eaethiops	scaffold_1	33250929	24.9305
Eaethiops	scaffold_10	20447687	41.4431
Eaethiops	scaffold_11	20147788	41.7952
Eaethiops	scaffold_12	19454486	43.2076
Eaethiops	scaffold_13	19295961	45.4569
Eaethiops	scaffold_14	18418799	48.7013
Eaethiops	scaffold_15	17949451	46.9579
Eaethiops	scaffold_16	17052335	50.4718
Eaethiops	scaffold_17	15924777	53.6052
Eaethiops	scaffold_18	15759670	56.3218
Eaethiops	scaffold_19	3109463	682.2576
Eaethiops	scaffold_2	32763723	25.5449
Eaethiops	scaffold_20	37954409	20.9983
Eaethiops	scaffold_3	32718998	24.9373
Eaethiops	scaffold_4	30437488	27.1959
Eaethiops	scaffold_5	30006606	31.3073
Eaethiops	scaffold_6	26256363	31.7681
Eaethiops	scaffold_7	25856419	32.2126
Eaethiops	scaffold_8	23962118	35.5119
Eaethiops	scaffold_9	20717660	42.7276
Ealbergana	scaffold_1	46360880	2.3265
Ealbergana	scaffold_10	20460364	2.8829
Ealbergana	scaffold_11	20242725	2.9919
Ealbergana	scaffold_12	19062536	3.2078
Ealbergana	scaffold_13	18738826	3.3232
Ealbergana	scaffold_14	17637637	3.4921
Ealbergana	scaffold_15	16303918	3.8402
Ealbergana	scaffold_16	15757110	3.9088
Ealbergana	scaffold_17	7410104	71.5
Ealbergana	scaffold_18	39971635	1.3058
Ealbergana	scaffold_2	43217568	2.4802
Ealbergana	scaffold_3	34726629	2.473
Ealbergana	scaffold_4	34011480	2.6103
Ealbergana	scaffold_5	31883850	2.7446
Ealbergana	scaffold_6	27824556	2.9985
Ealbergana	scaffold_7	25329252	3.8016
Ealbergana	scaffold_8	25252892	3.243
Ealbergana	scaffold_9	21518286	3.1618
Ebubastis	scaffold_1	22986840	24.8622
Ebubastis	scaffold_10	19201147	29.8088
Ebubastis	scaffold_11	18986437	31.3014
Ebubastis	scaffold_12	18702882	30.5396
Ebubastis	scaffold_13	18315032	31.5584
Ebubastis	scaffold_14	18295095	31.2842
Ebubastis	scaffold_15	18214182	32.6001
Ebubastis	scaffold_16	17440534	32.8672
Ebubastis	scaffold_17	17191674	34.0709
Ebubastis	scaffold_18	17172653	33.829
Ebubastis	scaffold_19	17147511	34.4043
Ebubastis	scaffold_2	22325710	24.8872
Ebubastis	scaffold_20	16609399	35.5445
Ebubastis	scaffold_21	15887365	38.0578
Ebubastis	scaffold_22	15566855	37.3034
Ebubastis	scaffold_23	12767045	41.4301
Ebubastis	scaffold_24	12355907	50.3379
Ebubastis	scaffold_25	12124795	50.2464
Ebubastis	scaffold_26	10630552	63.9244
Ebubastis	scaffold_27	10563649	61.0434
Ebubastis	scaffold_28	9320058	68.0577
Ebubastis	scaffold_29	13875637	NA
Ebubastis	scaffold_3	21903338	26.0323
Ebubastis	scaffold_30	22294515	14.2147
Ebubastis	scaffold_4	21897319	26.3121
Ebubastis	scaffold_5	21755032	26.394
Ebubastis	scaffold_6	20834264	26.7819
Ebubastis	scaffold_7	20459521	27.5983
Ebubastis	scaffold_8	20265689	27.9693
Ebubastis	scaffold_9	19886169	28.5225
Echristi	scaffold_1	41742025	14.2578
Echristi	scaffold_10	23334137	27.3846
Echristi	scaffold_11	22723882	27.6397
Echristi	scaffold_12	22454076	28.6548
Echristi	scaffold_13	21775181	30.4384
Echristi	scaffold_14	20424618	31.1792
Echristi	scaffold_15	19748295	32.8689
Echristi	scaffold_16	19578592	33.0692
Echristi	scaffold_17	18449745	34.8639
Echristi	scaffold_18	18406025	35.0691
Echristi	scaffold_19	18290701	36.9169
Echristi	scaffold_2	36620102	16.327
Echristi	scaffold_20	59746258	9.9128
Echristi	scaffold_3	36061811	16.5801
Echristi	scaffold_4	34901154	18.3213
Echristi	scaffold_5	31280601	20.127
Echristi	scaffold_6	27462422	22.8746
Echristi	scaffold_7	24459085	25.8913
Echristi	scaffold_8	24410452	26.6243
Echristi	scaffold_9	23725716	26.9418
Edisa	scaffold_1	26776436	20.2642
Edisa	scaffold_10	22169054	25.3143
Edisa	scaffold_11	22027339	24.9177
Edisa	scaffold_12	21395152	27.6116
Edisa	scaffold_13	21105034	26.1259
Edisa	scaffold_14	20828408	27.5521
Edisa	scaffold_15	20633008	28.2943
Edisa	scaffold_16	19736432	29.33
Edisa	scaffold_17	19491559	29.8902
Edisa	scaffold_18	19309229	30.4527
Edisa	scaffold_19	19285784	29.5568
Edisa	scaffold_2	26117765	21.3497
Edisa	scaffold_20	19149958	30.3865
Edisa	scaffold_21	17573617	34.9188
Edisa	scaffold_22	17292476	32.3001
Edisa	scaffold_23	16418615	35.5551
Edisa	scaffold_24	13771488	45.3281
Edisa	scaffold_25	13740607	46.0022
Edisa	scaffold_26	11909551	58.8861
Edisa	scaffold_27	10227347	66.4435
Edisa	scaffold_28	9644264	68.9603
Edisa	scaffold_29	26161892	21.7316
Edisa	scaffold_3	25720385	22.2032
Edisa	scaffold_4	24594238	22.9735
Edisa	scaffold_5	24390302	23.4045
Edisa	scaffold_6	24291519	22.5977
Edisa	scaffold_7	23759800	23.162
Edisa	scaffold_8	23616118	23.2711
Edisa	scaffold_9	22499406	24.6078
Eembla	scaffold_1	25851262	20.2197
Eembla	scaffold_10	21045373	24.7138
Eembla	scaffold_11	20979829	24.7425
Eembla	scaffold_12	20929199	26.7322
Eembla	scaffold_13	20893549	25.2127
Eembla	scaffold_14	20822550	26.0444
Eembla	scaffold_15	20131644	27.0182
Eembla	scaffold_16	19246899	28.1611
Eembla	scaffold_17	19109812	28.359
Eembla	scaffold_18	18735975	28.6876
Eembla	scaffold_19	18631600	29.4661
Eembla	scaffold_2	24744570	21.1787
Eembla	scaffold_20	18438963	31.8219
Eembla	scaffold_21	17920257	30.7049
Eembla	scaffold_22	17691042	32.2263
Eembla	scaffold_23	16347135	31.5652
Eembla	scaffold_24	14003619	44.423
Eembla	scaffold_25	12546854	48.2311
Eembla	scaffold_26	12088702	49.1567
Eembla	scaffold_27	10436196	60.6155
Eembla	scaffold_28	9268108	63.2255
Eembla	scaffold_29	28056099	10.0303
Eembla	scaffold_3	24171992	22.3296
Eembla	scaffold_4	24018609	21.9577
Eembla	scaffold_5	23420420	21.9983
Eembla	scaffold_6	23055559	22.735
Eembla	scaffold_7	22960944	23.0281
Eembla	scaffold_8	22613205	23.2614
Eembla	scaffold_9	22212404	23.7461
Eepiphron	scaffold_1	56060275	10.8123
Eepiphron	scaffold_10	23120909	29.7634
Eepiphron	scaffold_11	22599830	31.0148
Eepiphron	scaffold_12	21369120	33.1677
Eepiphron	scaffold_13	19385403	34.6597
Eepiphron	scaffold_14	19263979	36.7763
Eepiphron	scaffold_15	19160422	35.3152
Eepiphron	scaffold_16	56356172	10.94
Eepiphron	scaffold_2	52294076	11.7129
Eepiphron	scaffold_3	44545365	14.8592
Eepiphron	scaffold_4	38974291	16.9487
Eepiphron	scaffold_5	35217598	18.0204
Eepiphron	scaffold_6	32370894	22.1264
Eepiphron	scaffold_7	30697917	20.9386
Eepiphron	scaffold_8	26402473	25.8183
Eepiphron	scaffold_9	24050510	28.8297
Eeriphyle	scaffold_1	22337439	13.1654
Eeriphyle	scaffold_10	18586165	16.09
Eeriphyle	scaffold_11	18414486	16.7908
Eeriphyle	scaffold_12	18316001	16.2533
Eeriphyle	scaffold_13	18305368	16.2927
Eeriphyle	scaffold_14	18262779	17.3966
Eeriphyle	scaffold_15	17983595	17.0236
Eeriphyle	scaffold_16	17436064	17.9502
Eeriphyle	scaffold_17	17034071	17.8895
Eeriphyle	scaffold_18	16829591	17.782
Eeriphyle	scaffold_19	16828939	18.3047
Eeriphyle	scaffold_2	21456145	13.8122
Eeriphyle	scaffold_20	16639128	19.1724
Eeriphyle	scaffold_21	15951482	19.8433
Eeriphyle	scaffold_22	15110505	20.2323
Eeriphyle	scaffold_23	12727710	18.0068
Eeriphyle	scaffold_24	12671268	26.4048
Eeriphyle	scaffold_25	11807194	29.8339
Eeriphyle	scaffold_26	10751925	32.1609
Eeriphyle	scaffold_27	9191859	39.1646
Eeriphyle	scaffold_28	9177105	33.7712
Eeriphyle	scaffold_29	2900013	1826.6667
Eeriphyle	scaffold_3	21227227	14.5696
Eeriphyle	scaffold_30	23339978	5.0407
Eeriphyle	scaffold_4	20836187	13.8911
Eeriphyle	scaffold_5	20636382	15.2367
Eeriphyle	scaffold_6	20317116	14.0383
Eeriphyle	scaffold_7	20313186	14.4559
Eeriphyle	scaffold_8	19573350	15.8162
Eeriphyle	scaffold_9	18882340	15.9356
Eflavofasciata	scaffold_1	43029883	5.6957
Eflavofasciata	scaffold_10	22912776	12.5912
Eflavofasciata	scaffold_11	22019391	12.705
Eflavofasciata	scaffold_12	21852660	13.7629
Eflavofasciata	scaffold_13	21771711	13.487
Eflavofasciata	scaffold_14	21435412	13.1449
Eflavofasciata	scaffold_15	19548198	14.3424
Eflavofasciata	scaffold_16	19354820	15.1021
Eflavofasciata	scaffold_17	19282137	15.9551
Eflavofasciata	scaffold_18	18614028	15.3935
Eflavofasciata	scaffold_19	18149235	15.933
Eflavofasciata	scaffold_2	60335663	1.7626
Eflavofasciata	scaffold_20	18101694	16.3211
Eflavofasciata	scaffold_21	90188955	375
Eflavofasciata	scaffold_3	42493033	5.5827
Eflavofasciata	scaffold_4	30575191	2.6971
Eflavofasciata	scaffold_5	35578783	7.0049
Eflavofasciata	scaffold_6	30971213	8.2739
Eflavofasciata	scaffold_7	23877205	11.2962
Eflavofasciata	scaffold_8	23613216	12.0502
Eflavofasciata	scaffold_9	23468549	11.9951
Egorge	scaffold_1	36679467	12.9118
Egorge	scaffold_10	19258961	25.8627
Egorge	scaffold_11	18917448	26.9178
Egorge	scaffold_12	17775117	28.1352
Egorge	scaffold_13	17645256	28.1847
Egorge	scaffold_14	17528659	28.5695
Egorge	scaffold_15	17234039	29.9175
Egorge	scaffold_16	17111873	29.224
Egorge	scaffold_17	16806974	29.532
Egorge	scaffold_18	16495684	30.0362
Egorge	scaffold_19	3254584	322.7048
Egorge	scaffold_2	36211071	12.5496
Egorge	scaffold_20	31524779	NA
Egorge	scaffold_21	41471319	5.9399
Egorge	scaffold_3	35948615	13.0423
Egorge	scaffold_4	33913849	13.1023
Egorge	scaffold_5	33211283	14.3926
Egorge	scaffold_6	31961926	15.071
Egorge	scaffold_7	27292286	16.9344
Egorge	scaffold_8	20333018	23.5716
Egorge	scaffold_9	20011755	25.2765
Eligea	scaffold_1	22722498	1.2272
Eligea	scaffold_10	19308094	1.3602
Eligea	scaffold_11	19222650	1.3431
Eligea	scaffold_12	19149538	1.4758
Eligea	scaffold_13	18887656	1.4853
Eligea	scaffold_14	18503831	1.52
Eligea	scaffold_15	18360966	1.6471
Eligea	scaffold_16	17538717	1.5604
Eligea	scaffold_17	17224156	1.6761
Eligea	scaffold_18	16815826	1.5924
Eligea	scaffold_19	16815746	1.7148
Eligea	scaffold_2	22111991	1.3023
Eligea	scaffold_20	16643629	1.7022
Eligea	scaffold_21	15512777	1.9452
Eligea	scaffold_22	15261769	2.1469
Eligea	scaffold_23	12471568	2.701
Eligea	scaffold_24	12368103	2.3976
Eligea	scaffold_25	11938575	2.6702
Eligea	scaffold_26	10276669	3.436
Eligea	scaffold_27	9222146	3.7275
Eligea	scaffold_28	8136713	5.226
Eligea	scaffold_29	21639543	1.2366
Eligea	scaffold_3	22009152	1.1195
Eligea	scaffold_4	21419478	1.4076
Eligea	scaffold_5	20971809	1.2865
Eligea	scaffold_6	20769560	1.1753
Eligea	scaffold_7	20520507	1.256
Eligea	scaffold_8	20105321	1.3416
Eligea	scaffold_9	20064828	1.4358
Emanto	scaffold_1	22987716	31.9736
Emanto	scaffold_10	19346989	38.0229
Emanto	scaffold_11	18983355	38.933
Emanto	scaffold_12	18696045	40.1705
Emanto	scaffold_13	18594484	40.5596
Emanto	scaffold_14	18529153	40.2922
Emanto	scaffold_15	18415714	40.5833
Emanto	scaffold_16	17580000	42.2396
Emanto	scaffold_17	17346501	43.3836
Emanto	scaffold_18	17189678	44.4382
Emanto	scaffold_19	17073414	44.1126
Emanto	scaffold_2	22018614	33.0138
Emanto	scaffold_20	17013477	43.7513
Emanto	scaffold_21	15991637	46.0653
Emanto	scaffold_22	15524920	49.8813
Emanto	scaffold_23	13029701	58.917
Emanto	scaffold_24	12640756	62.709
Emanto	scaffold_25	12278402	63.5747
Emanto	scaffold_26	10827013	73.9339
Emanto	scaffold_27	9797470	87.6285
Emanto	scaffold_28	9788017	90.4522
Emanto	scaffold_29	22058811	24.522
Emanto	scaffold_3	21930229	33.4574
Emanto	scaffold_4	21799136	35.4211
Emanto	scaffold_5	21334950	35.1576
Emanto	scaffold_6	20927468	35.1772
Emanto	scaffold_7	20207998	37.277
Emanto	scaffold_8	20166539	36.2214
Emanto	scaffold_9	19645308	37.8011
Emedusa	scaffold_1	67893953	9.942
Emedusa	scaffold_10	28841450	26.035
Emedusa	scaffold_11	60275483	4543
Emedusa	scaffold_12	56880843	9.0518
Emedusa	scaffold_2	57786388	12.0215
Emedusa	scaffold_3	45008143	16.2386
Emedusa	scaffold_4	44890541	16.2859
Emedusa	scaffold_5	38500511	19.0771
Emedusa	scaffold_6	35859892	20.7799
Emedusa	scaffold_7	35842847	21.4793
Emedusa	scaffold_8	35392068	21.045
Emedusa	scaffold_9	34437030	21.4958
Emelampus	scaffold_1	35554685	13.3838
Emelampus	scaffold_10	20054411	26.5232
Emelampus	scaffold_11	19774127	27.303
Emelampus	scaffold_12	19476446	26.409
Emelampus	scaffold_13	18587889	27.5777
Emelampus	scaffold_14	17881683	30.5182
Emelampus	scaffold_15	17268297	30.4713
Emelampus	scaffold_16	17058878	31.5815
Emelampus	scaffold_17	17012596	32.219
Emelampus	scaffold_18	16623595	33.8495
Emelampus	scaffold_19	16525452	32.2182
Emelampus	scaffold_2	33111916	14.0705
Emelampus	scaffold_20	8632825	3899
Emelampus	scaffold_21	47858893	5.8048
Emelampus	scaffold_3	32831114	14.0702
Emelampus	scaffold_4	28166641	16.6598
Emelampus	scaffold_5	26919463	18.171
Emelampus	scaffold_6	22006953	23.9396
Emelampus	scaffold_7	21414792	24.2934
Emelampus	scaffold_8	20514404	25.2043
Emelampus	scaffold_9	20474587	24.4246
Emelancholica	scaffold_1	48616380	12.3745
Emelancholica	scaffold_10	19487202	38.4558
Emelancholica	scaffold_11	19286279	37.3643
Emelancholica	scaffold_12	18815746	39.5011
Emelancholica	scaffold_13	18117148	40.1416
Emelancholica	scaffold_14	17999713	40.7874
Emelancholica	scaffold_15	17907027	41.3837
Emelancholica	scaffold_16	17560624	41.2918
Emelancholica	scaffold_17	17138678	42.3269
Emelancholica	scaffold_18	17045919	43.7241
Emelancholica	scaffold_19	16840518	43.2864
Emelancholica	scaffold_2	35190504	18.7837
Emelancholica	scaffold_20	16739453	43.4916
Emelancholica	scaffold_21	16132322	45.2305
Emelancholica	scaffold_22	6725303	NA
Emelancholica	scaffold_23	37927607	11.2996
Emelancholica	scaffold_3	25285350	27.573
Emelancholica	scaffold_4	21843077	33.303
Emelancholica	scaffold_5	21345958	33.6477
Emelancholica	scaffold_6	20988759	34.131
Emelancholica	scaffold_7	20852165	35.2684
Emelancholica	scaffold_8	20098176	35.244
Emelancholica	scaffold_9	19699574	36.113
Emeolans	scaffold_1	56874635	8.0922
Emeolans	scaffold_10	27418910	18.9735
Emeolans	scaffold_11	26521046	19.286
Emeolans	scaffold_12	22505455	25.3084
Emeolans	scaffold_13	21745052	24.2108
Emeolans	scaffold_14	10760231	NA
Emeolans	scaffold_15	37962353	6.8516
Emeolans	scaffold_2	38156413	12.9842
Emeolans	scaffold_3	37620665	12.9161
Emeolans	scaffold_4	37166211	13.1458
Emeolans	scaffold_5	36945791	13.2577
Emeolans	scaffold_6	35844204	13.5907
Emeolans	scaffold_7	34087700	14.6082
Emeolans	scaffold_8	32110164	15.5717
Emeolans	scaffold_9	31506641	16.0612
Emnestra	scaffold_1	66543349	6.4938
Emnestra	scaffold_10	27065937	18.8865
Emnestra	scaffold_11	20428264	26.9028
Emnestra	scaffold_12	38483835	12.4807
Emnestra	scaffold_2	49682240	8.7259
Emnestra	scaffold_3	41213121	10.638
Emnestra	scaffold_4	39859245	11.5242
Emnestra	scaffold_5	35659137	12.6897
Emnestra	scaffold_6	34020831	13.7273
Emnestra	scaffold_7	32972964	14.1289
Emnestra	scaffold_8	31186677	14.8952
Emnestra	scaffold_9	30953291	14.9803
Emontana	scaffold_1	54770530	10.7386
Emontana	scaffold_10	21588913	31.4666
Emontana	scaffold_11	21434317	32.3184
Emontana	scaffold_12	21365565	31.8499
Emontana	scaffold_13	21170507	33.1805
Emontana	scaffold_14	20105574	34.3822
Emontana	scaffold_15	19803385	34.5679
Emontana	scaffold_16	19650414	35.5296
Emontana	scaffold_17	19150571	36.5117
Emontana	scaffold_18	19050091	37.4567
Emontana	scaffold_19	18386664	37.9331
Emontana	scaffold_2	43354699	8.6978
Emontana	scaffold_20	18320768	38.2571
Emontana	scaffold_21	18307894	39.1585
Emontana	scaffold_22	18149866	38.6356
Emontana	scaffold_23	17819820	39.3942
Emontana	scaffold_24	55063271	1413.3333
Emontana	scaffold_3	27318707	24.7571
Emontana	scaffold_4	17211017	987.3333
Emontana	scaffold_5	23748086	28.6945
Emontana	scaffold_6	23429930	28.3974
Emontana	scaffold_7	23017939	29.8715
Emontana	scaffold_8	22822425	31.0052
Emontana	scaffold_9	21705891	31.8485
Epalarica	scaffold_1	60994940	4.9666
Epalarica	scaffold_10	28167332	10.736
Epalarica	scaffold_11	27179420	10.7883
Epalarica	scaffold_12	21946929	14.4997
Epalarica	scaffold_13	19513606	16.3606
Epalarica	scaffold_14	38475398	4.1511
Epalarica	scaffold_2	40040376	7.8545
Epalarica	scaffold_3	39449659	7.7047
Epalarica	scaffold_4	38725888	7.9716
Epalarica	scaffold_5	38441827	7.4012
Epalarica	scaffold_6	37589252	7.5252
Epalarica	scaffold_7	35708389	8.0716
Epalarica	scaffold_8	33126904	8.7723
Epalarica	scaffold_9	32806551	9.2422
Epharte	scaffold_1	52413556	2.6595
Epharte	scaffold_10	26035223	4.4974
Epharte	scaffold_11	25307695	4.3133
Epharte	scaffold_12	23822308	4.1229
Epharte	scaffold_13	23073855	3.7715
Epharte	scaffold_14	22279309	4.6291
Epharte	scaffold_15	22237770	4.6571
Epharte	scaffold_16	21954000	4.5507
Epharte	scaffold_17	20886907	4.7411
Epharte	scaffold_18	20007726	4.7589
Epharte	scaffold_19	14232310	31.0165
Epharte	scaffold_2	47123949	2.1948
Epharte	scaffold_20	45878109	1.7613
Epharte	scaffold_3	46896807	2.3778
Epharte	scaffold_4	44688408	1.9819
Epharte	scaffold_5	36961194	3.0682
Epharte	scaffold_6	31789520	2.6952
Epharte	scaffold_7	31301275	2.9789
Epharte	scaffold_8	26795191	4.14
Epharte	scaffold_9	26542002	4.2942
Epronoe	scaffold_1	47411227	2.945
Epronoe	scaffold_10	21469662	6.4553
Epronoe	scaffold_11	21178924	6.3553
Epronoe	scaffold_12	20755659	6.4441
Epronoe	scaffold_13	20556365	6.2582
Epronoe	scaffold_14	20506088	6.116
Epronoe	scaffold_15	19245502	6.5371
Epronoe	scaffold_16	18666816	6.4549
Epronoe	scaffold_17	17704071	7.0741
Epronoe	scaffold_18	17557418	6.6505
Epronoe	scaffold_19	16965991	7.1858
Epronoe	scaffold_2	17065987	257.9615
Epronoe	scaffold_20	15821784	7.4849
Epronoe	scaffold_21	54184949	3.1754
Epronoe	scaffold_3	36587827	3.8295
Epronoe	scaffold_4	2261074	631.125
Epronoe	scaffold_5	33944381	3.7594
Epronoe	scaffold_6	28829634	3.7513
Epronoe	scaffold_7	28767020	6.0703
Epronoe	scaffold_8	24637291	4.8068
Epronoe	scaffold_9	22117330	6.0058
Erondoui	scaffold_1	40408948	15.7305
Erondoui	scaffold_10	21931164	29.7618
Erondoui	scaffold_11	21914109	29.5924
Erondoui	scaffold_12	21364430	31.7414
Erondoui	scaffold_13	21281151	31.3275
Erondoui	scaffold_14	20590983	32.1932
Erondoui	scaffold_15	19878230	34.0131
Erondoui	scaffold_16	19390926	34.3994
Erondoui	scaffold_17	19003848	33.9565
Erondoui	scaffold_18	18890383	39.6279
Erondoui	scaffold_19	18708681	37.6256
Erondoui	scaffold_2	41642526	8.5114
Erondoui	scaffold_20	18700701	35.4354
Erondoui	scaffold_21	16992249	38.9124
Erondoui	scaffold_22	16958059	39.91
Erondoui	scaffold_23	16833884	39.89
Erondoui	scaffold_24	16317624	40.6726
Erondoui	scaffold_25	56273424	NA
Erondoui	scaffold_3	27588679	22.9375
Erondoui	scaffold_4	20222338	19.1681
Erondoui	scaffold_5	26870336	24.5652
Erondoui	scaffold_6	24003460	27.0236
Erondoui	scaffold_7	23500299	28.3226
Erondoui	scaffold_8	23440371	27.3722
Erondoui	scaffold_9	22160684	30.0198
Estirius	scaffold_1	51990491	5.1186
Estirius	scaffold_10	20737970	17.0434
Estirius	scaffold_11	20516245	16.4161
Estirius	scaffold_12	20291975	16.8705
Estirius	scaffold_13	20045803	16.7635
Estirius	scaffold_14	18781425	18.5082
Estirius	scaffold_15	18780182	18.1089
Estirius	scaffold_16	18455658	19.189
Estirius	scaffold_17	18290715	19.0917
Estirius	scaffold_18	17634725	19.6241
Estirius	scaffold_19	17403029	19.875
Estirius	scaffold_2	36659306	8.629
Estirius	scaffold_20	17299396	20.2131
Estirius	scaffold_21	41839826	7.5537
Estirius	scaffold_3	35468131	9.4977
Estirius	scaffold_4	26699901	12.0186
Estirius	scaffold_5	22973296	14.1095
Estirius	scaffold_6	22871853	16.3777
Estirius	scaffold_7	22816537	15.018
Estirius	scaffold_8	22439802	15.7487
Estirius	scaffold_9	21068881	15.9115
Esudetica	scaffold_1	35396985	19.097
Esudetica	scaffold_10	20456478	36.1712
Esudetica	scaffold_11	20144352	36.5835
Esudetica	scaffold_12	19376561	37.5463
Esudetica	scaffold_13	18527202	39.7559
Esudetica	scaffold_14	18184640	42.2875
Esudetica	scaffold_15	17626228	42.4241
Esudetica	scaffold_16	17608161	41.4459
Esudetica	scaffold_17	17180277	43.3302
Esudetica	scaffold_18	16539069	45.3429
Esudetica	scaffold_19	16427839	46.3315
Esudetica	scaffold_2	33670851	19.3872
Esudetica	scaffold_20	12884826	NA
Esudetica	scaffold_21	48141069	9.9903
Esudetica	scaffold_3	33226743	19.7785
Esudetica	scaffold_4	28400126	23.788
Esudetica	scaffold_5	26950899	25.4515
Esudetica	scaffold_6	22049453	34.0555
Esudetica	scaffold_7	21653022	33.6682
Esudetica	scaffold_8	20722186	34.5356
Esudetica	scaffold_9	20683909	34.7998
Etriaria	scaffold_1	43407408	14.2055
Etriaria	scaffold_10	28086938	23.5601
Etriaria	scaffold_11	27220022	24.1541
Etriaria	scaffold_12	24095629	27.9339
Etriaria	scaffold_13	21201177	34.3742
Etriaria	scaffold_14	20237924	34.3042
Etriaria	scaffold_15	20173468	33.8575
Etriaria	scaffold_16	19824010	35.3709
Etriaria	scaffold_17	52355061	NA
Etriaria	scaffold_2	39685343	10.3236
Etriaria	scaffold_3	38088995	16.3266
Etriaria	scaffold_4	17289309	26.7062
Etriaria	scaffold_5	35537013	17.6415
Etriaria	scaffold_6	33992501	18.646
Etriaria	scaffold_7	33970816	18.1001
Etriaria	scaffold_8	33388221	18.9884
Etriaria	scaffold_9	31178744	21.1689
