chrom	size	intra	inter	intra_per_Mb	inter_per_Mb	ratio_inter_intra	species
scaffold_10	20057127	19306	306957	962.5506	15304.136	15.8996	C0001
scaffold_11	20049701	18915	298285	943.4056	14877.2792	15.7698	C0001
scaffold_12	19754822	18528	310696	937.8976	15727.6031	16.769	C0001
scaffold_13	19175159	17578	307851	916.7069	16054.6778	17.5134	C0001
scaffold_14	18923300	17020	270608	899.4203	14300.2542	15.8994	C0001
scaffold_16	17698457	14878	262970	840.6383	14858.3574	17.6751	C0001
scaffold_17	17214683	13861	259583	805.1847	15079.1624	18.7276	C0001
scaffold_18	16691572	13041	267819	781.2925	16045.1634	20.5367	C0001
scaffold_19	15634627	11476	246024	734.0118	15735.8407	21.4381	C0001
scaffold_2	35879653	60346	429473	1681.9003	11969.8203	7.1168	C0001
scaffold_3	33776446	53201	452211	1575.0917	13388.3535	8.5	C0001
scaffold_4	33230324	51336	415810	1544.854	12512.9686	8.0998	C0001
scaffold_5	32846491	49117	441039	1495.35	13427.279	8.9794	C0001
scaffold_6	29600044	40438	381722	1366.1466	12895.9943	9.4397	C0001
scaffold_7	27901145	36583	376843	1311.1648	13506.3633	10.301	C0001
scaffold_8	26568539	29955	313634	1127.4613	11804.7138	10.4702	C0001
scaffold_9	21488246	18720	283377	871.1739	13187.5352	15.1377	C0001
scaffold_10	13525751	8385	67836	619.9286	5015.3223	8.0902	C0055
scaffold_11	13224960	7626	65184	576.6369	4928.8618	8.5476	C0055
scaffold_12	12098087	6328	60791	523.0579	5024.844	9.6067	C0055
scaffold_13	12036327	5050	58529	419.5632	4862.6961	11.5899	C0055
scaffold_14	11724244	5995	61195	511.3336	5219.5263	10.2077	C0055
scaffold_15	11657766	6105	64229	523.6852	5509.5462	10.5207	C0055
scaffold_16	11532974	5886	62059	510.3627	5381.0058	10.5435	C0055
scaffold_17	11273578	5460	61237	484.3183	5431.9046	11.2156	C0055
scaffold_18	11284610	5671	60427	502.5428	5354.8151	10.6554	C0055
scaffold_19	11122842	5050	61730	454.0207	5549.8406	12.2238	C0055
scaffold_2	21065659	10535	60993	500.103	2895.3758	5.7896	C0055
scaffold_20	11259441	5565	59910	494.2519	5320.8681	10.7655	C0055
scaffold_21	10965443	5356	62048	488.4436	5658.5037	11.5848	C0055
scaffold_22	10969485	5356	63915	488.2636	5826.6181	11.9333	C0055
scaffold_23	11251810	5356	63213	476.0123	5618.0295	11.8023	C0055
scaffold_24	10613514	4005	47987	377.3491	4521.3112	11.9818	C0055
scaffold_25	10520775	5050	62624	480.0027	5952.4132	12.4008	C0055
scaffold_26	10455133	4753	56503	454.6092	5404.3311	11.8879	C0055
scaffold_27	10020731	4186	60113	417.734	5998.8638	14.3605	C0055
scaffold_28	9909570	4278	55523	431.7039	5602.9676	12.9787	C0055
scaffold_29	9785007	4005	56351	409.2997	5758.9126	14.0702	C0055
scaffold_3	17819051	13861	79913	777.8753	4484.6945	5.7653	C0055
scaffold_30	9673251	4005	55464	414.0283	5733.7497	13.8487	C0055
scaffold_31	9620995	3403	49155	353.7056	5109.1389	14.4446	C0055
scaffold_32	9591660	3160	52498	329.4529	5473.2966	16.6133	C0055
scaffold_33	11072122	4950	58934	447.0688	5322.7376	11.9059	C0055
scaffold_34	10104160	4465	57859	441.8972	5726.2553	12.9583	C0055
scaffold_35	8784908	3321	56841	378.0347	6470.3011	17.1156	C0055
scaffold_36	9040454	3403	54002	376.4191	5973.3726	15.8689	C0055
scaffold_37	14046516	8646	68285	615.5263	4861.3478	7.8979	C0055
scaffold_38	8593866	2775	48424	322.9047	5634.7167	17.4501	C0055
scaffold_39	9316256	3655	56771	392.325	6093.757	15.5324	C0055
scaffold_4	18716436	15931	92483	851.177	4941.2719	5.8052	C0055
scaffold_40	8390101	2926	49213	348.7443	5865.6028	16.8192	C0055
scaffold_5	15476122	10584	73391	683.8923	4742.2087	6.9341	C0055
scaffold_6	15364130	10585	69184	688.9424	4502.9559	6.536	C0055
scaffold_7	14577335	9730	69113	667.4745	4741.1272	7.1031	C0055
scaffold_8	14268553	7750	64022	543.1525	4486.9301	8.2609	C0055
scaffold_9	13744587	8128	64967	591.3601	4726.7335	7.993	C0055
scaffold_1	100534318	275844	401923	2743.7795	3997.8687	1.4571	C0080
scaffold_2	71129573	168751	320421	2372.445	4504.7508	1.8988	C0080
scaffold_3	68496016	153569	280287	2242.0136	4092.019	1.8252	C0080
scaffold_4	59986056	130611	321795	2177.356	5364.4967	2.4638	C0080
scaffold_6	51532479	107719	271916	2090.3128	5276.5946	2.5243	C0080
scaffold_7	46387527	79447	270002	1712.6802	5820.5733	3.3985	C0080
scaffold_8	46326872	82852	250638	1788.4221	5410.2077	3.0251	C0080
scaffold_10	13210770	8001	284978	605.6422	21571.6419	35.6178	C0100
scaffold_11	13065310	7750	284105	593.1738	21744.9873	36.6587	C0100
scaffold_12	11809065	6328	260642	535.8595	22071.3494	41.1887	C0100
scaffold_13	10243499	4753	235883	464.0016	23027.5807	49.6282	C0100
scaffold_14	9769561	4465	244553	457.0318	25032.1381	54.7711	C0100
scaffold_15	9801045	1953	103885	199.2645	10599.38	53.1925	C0100
scaffold_16	9579752	4186	224039	436.9633	23386.7223	53.521	C0100
scaffold_17	9339885	4095	234953	438.4422	25155.8772	57.3756	C0100
scaffold_18	9242237	3486	200785	377.1814	21724.7188	57.5975	C0100
scaffold_19	9184779	3916	221794	426.3576	24147.9953	56.6379	C0100
scaffold_20	9139700	3916	219896	428.4605	24059.433	56.1532	C0100
scaffold_21	9126001	3741	216119	409.9276	23681.6761	57.7704	C0100
scaffold_22	8969124	3741	219957	417.0976	24523.7996	58.7963	C0100
scaffold_23	8939983	3741	220726	418.4572	24689.7561	59.0019	C0100
scaffold_24	8625537	3403	212340	394.5262	24617.5977	62.3979	C0100
scaffold_25	8540251	3403	218331	398.466	25564.9395	64.1584	C0100
scaffold_26	8453708	3321	204038	392.8454	24135.9176	61.4387	C0100
scaffold_27	8357229	3160	198666	378.1158	23771.755	62.869	C0100
scaffold_28	8308647	2346	169081	282.3564	20350.004	72.072	C0100
scaffold_29	8249008	3081	200649	373.4995	24324.0157	65.1246	C0100
scaffold_3	15285597	10731	323471	702.0334	21161.8166	30.1436	C0100
scaffold_30	8168588	3081	200430	377.1766	24536.6764	65.0536	C0100
scaffold_31	8172645	2080	118176	254.5076	14459.9453	56.8154	C0100
scaffold_32	8170079	2850	183978	348.8338	22518.5093	64.5537	C0100
scaffold_33	8112736	3081	203454	379.7732	25078.3459	66.0351	C0100
scaffold_34	8020467	2926	194416	364.8167	24239.985	66.4443	C0100
scaffold_35	7890078	2701	185097	342.3287	23459.4639	68.5291	C0100
scaffold_36	7782377	2850	193180	366.212	24822.7502	67.7825	C0100
scaffold_37	7583830	2701	186599	356.1525	24604.8501	69.0852	C0100
scaffold_38	7566908	2628	183612	347.3017	24265.1292	69.8676	C0100
scaffold_39	7521410	2628	192297	349.4026	25566.6158	73.1724	C0100
scaffold_4	14415412	9591	311563	665.3296	21613.1873	32.4849	C0100
scaffold_40	7353535	2485	184848	337.9327	25137.2979	74.3855	C0100
scaffold_41	7419302	2485	180159	334.9372	24282.4729	72.4986	C0100
scaffold_42	7296236	2415	176320	330.9926	24165.885	73.0104	C0100
scaffold_43	7203569	2346	179921	325.6719	24976.647	76.6927	C0100
scaffold_44	6952263	2211	175881	318.0259	25298.3813	79.5482	C0100
scaffold_45	6157525	1770	162419	287.4532	26377.3188	91.7621	C0100
scaffold_46	6080694	1653	147954	271.844	24331.7621	89.5064	C0100
scaffold_47	5897521	1540	142865	261.1267	24224.5852	92.7695	C0100
scaffold_48	5895268	1596	152339	270.7256	25840.8948	95.4505	C0100
scaffold_49	5665513	1485	148109	262.1122	26142.2046	99.7367	C0100
scaffold_5	13896606	8778	296979	631.665	21370.6138	33.8322	C0100
scaffold_50	5422316	1378	141378	254.1349	26073.3605	102.5965	C0100
scaffold_51	5277160	1275	129157	241.6072	24474.7175	101.2996	C0100
scaffold_6	13800488	8778	320553	636.0645	23227.6569	36.5178	C0100
scaffold_7	13748377	8778	298543	638.4754	21714.7813	34.0104	C0100
scaffold_8	13284048	8256	294088	621.4973	22138.4325	35.6211	C0100
scaffold_9	13241553	8128	292612	613.8253	22098.0122	36.0005	C0100
scaffold_1	33250929	45753	1032121	1375.9916	31040.3658	22.5585	Eaethiops
scaffold_10	20447687	17578	661256	859.6571	32338.9144	37.6184	Eaethiops
scaffold_11	20147788	17391	659712	863.1717	32743.6441	37.9341	Eaethiops
scaffold_12	19454486	16290	638961	837.339	32843.8901	39.2241	Eaethiops
scaffold_13	19295961	14706	606943	762.1284	31454.4064	41.2718	Eaethiops
scaffold_14	18418799	12880	569693	699.2856	30929.9754	44.2308	Eaethiops
scaffold_15	17949451	13861	590985	772.2242	32924.9624	42.6365	Eaethiops
scaffold_16	17052335	12090	554311	708.9938	32506.4573	45.8487	Eaethiops
scaffold_17	15924777	10731	522700	673.8556	32823.0656	48.7093	Eaethiops
scaffold_18	15759670	9730	497856	617.3987	31590.5092	51.1671	Eaethiops
scaffold_2	32763723	43660	1009422	1332.5714	30809.1361	23.1201	Eaethiops
scaffold_3	32718998	45753	1032175	1398.3619	31546.6568	22.5597	Eaethiops
scaffold_4	30437488	39060	961705	1283.2859	31596.07	24.6212	Eaethiops
scaffold_5	30006606	29888	847784	996.0473	28253.2453	28.3654	Eaethiops
scaffold_6	26256363	29161	839534	1110.626	31974.497	28.7896	Eaethiops
scaffold_7	25856419	28441	830526	1099.959	32120.6893	29.2017	Eaethiops
scaffold_8	23962118	23653	761798	987.0997	31791.764	32.2072	Eaethiops
scaffold_9	20717660	16471	638720	795.0222	30829.7366	38.7785	Eaethiops
scaffold_1	46360880	33211	75279	716.3583	1623.7612	2.2667	Ealbergana
scaffold_10	20460364	11542	32449	564.1151	1585.9444	2.8114	Ealbergana
scaffold_11	20242725	10872	31637	537.0818	1562.8825	2.91	Ealbergana
scaffold_12	19062536	10196	31887	534.8711	1672.7575	3.1274	Ealbergana
scaffold_13	18738826	10239	33164	546.4056	1769.8014	3.239	Ealbergana
scaffold_14	17637637	9208	31332	522.0654	1776.4284	3.4027	Ealbergana
scaffold_15	16303918	8421	31579	516.5016	1936.8964	3.75	Ealbergana
scaffold_16	15757110	7904	30148	501.6148	1913.295	3.8143	Ealbergana
scaffold_2	43217568	25614	61826	592.6756	1430.5756	2.4138	Ealbergana
scaffold_3	34726629	22729	54752	654.5121	1576.6575	2.4089	Ealbergana
scaffold_4	34011480	19963	50681	586.9489	1490.1145	2.5387	Ealbergana
scaffold_5	31883850	19696	52711	617.7422	1653.2194	2.6762	Ealbergana
scaffold_6	27824556	17815	52127	640.2618	1873.4171	2.926	Ealbergana
scaffold_7	25329252	14485	53656	571.8684	2118.3413	3.7042	Ealbergana
scaffold_8	25252892	14542	45881	575.8548	1816.8612	3.1551	Ealbergana
scaffold_9	21518286	10248	31587	476.2461	1467.9143	3.0823	Ealbergana
scaffold_1	22986840	23005	557324	1000.79	24245.3508	24.2262	Ebubastis
scaffold_10	19201147	16653	485697	867.2919	25295.2076	29.1657	Ebubastis
scaffold_11	18986437	15576	476584	820.3751	25101.2868	30.5973	Ebubastis
scaffold_12	18702882	15753	469967	842.2766	25128.0525	29.8335	Ebubastis
scaffold_13	18315032	15400	475205	840.8394	25946.1736	30.8575	Ebubastis
scaffold_14	18295095	15051	460759	822.6795	25184.8378	30.6132	Ebubastis
scaffold_15	18214182	14706	468754	807.3928	25735.6603	31.875	Ebubastis
scaffold_16	17440534	13695	440349	785.2397	25248.5962	32.154	Ebubastis
scaffold_17	17191674	13366	445202	777.4694	25896.3729	33.3085	Ebubastis
scaffold_18	17172653	13366	442598	778.3305	25773.4201	33.1137	Ebubastis
scaffold_19	17147511	13041	438786	760.5185	25588.9033	33.6467	Ebubastis
scaffold_2	22325710	22155	538293	992.3537	24110.9017	24.2967	Ebubastis
scaffold_20	16609399	12561	436644	756.2585	26288.9705	34.7619	Ebubastis
scaffold_21	15887365	10731	399472	675.4424	25144.0059	37.226	Ebubastis
scaffold_22	15566855	10878	397225	698.7924	25517.3572	36.5164	Ebubastis
scaffold_23	12767045	6105	246431	478.1843	19302.1173	40.3654	Ebubastis
scaffold_24	12355907	6786	334436	549.211	27066.892	49.2832	Ebubastis
scaffold_25	12124795	6786	333565	559.6796	27510.9806	49.1549	Ebubastis
scaffold_26	10630552	3240	201547	304.7819	18959.2224	62.2059	Ebubastis
scaffold_27	10563649	4950	296095	468.5881	28029.6136	59.8172	Ebubastis
scaffold_28	9320058	3916	260237	420.1691	27922.2511	66.4548	Ebubastis
scaffold_3	21903338	20503	521457	936.0674	23807.1932	25.4332	Ebubastis
scaffold_4	21897319	21321	546698	973.6808	24966.4354	25.6413	Ebubastis
scaffold_5	21755032	21321	548996	980.0491	25235.357	25.7491	Ebubastis
scaffold_6	20834264	19503	511060	936.1022	24529.7842	26.2042	Ebubastis
scaffold_7	20459521	18721	505033	915.0263	24684.4977	26.9768	Ebubastis
scaffold_8	20265689	18721	509792	923.7781	25155.424	27.231	Ebubastis
scaffold_9	19886169	17578	490480	883.9309	24664.3785	27.9031	Ebubastis
scaffold_1	41742025	77850	974793	1865.0269	23352.7961	12.5214	Echristi
scaffold_10	23334137	24976	604349	1070.3631	25899.7794	24.1972	Echristi
scaffold_11	22723882	23871	584800	1050.4807	25735.0395	24.4983	Echristi
scaffold_12	22454076	22578	571810	1005.519	25465.7551	25.326	Echristi
scaffold_13	21775181	20503	552574	941.5766	25376.3218	26.9509	Echristi
scaffold_14	20424618	18915	522772	926.0883	25595.1911	27.638	Echristi
scaffold_15	19748295	17766	517445	899.622	26202.0088	29.1256	Echristi
scaffold_16	19578592	17766	520290	907.4197	26574.434	29.2857	Echristi
scaffold_17	18449745	15576	481569	844.2393	26101.6616	30.9174	Echristi
scaffold_18	18406025	15576	484483	846.2446	26321.9788	31.1045	Echristi
scaffold_19	18290701	14706	481784	804.0151	26340.3792	32.761	Echristi
scaffold_2	36620102	60694	873063	1657.3957	23841.086	14.3847	Echristi
scaffold_3	36061811	61035	891089	1692.5107	24710.0458	14.5996	Echristi
scaffold_4	34901154	44849	723850	1285.0291	20740.0019	16.1397	Echristi
scaffold_5	31280601	43660	775573	1395.7532	24794.0569	17.7639	Echristi
scaffold_6	27462422	34452	695970	1254.5143	25342.63	20.2011	Echristi
scaffold_7	24459085	27730	634769	1133.7301	25952.2791	22.8911	Echristi
scaffold_8	24410452	25200	593331	1032.3447	24306.4323	23.5449	Echristi
scaffold_9	23725716	25424	605948	1071.5799	25539.714	23.8337	Echristi
scaffold_1	26776436	29403	566406	1098.0924	21153.1512	19.2635	Edisa
scaffold_10	22169054	20100	484636	906.6693	21860.9238	24.1112	Edisa
scaffold_11	22027339	20301	481198	921.6274	21845.4894	23.7032	Edisa
scaffold_12	21395152	18915	496832	884.0788	23221.7093	26.2666	Edisa
scaffold_13	21105034	19306	480028	914.7581	22744.7158	24.8642	Edisa
scaffold_14	20828408	18528	485782	889.5543	23323.0499	26.2188	Edisa
scaffold_15	20633008	17955	484190	870.2076	23466.7674	26.9669	Edisa
scaffold_16	19736432	16290	454979	825.3772	23052.7483	27.93	Edisa
scaffold_17	19491559	15753	448132	808.196	22991.0804	28.4474	Edisa
scaffold_18	19309229	15400	446773	797.5461	23137.7959	29.0112	Edisa
scaffold_19	19285784	16290	458076	844.6636	23752.003	28.1201	Edisa
scaffold_2	26117765	29161	589909	1116.5197	22586.5039	20.2294	Edisa
scaffold_20	19149958	15576	451325	813.3699	23567.9368	28.9757	Edisa
scaffold_21	17573617	12561	417956	714.7646	23783.1518	33.2741	Edisa
scaffold_22	17292476	8256	253590	477.4331	14664.7594	30.7158	Edisa
scaffold_23	16418615	11325	384382	689.7659	23411.3535	33.941	Edisa
scaffold_24	13771488	7503	322951	544.8213	23450.6976	43.0429	Edisa
scaffold_25	13740607	7626	334925	554.9973	24374.8329	43.9188	Edisa
scaffold_26	11909551	5050	284292	424.0294	23870.9251	56.2954	Edisa
scaffold_27	10227347	4095	258406	400.3971	25266.181	63.1028	Edisa
scaffold_28	9644264	3403	222689	352.8522	23090.3053	65.439	Edisa
scaffold_3	25720385	27028	568842	1050.8396	22116.3874	21.0464	Edisa
scaffold_4	24594238	24310	531579	988.4429	21613.965	21.8667	Edisa
scaffold_5	24390302	25878	573890	1060.9955	23529.434	22.1768	Edisa
scaffold_6	24291519	24310	521237	1000.7608	21457.5713	21.4413	Edisa
scaffold_7	23759800	24090	530724	1013.8974	22337.0567	22.0309	Edisa
scaffold_8	23616118	23653	524043	1001.5617	22190.0568	22.1555	Edisa
scaffold_9	22499406	21945	513640	975.3591	22829.0471	23.4058	Edisa
scaffold_1	25851262	28680	565813	1109.4236	21887.2487	19.7285	Eembla
scaffold_10	21045373	19110	462158	908.0381	21960.0765	24.1841	Eembla
scaffold_11	20979829	18915	457953	901.5803	21828.2523	24.2111	Eembla
scaffold_12	20929199	18145	474806	866.9706	22686.2958	26.1673	Eembla
scaffold_13	20893549	18915	467152	905.3034	22358.6716	24.6974	Eembla
scaffold_14	20822550	18915	482078	908.3902	23151.7273	25.4865	Eembla
scaffold_15	20131644	17391	460049	863.8639	22852.0333	26.4533	Eembla
scaffold_16	19246899	15931	439418	827.7178	22830.5869	27.5826	Eembla
scaffold_17	19109812	15753	437430	824.3409	22890.3351	27.768	Eembla
scaffold_18	18735975	15225	427214	812.6078	22801.8024	28.06	Eembla
scaffold_19	18631600	14878	429075	798.5358	23029.4231	28.8396	Eembla
scaffold_2	24744570	26106	540109	1055.0193	21827.3747	20.6891	Eembla
scaffold_20	18438963	11325	352756	614.1886	19131.0108	31.1484	Eembla
scaffold_21	17920257	13861	416554	773.4822	23244.8675	30.0522	Eembla
scaffold_22	17691042	12090	381524	683.3967	21565.9428	31.557	Eembla
scaffold_23	16347135	7875	242349	481.7358	14825.1666	30.7745	Eembla
scaffold_24	14003619	7260	314568	518.4374	22463.3361	43.3289	Eembla
scaffold_25	12546854	6903	326130	550.1778	25992.97	47.2447	Eembla
scaffold_26	12088702	5565	268303	460.3472	22194.5251	48.2126	Eembla
scaffold_27	10436196	4278	252391	409.9195	24184.1951	58.9974	Eembla
scaffold_28	9268108	3486	214309	376.1285	23123.2739	61.4771	Eembla
scaffold_3	24171992	25200	548584	1042.5289	22695.0265	21.7692	Eembla
scaffold_4	24018609	25200	539445	1049.1865	22459.4605	21.4065	Eembla
scaffold_5	23420420	23436	504339	1000.6652	21534.1569	21.5198	Eembla
scaffold_6	23055559	23220	516680	1007.1324	22410.2135	22.2515	Eembla
scaffold_7	22960944	22366	503972	974.0889	21949.0976	22.533	Eembla
scaffold_8	22613205	21736	493114	961.2083	21806.4622	22.6865	Eembla
scaffold_9	22212404	21115	490815	950.595	22096.4376	23.2448	Eembla
scaffold_1	56060275	121355	1141883	2164.7236	20368.8441	9.4094	Eepiphron
scaffold_10	23120909	22366	582968	967.3495	25213.8876	26.0649	Eepiphron
scaffold_11	22599830	21736	590547	961.7771	26130.5948	27.1691	Eepiphron
scaffold_12	21369120	17391	505648	813.8379	23662.5561	29.0753	Eepiphron
scaffold_13	19385403	15931	485105	821.8039	25024.2412	30.4504	Eepiphron
scaffold_14	19263979	15225	491889	790.3352	25534.1329	32.308	Eepiphron
scaffold_15	19160422	15400	478293	803.7401	24962.5504	31.058	Eepiphron
scaffold_2	52294076	111579	1133993	2133.6834	21684.9228	10.1631	Eepiphron
scaffold_3	44545365	79247	1026597	1779.0179	23046.1014	12.9544	Eepiphron
scaffold_4	38974291	61028	899081	1565.8527	23068.5659	14.7323	Eepiphron
scaffold_5	35217598	51356	808626	1458.2482	22960.8504	15.7455	Eepiphron
scaffold_6	32370894	32097	623383	991.5389	19257.5157	19.4218	Eepiphron
scaffold_7	30697917	39340	721252	1281.5202	23495.1446	18.3338	Eepiphron
scaffold_8	26402473	28680	648291	1086.2619	24554.1772	22.6043	Eepiphron
scaffold_9	24050510	23220	585670	965.4681	24351.6666	25.2227	Eepiphron
scaffold_1	22337439	23005	296597	1029.8853	13278.0217	12.8927	Eeriphyle
scaffold_10	18586165	15931	251229	857.1429	13516.9897	15.7698	Eeriphyle
scaffold_11	18414486	15400	253342	836.2981	13757.7557	16.4508	Eeriphyle
scaffold_12	18316001	15576	248480	850.404	13566.2801	15.9527	Eeriphyle
scaffold_13	18305368	15400	246104	841.2833	13444.3623	15.9808	Eeriphyle
scaffold_14	18262779	15225	259532	833.6628	14210.9807	17.0464	Eeriphyle
scaffold_15	17983595	15051	251199	836.9294	13968.2305	16.6899	Eeriphyle
scaffold_16	17436064	13695	241026	785.441	13823.4179	17.5996	Eeriphyle
scaffold_17	17034071	13366	234798	784.6627	13784.0214	17.5668	Eeriphyle
scaffold_18	16829591	13203	230619	784.511	13703.1851	17.4672	Eeriphyle
scaffold_19	16828939	12880	231414	765.3483	13750.956	17.9669	Eeriphyle
scaffold_2	21456145	21321	288531	993.7013	13447.4762	13.5327	Eeriphyle
scaffold_20	16639128	12880	242079	774.079	14548.7792	18.795	Eeriphyle
scaffold_21	15951482	11175	217359	700.5619	13626.2574	19.4505	Eeriphyle
scaffold_22	15110505	10153	201466	671.9167	13332.8436	19.843	Eeriphyle
scaffold_23	12727710	6328	111548	497.1829	8764.1846	17.6277	Eeriphyle
scaffold_24	12671268	7140	184881	563.4795	14590.5682	25.8937	Eeriphyle
scaffold_25	11807194	6555	191764	555.17	16241.2848	29.2546	Eeriphyle
scaffold_26	10751925	5253	165786	488.5637	15419.1924	31.5603	Eeriphyle
scaffold_27	9191859	3828	147068	416.4555	15999.8103	38.419	Eeriphyle
scaffold_28	9177105	3321	109687	361.8788	11952.2442	33.0283	Eeriphyle
scaffold_3	21227227	20910	298457	985.0557	14060.1031	14.2734	Eeriphyle
scaffold_4	20836187	19900	271004	955.0692	13006.4104	13.6183	Eeriphyle
scaffold_5	20636382	19701	293521	954.6732	14223.4719	14.8988	Eeriphyle
scaffold_6	20317116	18915	260462	930.9884	12819.8313	13.7701	Eeriphyle
scaffold_7	20313186	19110	271011	940.7682	13341.6294	14.1816	Eeriphyle
scaffold_8	19573350	17578	272079	898.0578	13900.482	15.4784	Eeriphyle
scaffold_9	18882340	16653	260233	881.9352	13781.8194	15.6268	Eeriphyle
scaffold_1	43029883	84862	453627	1972.1643	10542.1388	5.3455	Eflavofasciata
scaffold_10	22912776	20300	242246	885.9686	10572.5295	11.9333	Eflavofasciata
scaffold_11	22019391	21945	262866	996.6216	11937.9323	11.9784	Eflavofasciata
scaffold_12	21852660	22155	286746	1013.8354	13121.7893	12.9427	Eflavofasciata
scaffold_13	21771711	21115	268581	969.8365	12336.2376	12.7199	Eflavofasciata
scaffold_14	21435412	20300	252352	947.031	11772.6685	12.4311	Eflavofasciata
scaffold_15	19548198	17578	239271	899.2133	12240.054	13.612	Eflavofasciata
scaffold_16	19354820	17205	245973	888.9259	12708.6173	14.2966	Eflavofasciata
scaffold_17	19282137	16653	251281	863.6491	13031.8024	15.0892	Eflavofasciata
scaffold_18	18614028	15576	227393	836.7883	12216.2167	14.5989	Eflavofasciata
scaffold_19	18149235	14878	224600	819.7591	12375.1772	15.0961	Eflavofasciata
scaffold_20	18101694	14706	227275	812.4102	12555.4548	15.4546	Eflavofasciata
scaffold_3	42493033	66592	349106	1567.1275	8215.6056	5.2425	Eflavofasciata
scaffold_5	35578783	57956	381191	1628.9484	10713.9977	6.5772	Eflavofasciata
scaffold_6	30971213	42776	333403	1381.1535	10764.9319	7.7942	Eflavofasciata
scaffold_7	23877205	24531	262777	1027.3816	11005.3501	10.712	Eflavofasciata
scaffold_8	23613216	24753	281120	1048.2689	11905.1975	11.357	Eflavofasciata
scaffold_9	23468549	25199	285458	1073.7349	12163.4277	11.3281	Eflavofasciata
scaffold_1	36679467	60848	744625	1658.9118	20300.8675	12.2375	Egorge
scaffold_10	19258961	16836	412883	874.1905	21438.4878	24.5238	Egorge
scaffold_11	18917448	15576	397742	823.3669	21025.1404	25.5356	Egorge
scaffold_12	17775117	14196	378828	798.6445	21312.2648	26.6855	Egorge
scaffold_13	17645256	14535	388275	823.7342	22004.498	26.7131	Egorge
scaffold_14	17528659	14196	384368	809.8737	21927.9752	27.0758	Egorge
scaffold_15	17234039	13695	388599	794.6483	22548.3417	28.3752	Egorge
scaffold_16	17111873	13203	366694	771.5695	21429.2147	27.7735	Egorge
scaffold_17	16806974	12880	360740	766.3485	21463.7091	28.0078	Egorge
scaffold_18	16495684	12561	357947	761.4719	21699.4336	28.4967	Egorge
scaffold_2	36211071	59682	708808	1648.17	19574.3451	11.8764	Egorge
scaffold_3	35948615	58236	718912	1619.979	19998.3226	12.3448	Egorge
scaffold_4	33913849	53947	669701	1590.7071	19747.1245	12.4141	Egorge
scaffold_5	33211283	51654	703334	1555.3148	21177.5619	13.6163	Egorge
scaffold_6	31961926	45449	648052	1421.9731	20275.7493	14.2589	Egorge
scaffold_7	27292286	31599	507389	1157.7997	18590.9308	16.0571	Egorge
scaffold_8	20333018	18915	423396	930.2603	20823.077	22.3841	Egorge
scaffold_9	20011755	18336	439103	916.2615	21942.2534	23.9476	Egorge
scaffold_1	22722498	22390	26130	985.367	1149.9616	1.167	Eligea
scaffold_10	19308094	15912	20527	824.1103	1063.1293	1.29	Eligea
scaffold_11	19222650	15900	20498	827.1492	1066.3462	1.2892	Eligea
scaffold_12	19149538	15737	22183	821.7953	1158.4091	1.4096	Eligea
scaffold_13	18887656	15021	21355	795.2813	1130.6326	1.4217	Eligea
scaffold_14	18503831	15026	21662	812.0481	1170.6765	1.4416	Eligea
scaffold_15	18360966	14663	23174	798.5963	1262.134	1.5804	Eligea
scaffold_16	17538717	13032	19458	743.0418	1109.4312	1.4931	Eligea
scaffold_17	17224156	12857	20569	746.4517	1194.1949	1.5998	Eligea
scaffold_18	16815826	12397	18859	737.2222	1121.503	1.5213	Eligea
scaffold_19	16815746	12358	20243	734.9064	1203.8122	1.638	Eligea
scaffold_2	22111991	20566	25438	930.0836	1150.4165	1.2369	Eligea
scaffold_20	16643629	12233	19961	734.996	1199.3178	1.6317	Eligea
scaffold_21	15512777	10439	19449	672.9292	1253.7407	1.8631	Eligea
scaffold_22	15261769	10004	20629	655.4941	1351.6782	2.0621	Eligea
scaffold_23	12471568	6555	16948	525.5955	1358.931	2.5855	Eligea
scaffold_24	12368103	4090	9427	330.6894	762.2026	2.3049	Eligea
scaffold_25	11938575	6216	15898	520.6652	1331.6497	2.5576	Eligea
scaffold_26	10276669	4560	15068	443.7235	1466.2339	3.3044	Eligea
scaffold_27	9222146	3655	13050	396.3286	1415.0719	3.5705	Eligea
scaffold_28	8136713	1770	8975	217.5326	1103.0253	5.0706	Eligea
scaffold_3	22009152	19439	20806	883.2235	945.334	1.0703	Eligea
scaffold_4	21419478	20029	26839	935.0835	1253.0184	1.34	Eligea
scaffold_5	20971809	18861	23153	899.3502	1104.0059	1.2276	Eligea
scaffold_6	20769560	18481	20794	889.8118	1001.1767	1.1252	Eligea
scaffold_7	20520507	18081	21609	881.1186	1053.0442	1.1951	Eligea
scaffold_8	20105321	16630	21192	827.1442	1054.0493	1.2743	Eligea
scaffold_9	20064828	17337	23722	864.0493	1182.2678	1.3683	Eligea
scaffold_1	22987716	23871	742823	1038.4242	32313.9106	31.1182	Emanto
scaffold_10	19346989	17020	629968	879.7235	32561.5526	37.0134	Emanto
scaffold_11	18983355	16290	617374	858.1202	32521.8593	37.899	Emanto
scaffold_12	18696045	15753	616050	842.5846	32950.8193	39.1068	Emanto
scaffold_13	18594484	15753	621973	847.1867	33449.3283	39.4828	Emanto
scaffold_14	18529153	15931	624281	859.7803	33691.8261	39.1866	Emanto
scaffold_15	18415714	15753	621854	855.4108	33767.5748	39.4753	Emanto
scaffold_16	17580000	14196	583298	807.5085	33179.6359	41.0889	Emanto
scaffold_17	17346501	13695	578651	789.4964	33358.3701	42.2527	Emanto
scaffold_18	17189678	13203	571028	768.0772	33219.2377	43.2499	Emanto
scaffold_19	17073414	13203	567040	773.3076	33211.8696	42.9478	Emanto
scaffold_2	22018614	22155	711809	1006.1941	32327.6025	32.1286	Emanto
scaffold_20	17013477	13203	563392	776.0318	33114.4539	42.6715	Emanto
scaffold_21	15991637	11628	522039	727.1301	32644.5004	44.895	Emanto
scaffold_22	15524920	10731	520984	691.2113	33557.9185	48.5494	Emanto
scaffold_23	13029701	6105	350274	468.5449	26882.7351	57.3749	Emanto
scaffold_24	12640756	7140	435984	564.8396	34490.3422	61.0622	Emanto
scaffold_25	12278402	6903	427494	562.2067	34816.7457	61.9287	Emanto
scaffold_26	10827013	5253	378634	485.1754	34971.2335	72.0796	Emanto
scaffold_27	9797470	3828	326176	390.7131	33291.86	85.2079	Emanto
scaffold_28	9788017	2926	255583	298.937	26111.8263	87.3489	Emanto
scaffold_3	21930229	21945	714749	1000.6735	32591.9533	32.57	Emanto
scaffold_4	21799136	20503	705329	940.5419	32355.8236	34.4013	Emanto
scaffold_5	21334950	21115	721539	989.6906	33819.5777	34.1719	Emanto
scaffold_6	20927468	19900	681382	950.9034	32559.2183	34.2403	Emanto
scaffold_7	20207998	18721	677057	926.4154	33504.4075	36.1656	Emanto
scaffold_8	20166539	18915	667081	937.9398	33078.6061	35.2673	Emanto
scaffold_9	19645308	17578	646720	894.7684	32919.8198	36.7914	Emanto
scaffold_1	67893953	209217	1869083	3081.5263	27529.4473	8.9337	Emedusa
scaffold_10	28841450	37950	895331	1315.8146	31043.2034	23.5924	Emedusa
scaffold_2	57786388	152928	1653572	2646.4364	28615.2511	10.8127	Emedusa
scaffold_3	45008143	87952	1291798	1954.1353	28701.4285	14.6875	Emedusa
scaffold_4	44890541	83112	1229051	1851.4368	27378.8413	14.7879	Emedusa
scaffold_5	38500511	67520	1164172	1753.743	30237.8324	17.2419	Emedusa
scaffold_6	35859892	57970	1088963	1616.5693	30367.1578	18.7849	Emedusa
scaffold_7	35842847	52324	1019700	1459.8171	28449.191	19.4882	Emedusa
scaffold_8	35392068	56280	1071796	1590.1868	30283.5087	19.044	Emedusa
scaffold_9	34437030	53955	1049068	1566.7727	30463.3704	19.4434	Emedusa
scaffold_1	35554685	57627	725281	1620.7991	20399.0276	12.5858	Emelampus
scaffold_10	20054411	18528	463552	923.8865	23114.7153	25.019	Emelampus
scaffold_11	19774127	17955	462018	908.0047	23364.7736	25.732	Emelampus
scaffold_12	19476446	17391	436504	892.9247	22411.8918	25.0994	Emelampus
scaffold_13	18587889	15576	408091	837.965	21954.6717	26.2	Emelampus
scaffold_14	17881683	14028	403314	784.4899	22554.5884	28.7506	Emelampus
scaffold_15	17268297	13695	397131	793.0718	22997.6934	28.9982	Emelampus
scaffold_16	17058878	13366	400898	783.5216	23500.8422	29.9939	Emelampus
scaffold_17	17012596	13203	403920	776.072	23742.4083	30.593	Emelampus
scaffold_18	16623595	12090	387264	727.2795	23296.044	32.0318	Emelampus
scaffold_19	16525452	12246	375521	741.0387	22723.796	30.6648	Emelampus
scaffold_2	33111916	50086	666104	1512.6277	20116.7459	13.2992	Emelampus
scaffold_3	32831114	48487	644057	1476.8612	19617.2752	13.2831	Emelampus
scaffold_4	28166641	36585	577377	1298.8769	20498.6104	15.7818	Emelampus
scaffold_5	26919463	32640	561095	1212.5056	20843.4693	17.1904	Emelampus
scaffold_6	22006953	21528	485786	978.2363	22074.2054	22.5653	Emelampus
scaffold_7	21414792	20910	477993	976.4279	22320.6931	22.8595	Emelampus
scaffold_8	20514404	19110	456291	931.5406	22242.4692	23.8771	Emelampus
scaffold_9	20474587	18336	422455	895.5492	20633.139	23.0396	Emelampus
scaffold_1	48616380	106835	1249723	2197.5104	25705.8012	11.6977	Emelancholica
scaffold_10	19487202	17391	630226	892.4319	32340.5074	36.2386	Emelancholica
scaffold_11	19286279	17205	609891	892.085	31623.0518	35.4485	Emelancholica
scaffold_12	18815746	15931	594866	846.6845	31615.329	37.3402	Emelancholica
scaffold_13	18117148	15225	579552	840.3641	31989.1409	38.0658	Emelancholica
scaffold_14	17999713	14878	575693	826.5687	31983.4544	38.6942	Emelancholica
scaffold_15	17907027	14706	578086	821.2419	32282.6341	39.3095	Emelancholica
scaffold_16	17560624	14365	563982	818.0233	32116.2847	39.2608	Emelancholica
scaffold_17	17138678	13530	545607	789.4425	31834.8358	40.3257	Emelancholica
scaffold_18	17045919	13530	561207	793.7384	32923.2469	41.4787	Emelancholica
scaffold_19	16840518	13041	536828	774.3824	31877.1667	41.1646	Emelancholica
scaffold_2	35190504	56280	1002305	1599.2951	28482.2576	17.8093	Emelancholica
scaffold_20	16739453	13041	539254	779.0577	32214.5532	41.3507	Emelancholica
scaffold_21	16132322	12246	526670	759.0972	32646.8812	43.0075	Emelancholica
scaffold_3	25285350	30135	787029	1191.7968	31125.8891	26.1168	Emelancholica
scaffold_4	21843077	21945	690092	1004.6661	31593.1679	31.4464	Emelancholica
scaffold_5	21345958	21321	678196	998.8308	31771.6356	31.8088	Emelancholica
scaffold_6	20988759	20301	655313	967.232	31222.0937	32.2798	Emelancholica
scaffold_7	20852165	20100	668976	963.9287	32081.8486	33.2824	Emelancholica
scaffold_8	20098176	18721	627176	931.4776	31205.6179	33.5012	Emelancholica
scaffold_9	19699574	18145	622302	921.0859	31589.6171	34.2961	Emelancholica
scaffold_1	56874635	147257	1134769	2589.1507	19952.1105	7.706	Emeolans
scaffold_10	27418910	34189	620320	1246.9132	22623.8023	18.1438	Emeolans
scaffold_11	26521046	30304	559041	1142.6397	21079.146	18.4478	Emeolans
scaffold_12	22505455	19701	476604	875.3878	21177.2657	24.1919	Emeolans
scaffold_13	21745052	21945	508776	1009.1951	23397.3228	23.1841	Emeolans
scaffold_2	38156413	67777	838723	1776.2938	21981.1805	12.3747	Emeolans
scaffold_3	37620665	66317	817365	1762.7812	21726.4899	12.3251	Emeolans
scaffold_4	37166211	64478	808670	1734.8554	21758.204	12.5418	Emeolans
scaffold_5	36945791	63502	804015	1718.7885	21762.0188	12.6613	Emeolans
scaffold_6	35844204	60010	778724	1674.1898	21725.2418	12.9766	Emeolans
scaffold_7	34087700	53626	748452	1573.1774	21956.6589	13.9569	Emeolans
scaffold_8	32110164	48204	716890	1501.2069	22325.9526	14.872	Emeolans
scaffold_9	31506641	46660	715005	1480.9576	22693.787	15.3237	Emeolans
scaffold_1	66543349	193090	1119516	2901.7175	16823.8602	5.7979	Emnestra
scaffold_10	27065937	27235	465686	1006.2463	17205.6116	17.0988	Emnestra
scaffold_11	20428264	15931	387484	779.8509	18968.0337	24.3226	Emnestra
scaffold_2	49682240	112670	883265	2267.8124	17778.2846	7.8394	Emnestra
scaffold_3	41213121	78058	749379	1894.0085	18183.0199	9.6003	Emnestra
scaffold_4	39859245	72592	752080	1821.2086	18868.3955	10.3604	Emnestra
scaffold_5	35659137	58297	666328	1634.8405	18686.0383	11.4299	Emnestra
scaffold_6	34020831	53284	659559	1566.2169	19386.9162	12.3782	Emnestra
scaffold_7	32972964	49738	634627	1508.448	19246.8897	12.7594	Emnestra
scaffold_8	31186677	44839	602402	1437.7614	19316.0047	13.4348	Emnestra
scaffold_9	30953291	44253	598290	1429.6703	19328.8009	13.5198	Emnestra
scaffold_1	54770530	129502	1312159	2364.4467	23957.391	10.1323	Emontana
scaffold_10	21588913	21115	630856	978.0483	29221.2952	29.8771	Emontana
scaffold_11	21434317	20503	626124	956.5502	29211.2877	30.5382	Emontana
scaffold_12	21365565	20100	606253	940.7661	28375.2384	30.1618	Emontana
scaffold_13	21170507	19306	607841	911.929	28711.6884	31.4846	Emontana
scaffold_14	20105574	17766	580112	883.6356	28853.2921	32.6529	Emontana
scaffold_15	19803385	17578	577353	887.626	29154.2582	32.8452	Emontana
scaffold_16	19650414	17391	587062	885.0195	29875.2993	33.7567	Emontana
scaffold_17	19150571	16290	565155	850.6274	29511.1305	34.6934	Emontana
scaffold_18	19050091	16290	578633	855.114	30374.2906	35.5207	Emontana
scaffold_19	18386664	15051	542655	818.5824	29513.5104	36.0544	Emontana
scaffold_20	18320768	14706	534146	802.6956	29155.2188	36.3216	Emontana
scaffold_21	18307894	15225	565151	831.6085	30869.2524	37.1199	Emontana
scaffold_22	18149866	14535	533808	800.8324	29411.1262	36.7257	Emontana
scaffold_23	17819820	14365	537943	806.1249	30187.9031	37.4482	Emontana
scaffold_3	27318707	33930	794567	1242.0061	29085.0881	23.4178	Emontana
scaffold_5	23748086	25200	684738	1061.1381	28833.3974	27.1721	Emontana
scaffold_6	23429930	24310	654803	1037.5618	27947.2879	26.9355	Emontana
scaffold_7	23017939	23871	674567	1037.0607	29306.1425	28.2588	Emontana
scaffold_8	22822425	22578	660039	989.2901	28920.634	29.2337	Emontana
scaffold_9	21705891	20910	632125	963.3329	29122.2784	30.2308	Emontana
scaffold_1	60994940	145936	692604	2392.5919	11355.1058	4.7459	Epalarica
scaffold_10	28167332	36062	371433	1280.2775	13186.6589	10.2998	Epalarica
scaffold_11	27179420	30661	317569	1128.0962	11684.1713	10.3574	Epalarica
scaffold_12	21946929	22129	308164	1008.296	14041.3267	13.9258	Epalarica
scaffold_13	19513606	15914	248837	815.5335	12751.9742	15.6364	Epalarica
scaffold_2	40040376	69888	524716	1745.4382	13104.6721	7.508	Epalarica
scaffold_3	39449659	68956	508867	1747.9492	12899.1483	7.3796	Epalarica
scaffold_4	38725888	65931	503209	1702.5045	12994.1242	7.6324	Epalarica
scaffold_5	38441827	66155	469543	1720.912	12214.3778	7.0976	Epalarica
scaffold_6	37589252	62561	451251	1664.3321	12004.788	7.213	Epalarica
scaffold_7	35708389	55654	431229	1558.5693	12076.4059	7.7484	Epalarica
scaffold_8	33126904	49510	416663	1494.5556	12577.7827	8.4157	Epalarica
scaffold_9	32806551	48902	433103	1490.6169	13201.723	8.8565	Epalarica
scaffold_1	52413556	44331	111389	845.7926	2125.1945	2.5127	Epharte
scaffold_10	26035223	10116	43451	388.5505	1668.9314	4.2953	Epharte
scaffold_11	25307695	15144	62055	598.3951	2452.021	4.0977	Epharte
scaffold_12	23822308	12613	49475	529.4617	2076.8349	3.9225	Epharte
scaffold_13	23073855	13302	47888	576.4966	2075.4226	3.6001	Epharte
scaffold_14	22279309	10980	48507	492.834	2177.2219	4.4178	Epharte
scaffold_15	22237770	10762	47932	483.9514	2155.432	4.4538	Epharte
scaffold_16	21954000	10924	47378	497.5859	2158.0578	4.3371	Epharte
scaffold_17	20886907	9692	43727	464.0227	2093.5125	4.5117	Epharte
scaffold_18	20007726	9515	43315	475.5663	2164.9137	4.5523	Epharte
scaffold_19	14232310	1394	41581	97.9462	2921.5918	29.8286	Epharte
scaffold_2	47123949	40854	85258	866.9477	1809.2287	2.0869	Epharte
scaffold_3	46896807	36582	82712	780.0531	1763.7022	2.261	Epharte
scaffold_4	44688408	43482	81826	973.004	1831.0341	1.8818	Epharte
scaffold_5	36961194	25935	75325	701.6819	2037.9482	2.9044	Epharte
scaffold_6	31789520	21804	55978	685.8864	1760.8948	2.5673	Epharte
scaffold_7	31301275	22678	64562	724.5072	2062.5997	2.8469	Epharte
scaffold_8	26795191	16639	65719	620.9696	2452.6416	3.9497	Epharte
scaffold_9	26542002	14308	58308	539.0701	2196.82	4.0752	Epharte
scaffold_1	47411227	46450	126265	979.7258	2663.1878	2.7183	Epronoe
scaffold_10	21469662	13061	78707	608.3468	3665.9636	6.0261	Epronoe
scaffold_11	21178924	13077	77676	617.4535	3667.6084	5.9399	Epronoe
scaffold_12	20755659	11126	66908	536.0466	3223.6028	6.0137	Epronoe
scaffold_13	20556365	12241	71516	595.4847	3479.0198	5.8423	Epronoe
scaffold_14	20506088	11526	65718	562.077	3204.8043	5.7017	Epronoe
scaffold_15	19245502	10704	65269	556.1819	3391.3898	6.0976	Epronoe
scaffold_16	18666816	10439	63228	559.2277	3387.1872	6.0569	Epronoe
scaffold_17	17704071	9776	64396	552.1894	3637.3555	6.5872	Epronoe
scaffold_18	17557418	9812	61288	558.8521	3490.7183	6.2462	Epronoe
scaffold_19	16965991	8337	56174	491.3948	3310.9766	6.7379	Epronoe
scaffold_20	15821784	8064	56634	509.677	3579.4952	7.0231	Epronoe
scaffold_3	36587827	29792	105404	814.2599	2880.8489	3.538	Epronoe
scaffold_5	33944381	30649	107313	902.9182	3161.4364	3.5014	Epronoe
scaffold_6	28829634	24674	86411	855.8555	2997.2978	3.5021	Epronoe
scaffold_7	28767020	16236	91417	564.3963	3177.8405	5.6305	Epronoe
scaffold_8	24637291	16740	75020	679.4578	3044.9776	4.4815	Epronoe
scaffold_9	22117330	14702	82236	664.7276	3718.1703	5.5935	Epronoe
scaffold_1	40408948	57485	839165	1422.581	20766.8114	14.598	Erondoui
scaffold_10	21931164	21528	593078	981.6168	27042.7051	27.5491	Erondoui
scaffold_11	21914109	21321	585145	972.9348	26701.7473	27.4445	Erondoui
scaffold_12	21364430	19900	583887	931.4548	27329.8656	29.3411	Erondoui
scaffold_13	21281151	20301	588930	953.9428	27673.7851	29.0099	Erondoui
scaffold_14	20590983	18336	548087	890.4869	26617.8162	29.8913	Erondoui
scaffold_15	19878230	17578	553342	884.284	27836.583	31.4792	Erondoui
scaffold_16	19390926	16836	536713	868.2412	27678.5647	31.8789	Erondoui
scaffold_17	19003848	15576	492366	819.6235	25908.7528	31.6106	Erondoui
scaffold_18	18890383	13041	476800	690.3513	25240.3564	36.5616	Erondoui
scaffold_19	18708681	13695	478343	732.0131	25567.9703	34.9283	Erondoui
scaffold_20	18700701	15576	512216	832.91	27390.2032	32.885	Erondoui
scaffold_21	16992249	12880	465353	757.9927	27386.1924	36.1299	Erondoui
scaffold_22	16958059	12720	470751	750.0858	27759.7218	37.0087	Erondoui
scaffold_23	16833884	12561	465028	746.1736	27624.5221	37.0216	Erondoui
scaffold_24	16317624	11781	444925	721.9801	27266.531	37.7663	Erondoui
scaffold_3	27588679	33670	716322	1220.4281	25964.3457	21.2748	Erondoui
scaffold_5	26870336	30627	695733	1139.8071	25892.233	22.7163	Erondoui
scaffold_6	24003460	25425	636365	1059.2223	26511.3863	25.0291	Erondoui
scaffold_7	23500299	24310	636636	1034.4549	27090.5489	26.1882	Erondoui
scaffold_8	23440371	24310	617936	1037.0996	26362.0401	25.419	Erondoui
scaffold_9	22160684	22578	625855	1018.8314	28241.6824	27.7197	Erondoui
scaffold_1	51990491	117414	544135	2258.3745	10466.0485	4.6343	Estirius
scaffold_10	20737970	19110	295926	921.4981	14269.767	15.4854	Estirius
scaffold_11	20516245	19306	290354	941.0104	14152.3948	15.0396	Estirius
scaffold_12	20291975	17391	266676	857.0383	13141.944	15.3341	Estirius
scaffold_13	20045803	18145	278421	905.177	13889.2416	15.3442	Estirius
scaffold_14	18781425	15753	267714	838.7542	14254.19	16.9945	Estirius
scaffold_15	18780182	16110	266827	857.8192	14207.9028	16.5628	Estirius
scaffold_16	18455658	15576	273471	843.9688	14817.7323	17.5572	Estirius
scaffold_17	18290715	14878	260450	813.4182	14239.4652	17.5057	Estirius
scaffold_18	17634725	14028	252475	795.476	14316.923	17.9979	Estirius
scaffold_19	17403029	13695	250630	786.932	14401.516	18.3008	Estirius
scaffold_2	36659306	57616	450736	1571.661	12295.2682	7.8231	Estirius
scaffold_20	17299396	13366	248731	772.6281	14378.0164	18.6092	Estirius
scaffold_3	35468131	54773	474141	1544.2877	13368.0853	8.6565	Estirius
scaffold_4	26699901	31878	350723	1193.937	13135.7416	11.002	Estirius
scaffold_5	22973296	23220	298958	1010.7387	13013.2829	12.875	Estirius
scaffold_6	22871853	21321	316812	932.1938	13851.6105	14.8592	Estirius
scaffold_7	22816537	23220	317321	1017.6829	13907.5005	13.6658	Estirius
scaffold_8	22439802	22366	320361	996.7111	14276.4629	14.3236	Estirius
scaffold_9	21068881	19701	286674	935.0758	13606.5128	14.5512	Estirius
scaffold_1	35396985	56279	998909	1589.9377	28220.1719	17.7492	Esudetica
scaffold_10	20456478	18336	617263	896.342	30174.4513	33.664	Esudetica
scaffold_11	20144352	18336	624251	910.2303	30988.8846	34.0451	Esudetica
scaffold_12	19376561	17020	596742	878.3808	30797.1058	35.0612	Esudetica
scaffold_13	18527202	15225	564892	821.7647	30489.8711	37.1029	Esudetica
scaffold_14	18184640	13861	544566	762.2367	29946.4823	39.2876	Esudetica
scaffold_15	17626228	13695	542717	776.9671	30790.3086	39.6288	Esudetica
scaffold_16	17608161	13695	531078	777.7644	30160.901	38.779	Esudetica
scaffold_17	17180277	13203	534402	768.4975	31105.552	40.4758	Esudetica
scaffold_18	16539069	12090	512171	730.9964	30967.3416	42.3632	Esudetica
scaffold_19	16427839	11935	516451	726.5107	31437.5494	43.272	Esudetica
scaffold_2	33670851	50403	915539	1496.9328	27190.8483	18.1644	Esudetica
scaffold_3	33226743	48823	900555	1469.3887	27103.3186	18.4453	Esudetica
scaffold_4	28400126	36315	808040	1278.6915	28451.9864	22.2509	Esudetica
scaffold_5	26950899	32640	776711	1211.0913	28819.4839	23.7963	Esudetica
scaffold_6	22049453	20706	655830	939.0709	29743.595	31.6734	Esudetica
scaffold_7	21653022	20706	650130	956.2637	30024.9083	31.3981	Esudetica
scaffold_8	20722186	19306	622776	931.6585	30053.586	32.2582	Esudetica
scaffold_9	20683909	18145	589861	877.252	28517.8686	32.5082	Esudetica
scaffold_1	43407408	77123	1004385	1776.7244	23138.562	13.0232	Etriaria
scaffold_10	28086938	36046	774720	1283.3724	27582.9284	21.4925	Etriaria
scaffold_11	27220022	33411	736750	1227.4421	27066.4733	22.0511	Etriaria
scaffold_12	24095629	26796	683017	1112.0689	28346.0955	25.4895	Etriaria
scaffold_13	21201177	18528	582186	873.9137	27460.0792	31.422	Etriaria
scaffold_14	20237924	18915	591056	934.6314	29205.3671	31.248	Etriaria
scaffold_15	20173468	18721	578035	928.0011	28653.2291	30.8763	Etriaria
scaffold_16	19824010	17955	578711	905.7199	29192.4288	32.2312	Etriaria
scaffold_3	38088995	67145	999754	1762.8451	26247.844	14.8895	Etriaria
scaffold_5	35537013	58311	938420	1640.8526	26406.8339	16.0934	Etriaria
scaffold_6	33992501	53297	905471	1567.9046	26637.3751	16.9892	Etriaria
scaffold_7	33970816	52326	866544	1540.3221	25508.4835	16.5605	Etriaria
scaffold_8	33388221	51681	894453	1547.8812	26789.4776	17.3072	Etriaria
scaffold_9	31178744	43956	848956	1409.8066	27228.6786	19.3138	Etriaria
scaffold_1	29989463	39871	128200	1329.5003	4274.8348	3.2154	X2575
scaffold_10	21483191	20100	108764	935.6152	5062.7488	5.4111	X2575
scaffold_11	19854737	17390	92999	875.8615	4683.9704	5.3478	X2575
scaffold_12	19369577	16652	101058	859.6987	5217.3571	6.0688	X2575
scaffold_13	20414053	18336	98362	898.2048	4818.3474	5.3644	X2575
scaffold_14	19759810	17205	96343	870.7068	4875.7048	5.5997	X2575
scaffold_15	19467203	16471	90477	846.0897	4647.663	5.4931	X2575
scaffold_16	19618528	17020	92330	867.5472	4706.2654	5.4248	X2575
scaffold_17	19008025	15931	100060	838.1197	5264.0924	6.2808	X2575
scaffold_18	18192571	14535	89132	798.9525	4899.3625	6.1322	X2575
scaffold_19	17808383	13859	87032	778.229	4887.1366	6.2798	X2575
scaffold_2	23972015	24972	116104	1041.7147	4843.3142	4.6494	X2575
scaffold_20	17768859	13695	85268	770.7304	4798.7324	6.2262	X2575
scaffold_21	17571008	13693	90996	779.2951	5178.7581	6.6454	X2575
scaffold_22	16245388	11628	84251	715.7724	5186.1488	7.2455	X2575
scaffold_23	16022350	10878	84757	678.9266	5289.9231	7.7916	X2575
scaffold_24	13398917	5252	45490	391.972	3395.0505	8.6615	X2575
scaffold_25	12878641	7140	68506	554.4063	5319.3501	9.5947	X2575
scaffold_26	10546484	4950	57649	469.3507	5466.1819	11.6463	X2575
scaffold_27	8719212	3003	43734	344.4119	5015.8202	14.5634	X2575
scaffold_28	9768352	4005	58772	409.9975	6016.5727	14.6747	X2575
scaffold_3	23645765	23870	102489	1009.4831	4334.3491	4.2936	X2575
scaffold_4	22775921	22787	116286	1000.4864	5105.6552	5.1032	X2575
scaffold_5	23330544	23436	110768	1004.5201	4747.7676	4.7264	X2575
scaffold_7	22593700	21943	121426	971.1999	5374.33	5.5337	X2575
scaffold_8	21606717	20100	95267	930.2663	4409.1381	4.7397	X2575
scaffold_9	22292546	21525	96050	965.5694	4308.6151	4.4623	X2575
scaffold_1	31240052	42161	134386	1349.5816	4301.7214	3.1874	X2576
scaffold_10	21733498	20099	98605	924.7936	4537.0055	4.906	X2576
scaffold_11	22119809	20301	114418	917.7747	5172.6486	5.6361	X2576
scaffold_12	21591836	18915	98951	876.0255	4582.7969	5.2314	X2576
scaffold_13	20464825	17578	95587	858.9372	4670.7949	5.4379	X2576
scaffold_14	20629981	18145	97597	879.5452	4730.8332	5.3787	X2576
scaffold_15	20211639	17578	102330	869.6969	5062.9244	5.8215	X2576
scaffold_16	20024659	17020	105135	849.9521	5250.2767	6.1771	X2576
scaffold_17	18916128	15753	93081	832.7814	4920.7216	5.9088	X2576
scaffold_18	18730151	14878	85235	794.3342	4550.6841	5.7289	X2576
scaffold_19	18429661	14196	95091	770.28	5159.6717	6.6984	X2576
scaffold_2	25047042	24531	105807	979.3971	4224.3312	4.3132	X2576
scaffold_20	18387209	14364	90253	781.1952	4908.4665	6.2833	X2576
scaffold_21	16861714	12090	90485	717.009	5366.2991	7.4843	X2576
scaffold_22	16842845	11935	87368	708.6095	5187.2472	7.3203	X2576
scaffold_23	20328026	17020	92817	837.2677	4565.9623	5.4534	X2576
scaffold_24	14695641	4656	44106	316.8286	3001.2981	9.4729	X2576
scaffold_25	13557508	7140	68170	526.6455	5028.2102	9.5476	X2576
scaffold_26	11450555	5253	63255	458.7551	5524.1864	12.0417	X2576
scaffold_27	10502295	4278	64667	407.3395	6157.4161	15.1162	X2576
scaffold_28	8955374	2775	46557	309.8698	5198.7779	16.7773	X2576
scaffold_3	24301944	25198	113675	1036.8718	4677.6093	4.5113	X2576
scaffold_4	24498023	25651	117160	1047.0641	4782.4267	4.5675	X2576
scaffold_5	23250913	23005	131806	989.4235	5668.8527	5.7295	X2576
scaffold_6	23498624	23867	125275	1015.6765	5331.1632	5.2489	X2576
scaffold_8	23220895	22154	96237	954.0545	4144.4139	4.344	X2576
scaffold_9	22739584	21945	99354	965.0572	4369.2092	4.5274	X2576
scaffold_10	21666481	18915	233653	873.0075	10784.077	12.3528	X3252
scaffold_11	20420699	18145	225601	888.5592	11047.663	12.4332	X3252
scaffold_12	20175565	17020	215648	843.5947	10688.573	12.6703	X3252
scaffold_13	20206566	17766	231635	879.2192	11463.3531	13.0381	X3252
scaffold_14	19968224	17020	228887	852.3542	11462.5617	13.4481	X3252
scaffold_15	19917339	17020	222001	854.5318	11146.1175	13.0435	X3252
scaffold_16	18613313	14706	212392	790.0797	11410.7575	14.4425	X3252
scaffold_17	18481954	10585	180452	572.7208	9763.6862	17.0479	X3252
scaffold_18	18638124	14706	213903	789.0279	11476.6379	14.5453	X3252
scaffold_19	18187076	14028	205195	771.317	11282.4623	14.6275	X3252
scaffold_2	23774035	21321	228112	896.8187	9595.0056	10.6989	X3252
scaffold_20	17926569	14028	213661	782.5256	11918.6778	15.231	X3252
scaffold_21	17879688	13695	201852	765.953	11289.4587	14.7391	X3252
scaffold_22	17691837	11935	192585	674.6049	10885.5287	16.1362	X3252
scaffold_23	17681055	3486	73165	197.1602	4138.0449	20.9882	X3252
scaffold_24	14184124	8256	165703	582.0592	11682.2865	20.0706	X3252
scaffold_25	13175205	7503	166697	569.4788	12652.3269	22.2174	X3252
scaffold_26	12639536	6786	140255	536.8868	11096.5308	20.6683	X3252
scaffold_27	11599131	4560	125897	393.1329	10854.0028	27.609	X3252
scaffold_28	10052879	3486	89061	346.7663	8859.2532	25.5482	X3252
scaffold_3	23911110	25200	262704	1053.9034	10986.692	10.4248	X3252
scaffold_4	23678771	24310	252919	1026.658	10681.2554	10.4039	X3252
scaffold_5	22448173	17955	221963	799.8424	9887.798	12.3622	X3252
scaffold_6	23114643	23220	253504	1004.558	10967.247	10.9175	X3252
scaffold_7	23202313	23005	268984	991.496	11592.9821	11.6924	X3252
scaffold_8	21889327	20910	244509	955.2601	11170.2384	11.6934	X3252
scaffold_9	21972728	21115	245446	960.964	11170.4837	11.6242	X3252
scaffold_10	34788775	39270	285463	1128.8124	8205.6065	7.2692	X3258
scaffold_11	33617605	50033	352846	1488.2976	10495.8696	7.0523	X3258
scaffold_2	55864847	120627	492563	2159.2648	8817.0473	4.0834	X3258
scaffold_3	53749905	122585	473524	2280.6552	8809.7644	3.8628	X3258
scaffold_4	51735000	115868	492212	2239.6443	9514.1007	4.248	X3258
scaffold_5	46123792	83418	431777	1808.5677	9361.2641	5.1761	X3258
scaffold_6	45576453	90382	421724	1983.0854	9253.1115	4.666	X3258
scaffold_7	44891785	84630	452459	1885.2002	10078.8819	5.3463	X3258
scaffold_8	38703603	65345	419466	1688.3441	10837.9057	6.4193	X3258
scaffold_9	35523135	55194	361306	1553.748	10171.0055	6.5461	X3258
scaffold_1	42336005	82477	488979	1948.1526	11549.9561	5.9287	X3311
scaffold_10	32486046	46656	380856	1436.1859	11723.6798	8.1631	X3311
scaffold_11	27562603	29142	333440	1057.3022	12097.5512	11.4419	X3311
scaffold_12	26435890	32640	388434	1234.6851	14693.4338	11.9006	X3311
scaffold_13	21679127	21945	300579	1012.264	13864.9033	13.6969	X3311
scaffold_14	15953076	11026	240796	691.152	15094.017	21.8389	X3311
scaffold_2	37279938	63517	451907	1703.785	12121.989	7.1147	X3311
scaffold_3	36752064	60968	430922	1658.9	11725.1102	7.068	X3311
scaffold_4	36413192	58970	442075	1619.468	12140.5176	7.4966	X3311
scaffold_6	34997696	56934	420569	1626.7928	12017.0482	7.387	X3311
scaffold_7	34691039	56247	422317	1621.3697	12173.6625	7.5083	X3311
scaffold_8	33403613	51023	436890	1527.4695	13079.1241	8.5626	X3311
scaffold_9	33028892	51038	398508	1545.2532	12065.4365	7.8081	X3311
scaffold_1	55597048	98580	71186	1773.1157	1280.3917	0.7221	X3506
scaffold_10	21340370	20477	42910	959.5429	2010.743	2.0955	X3506
scaffold_11	20655643	19088	40918	924.1058	1980.9599	2.1437	X3506
scaffold_12	20816206	18089	38564	868.9864	1852.595	2.1319	X3506
scaffold_13	19368781	15742	43489	812.7512	2245.3143	2.7626	X3506
scaffold_14	19724047	16647	39559	843.9951	2005.6229	2.3763	X3506
scaffold_15	19735242	16824	41858	852.4851	2120.9773	2.488	X3506
scaffold_16	19534356	16465	40961	842.874	2096.8697	2.4878	X3506
scaffold_17	18572207	13352	34370	718.9237	1850.6147	2.5741	X3506
scaffold_18	18914145	15930	40692	842.2268	2151.4057	2.5544	X3506
scaffold_19	18291368	14704	36732	803.8765	2008.1604	2.4981	X3506
scaffold_20	18259818	15046	40332	823.9951	2208.7843	2.6806	X3506
scaffold_21	18011509	14334	38032	795.8245	2111.5388	2.6533	X3506
scaffold_22	17894018	14028	37251	783.9491	2081.7572	2.6555	X3506
scaffold_23	17499984	13036	37649	744.915	2151.3734	2.8881	X3506
scaffold_3	27078367	33062	51123	1220.9747	1887.9647	1.5463	X3506
scaffold_4	23801230	23559	48388	989.8228	2033.0042	2.0539	X3506
scaffold_5	23562929	24073	40694	1021.6472	1727.0349	1.6904	X3506
scaffold_6	22931906	23325	48395	1017.1418	2110.3784	2.0748	X3506
scaffold_7	22202305	21506	47697	968.6382	2148.2905	2.2178	X3506
scaffold_8	21240467	20094	41874	946.0244	1971.4256	2.0839	X3506
scaffold_9	21435757	20084	43796	936.9392	2043.1282	2.1806	X3506
scaffold_1	72576046	160045	219554	2205.2042	3025.1579	1.3718	X3531
scaffold_10	34192860	50997	129147	1491.4517	3777.0166	2.5324	X3531
scaffold_3	60709208	119809	203401	1973.4898	3350.4143	1.6977	X3531
scaffold_4	58421957	115448	174721	1976.1063	2990.6735	1.5134	X3531
scaffold_5	55683060	111744	187503	2006.7863	3367.3257	1.678	X3531
scaffold_6	53756506	107606	181750	2001.7298	3380.9861	1.689	X3531
scaffold_7	46193233	76914	172716	1665.0491	3738.9892	2.2456	X3531
scaffold_8	36501054	57745	134380	1582.0091	3681.5375	2.3271	X3531
scaffold_9	35709248	41120	106008	1151.5224	2968.6427	2.578	X3531
scaffold_1	73472807	186038	339265	2532.066	4617.5587	1.8236	X3737
scaffold_10	34581850	53843	203095	1556.9728	5872.8784	3.772	X3737
scaffold_3	53868344	120320	275956	2233.5938	5122.786	2.2935	X3737
scaffold_4	53298135	120202	258217	2255.2759	4844.7661	2.1482	X3737
scaffold_5	50911320	113256	270736	2224.574	5317.7957	2.3905	X3737
scaffold_6	44972102	79714	262299	1772.5211	5832.4825	3.2905	X3737
scaffold_7	42855700	80782	259585	1884.9768	6057.1873	3.2134	X3737
scaffold_8	46598952	88296	236310	1894.8066	5071.1441	2.6763	X3737
scaffold_9	35367999	35746	159667	1010.6877	4514.4482	4.4667	X3737
