species	chrom	mean_slope	mean_slope_0_10Mb
C0001	scaffold_10	-0.448786816	-0.74982571
C0001	scaffold_11	-0.386569593	-0.643820207
C0001	scaffold_12	-0.454376672	-0.6797742
C0001	scaffold_13	-0.436900113	-0.686759695
C0001	scaffold_14	-0.463069401	-0.649244812
C0001	scaffold_16	-0.394426173	-0.592343362
C0001	scaffold_17	-0.411438861	-0.573192261
C0001	scaffold_18	-0.366374832	-0.574276477
C0001	scaffold_19	-0.500333617	-0.533856886
C0001	scaffold_2	-0.814718783	-0.774586305
C0001	scaffold_3	-1.04898212	-0.934048177
C0001	scaffold_4	-0.876309041	-0.771678922
C0001	scaffold_5	-0.840047945	-0.851146915
C0001	scaffold_6	-0.869271079	-0.782323594
C0001	scaffold_7	-0.777929478	-0.793738486
C0001	scaffold_8	-1.118946715	-0.836014724
C0001	scaffold_9	-0.717867392	-0.681205369
C0055	scaffold_10	-0.374290193	-0.4710238
C0055	scaffold_11	-0.31966268	-0.387163963
C0055	scaffold_12	-0.309662475	-0.39201362
C0055	scaffold_13	-0.312335832	-0.39365208
C0055	scaffold_14	-0.270466878	-0.328449651
C0055	scaffold_15	-0.319489617	-0.365406379
C0055	scaffold_16	-0.353885504	-0.387818378
C0055	scaffold_17	-0.445935219	-0.483741914
C0055	scaffold_18	-0.536577227	-0.558268923
C0055	scaffold_19	-0.413952919	-0.433144513
C0055	scaffold_2	-0.558011618	-1.198231883
C0055	scaffold_20	-0.289656532	-0.305779219
C0055	scaffold_21	-0.372378179	-0.384716154
C0055	scaffold_22	-0.576384052	-0.585397186
C0055	scaffold_23	-0.267385646	-0.335989858
C0055	scaffold_24	-0.621484397	-0.621628348
C0055	scaffold_25	-0.446224586	-0.455346284
C0055	scaffold_26	-0.19007975	-0.210348139
C0055	scaffold_27	-0.361008349	-0.361008349
C0055	scaffold_28	-0.549065794	-0.549065794
C0055	scaffold_29	-0.403565343	-0.403565343
C0055	scaffold_3	-0.402866125	-0.654027974
C0055	scaffold_30	-0.470036212	-0.470036212
C0055	scaffold_31	-0.331229293	-0.331229293
C0055	scaffold_32	-0.689246642	-0.689246642
C0055	scaffold_33	-0.229689071	-0.284218029
C0055	scaffold_34	-0.369550584	-0.371806907
C0055	scaffold_35	-0.2082303	-0.2082303
C0055	scaffold_36	-0.364878756	-0.364878756
C0055	scaffold_37	-0.362324034	-0.47611775
C0055	scaffold_38	-0.304088003	-0.304088003
C0055	scaffold_39	-0.389683147	-0.389683147
C0055	scaffold_4	-0.497176303	-0.661172975
C0055	scaffold_40	-0.163012809	-0.163012809
C0055	scaffold_5	-0.563716581	-0.752383545
C0055	scaffold_6	-0.31078511	-0.565289768
C0055	scaffold_7	-0.212590837	-0.421600557
C0055	scaffold_8	-0.595812573	-0.796034493
C0055	scaffold_9	-0.425231444	-0.497653166
C0080	scaffold_1	-1.140526457	-1.054070776
C0080	scaffold_2	-1.195145836	-1.057969259
C0080	scaffold_3	-1.50206893	-1.040352365
C0080	scaffold_4	-1.319558291	-1.111880697
C0080	scaffold_6	-1.308114326	-1.037296251
C0080	scaffold_7	-1.705605236	-1.098694203
C0080	scaffold_8	-1.31006405	-1.111606202
C0100	scaffold_10	-0.260626699	-0.332381028
C0100	scaffold_11	-0.425430503	-0.488815233
C0100	scaffold_12	-0.252048139	-0.303419343
C0100	scaffold_13	-0.244359891	-0.251503573
C0100	scaffold_14	-0.350811004	-0.350811004
C0100	scaffold_15	0.089642029	0.089642029
C0100	scaffold_16	-0.242013879	-0.242013879
C0100	scaffold_17	-0.326617422	-0.326617422
C0100	scaffold_18	-0.239201162	-0.239201162
C0100	scaffold_19	-0.15639192	-0.15639192
C0100	scaffold_20	-0.141392135	-0.141392135
C0100	scaffold_21	-0.341367943	-0.341367943
C0100	scaffold_22	-0.36440172	-0.36440172
C0100	scaffold_23	-0.340387336	-0.340387336
C0100	scaffold_24	-0.413497334	-0.413497334
C0100	scaffold_25	-0.085912438	-0.085912438
C0100	scaffold_26	-0.210080509	-0.210080509
C0100	scaffold_27	-0.389252635	-0.389252635
C0100	scaffold_28	-0.336902257	-0.336902257
C0100	scaffold_29	-0.440382365	-0.440382365
C0100	scaffold_3	-0.380755577	-0.474439633
C0100	scaffold_30	-0.302293171	-0.302293171
C0100	scaffold_31	-1.060428956	-1.060428956
C0100	scaffold_32	-0.616263565	-0.616263565
C0100	scaffold_33	-0.125008491	-0.125008491
C0100	scaffold_34	-0.149590275	-0.149590275
C0100	scaffold_35	-0.489784395	-0.489784395
C0100	scaffold_36	-0.325851752	-0.325851752
C0100	scaffold_37	-0.160444478	-0.160444478
C0100	scaffold_38	-0.418851994	-0.418851994
C0100	scaffold_39	-0.184861356	-0.184861356
C0100	scaffold_4	-0.337158808	-0.486223798
C0100	scaffold_40	-0.326896058	-0.326896058
C0100	scaffold_41	-0.525042833	-0.525042833
C0100	scaffold_42	-0.236980118	-0.236980118
C0100	scaffold_43	-0.338687805	-0.338687805
C0100	scaffold_44	-0.246560074	-0.246560074
C0100	scaffold_45	-0.330142383	-0.330142383
C0100	scaffold_46	-0.278947393	-0.278947393
C0100	scaffold_47	-0.381815663	-0.381815663
C0100	scaffold_48	-0.222256013	-0.222256013
C0100	scaffold_49	-0.286571854	-0.286571854
C0100	scaffold_5	-0.320065479	-0.431069478
C0100	scaffold_50	-0.228235954	-0.228235954
C0100	scaffold_51	0.056411366	0.056411366
C0100	scaffold_6	-0.485441036	-0.569916077
C0100	scaffold_7	-0.295992633	-0.382034451
C0100	scaffold_8	-0.35464537	-0.441623012
C0100	scaffold_9	-0.427766002	-0.447520756
Eaethiops	scaffold_1	-0.497011794	-0.588976248
Eaethiops	scaffold_10	-0.324218922	-0.543979184
Eaethiops	scaffold_11	-0.328168153	-0.62294662
Eaethiops	scaffold_12	-0.305277827	-0.542249898
Eaethiops	scaffold_13	-0.280915405	-0.506227519
Eaethiops	scaffold_14	-0.205075559	-0.430455004
Eaethiops	scaffold_15	-0.367590698	-0.544541896
Eaethiops	scaffold_16	-0.239760455	-0.444091857
Eaethiops	scaffold_17	-0.345262505	-0.39025402
Eaethiops	scaffold_18	-0.649532532	-0.719514398
Eaethiops	scaffold_2	-0.530183103	-0.612772899
Eaethiops	scaffold_3	-0.437122249	-0.600573413
Eaethiops	scaffold_4	-0.61395109	-0.643821484
Eaethiops	scaffold_5	-1.055291802	-0.782628378
Eaethiops	scaffold_6	-0.480380109	-0.606294798
Eaethiops	scaffold_7	-0.416102627	-0.648646309
Eaethiops	scaffold_8	-0.499424143	-0.655452124
Eaethiops	scaffold_9	-0.382901018	-0.532708179
Ealbergana	scaffold_1	-1.004016948	-1.205277465
Ealbergana	scaffold_10	-0.799369866	-0.978683843
Ealbergana	scaffold_11	-0.837770135	-0.993721881
Ealbergana	scaffold_12	-0.908272213	-1.034091362
Ealbergana	scaffold_13	-0.79543469	-0.979340495
Ealbergana	scaffold_14	-0.609528249	-0.834389704
Ealbergana	scaffold_15	-0.601010797	-0.703630517
Ealbergana	scaffold_16	-0.740399569	-0.850627252
Ealbergana	scaffold_2	-1.197906223	-1.283813768
Ealbergana	scaffold_3	-1.02926686	-1.161795214
Ealbergana	scaffold_4	-1.218122035	-1.295513018
Ealbergana	scaffold_5	-1.191379775	-1.209932977
Ealbergana	scaffold_6	-1.042974484	-1.111494482
Ealbergana	scaffold_7	-0.992737515	-1.213442233
Ealbergana	scaffold_8	-1.006777648	-1.266296059
Ealbergana	scaffold_9	-0.926500047	-1.133176653
Ebubastis	scaffold_1	-0.346510994	-0.632304144
Ebubastis	scaffold_10	-0.270820858	-0.494309036
Ebubastis	scaffold_11	-0.253441646	-0.476532408
Ebubastis	scaffold_12	-0.327005456	-0.463058532
Ebubastis	scaffold_13	-0.260702948	-0.433716622
Ebubastis	scaffold_14	-0.319105254	-0.475188401
Ebubastis	scaffold_15	-0.330265048	-0.533386297
Ebubastis	scaffold_16	-0.189410977	-0.389865339
Ebubastis	scaffold_17	-0.325417516	-0.390503162
Ebubastis	scaffold_18	-0.169285985	-0.327447358
Ebubastis	scaffold_19	-0.470941971	-0.454766763
Ebubastis	scaffold_2	-0.32087256	-0.53800164
Ebubastis	scaffold_20	-0.343983584	-0.414603053
Ebubastis	scaffold_21	-0.214182446	-0.334866994
Ebubastis	scaffold_22	-0.281347104	-0.364224896
Ebubastis	scaffold_23	-0.422000202	-0.456870097
Ebubastis	scaffold_24	-0.223829177	-0.222481456
Ebubastis	scaffold_25	-0.108354995	-0.156454084
Ebubastis	scaffold_26	0.028038549	0.015529041
Ebubastis	scaffold_27	-0.270482314	-0.272409997
Ebubastis	scaffold_28	-0.141500076	-0.141500076
Ebubastis	scaffold_3	-0.503642078	-0.604675474
Ebubastis	scaffold_4	-0.266841195	-0.595280586
Ebubastis	scaffold_5	-0.311269134	-0.595803718
Ebubastis	scaffold_6	-0.37312851	-0.581690685
Ebubastis	scaffold_7	-0.210752448	-0.499474832
Ebubastis	scaffold_8	-0.428776008	-0.574671257
Ebubastis	scaffold_9	-0.271926139	-0.473143114
Echristi	scaffold_1	-1.167608612	-0.833953133
Echristi	scaffold_10	-0.525244237	-0.764222676
Echristi	scaffold_11	-0.604432933	-0.716291161
Echristi	scaffold_12	-0.66432153	-0.787001015
Echristi	scaffold_13	-0.372679864	-0.607244732
Echristi	scaffold_14	-0.478275557	-0.614680075
Echristi	scaffold_15	-0.33231839	-0.533046392
Echristi	scaffold_16	-0.395382374	-0.651335709
Echristi	scaffold_17	-0.40726815	-0.523820212
Echristi	scaffold_18	-0.478514066	-0.588599132
Echristi	scaffold_19	-0.271815874	-0.403209194
Echristi	scaffold_2	-0.901454841	-0.769771251
Echristi	scaffold_3	-0.944829427	-0.785135001
Echristi	scaffold_4	-1.226033583	-0.786310159
Echristi	scaffold_5	-0.559540749	-0.720366598
Echristi	scaffold_6	-0.818836879	-0.807988777
Echristi	scaffold_7	-0.627999897	-0.799917426
Echristi	scaffold_8	-0.729359694	-0.728467868
Echristi	scaffold_9	-0.568846092	-0.806626239
Edisa	scaffold_1	-0.398727466	-0.621969451
Edisa	scaffold_10	-0.286827934	-0.573436544
Edisa	scaffold_11	-0.373428985	-0.531374988
Edisa	scaffold_12	-0.387944903	-0.591914445
Edisa	scaffold_13	-0.324187979	-0.581391033
Edisa	scaffold_14	-0.370930246	-0.521341014
Edisa	scaffold_15	-0.296652345	-0.506859061
Edisa	scaffold_16	-0.233342961	-0.411766505
Edisa	scaffold_17	-0.502269297	-0.522188357
Edisa	scaffold_18	-0.431754936	-0.530897633
Edisa	scaffold_19	-0.274734911	-0.40454074
Edisa	scaffold_2	-0.367101284	-0.634167885
Edisa	scaffold_20	-0.184883674	-0.439466042
Edisa	scaffold_21	-0.359126044	-0.447785908
Edisa	scaffold_22	-0.465891336	-0.590676204
Edisa	scaffold_23	-0.316123252	-0.409903458
Edisa	scaffold_24	-0.29760058	-0.362277778
Edisa	scaffold_25	-0.119440297	-0.273746315
Edisa	scaffold_26	-0.527559682	-0.523919022
Edisa	scaffold_27	-0.497161455	-0.491401731
Edisa	scaffold_28	-0.080705142	-0.080705142
Edisa	scaffold_3	-0.379824665	-0.666967771
Edisa	scaffold_4	-0.429950156	-0.636414
Edisa	scaffold_5	-0.309204794	-0.620141894
Edisa	scaffold_6	-0.36937251	-0.617113286
Edisa	scaffold_7	-0.400609465	-0.594775857
Edisa	scaffold_8	-0.295200094	-0.560790116
Edisa	scaffold_9	-0.322611888	-0.555839662
Eembla	scaffold_1	-0.335092709	-0.587257909
Eembla	scaffold_10	-0.352709631	-0.48380937
Eembla	scaffold_11	-0.245379687	-0.530399305
Eembla	scaffold_12	-0.317459089	-0.538978762
Eembla	scaffold_13	-0.290765134	-0.495318074
Eembla	scaffold_14	-0.330847043	-0.495319439
Eembla	scaffold_15	-0.25818451	-0.459377746
Eembla	scaffold_16	-0.20621468	-0.403993083
Eembla	scaffold_17	-0.203085489	-0.432043684
Eembla	scaffold_18	-0.340519944	-0.442998651
Eembla	scaffold_19	-0.504838121	-0.513346803
Eembla	scaffold_2	-0.324272334	-0.545323765
Eembla	scaffold_20	-0.188052824	-0.438426386
Eembla	scaffold_21	-0.397037026	-0.466355335
Eembla	scaffold_22	-0.34743505	-0.421704612
Eembla	scaffold_23	-0.485196472	-0.556162759
Eembla	scaffold_24	-0.272808401	-0.360092583
Eembla	scaffold_25	-0.165133573	-0.242553799
Eembla	scaffold_26	-0.496064827	-0.493423791
Eembla	scaffold_27	-0.561772989	-0.558893211
Eembla	scaffold_28	-0.08051556	-0.08051556
Eembla	scaffold_3	-0.257832661	-0.566544275
Eembla	scaffold_4	-0.30888723	-0.575082123
Eembla	scaffold_5	-0.402355921	-0.58338693
Eembla	scaffold_6	-0.3764544	-0.54653019
Eembla	scaffold_7	-0.27254574	-0.518756076
Eembla	scaffold_8	-0.434741083	-0.595915372
Eembla	scaffold_9	-0.292103784	-0.504049721
Eepiphron	scaffold_1	-1.115715047	-1.078257574
Eepiphron	scaffold_10	-0.821213767	-1.053090836
Eepiphron	scaffold_11	-0.75311051	-1.059993683
Eepiphron	scaffold_12	-0.624649995	-0.875667691
Eepiphron	scaffold_13	-0.534375838	-0.819388807
Eepiphron	scaffold_14	-0.708844027	-0.922719212
Eepiphron	scaffold_15	-0.605054092	-0.81205877
Eepiphron	scaffold_2	-1.234970006	-1.030465988
Eepiphron	scaffold_3	-1.33833436	-1.124550177
Eepiphron	scaffold_4	-1.187770053	-1.026225886
Eepiphron	scaffold_5	-1.023086687	-0.999373992
Eepiphron	scaffold_6	-1.22237359	-1.005750604
Eepiphron	scaffold_7	-0.855402256	-0.940437827
Eepiphron	scaffold_8	-0.955867554	-1.047001883
Eepiphron	scaffold_9	-0.610004741	-0.902898382
Eeriphyle	scaffold_1	-0.337681358	-0.62530625
Eeriphyle	scaffold_10	-0.286644507	-0.464430906
Eeriphyle	scaffold_11	-0.180196668	-0.45895571
Eeriphyle	scaffold_12	-0.188165914	-0.409515132
Eeriphyle	scaffold_13	-0.355880824	-0.456894419
Eeriphyle	scaffold_14	-0.347961558	-0.539086469
Eeriphyle	scaffold_15	-0.207192603	-0.43864275
Eeriphyle	scaffold_16	-0.235895376	-0.383574158
Eeriphyle	scaffold_17	-0.238975004	-0.330827731
Eeriphyle	scaffold_18	-0.331132931	-0.365877198
Eeriphyle	scaffold_19	-0.354911112	-0.423300143
Eeriphyle	scaffold_2	-0.273274763	-0.52146224
Eeriphyle	scaffold_20	-0.446537401	-0.435961483
Eeriphyle	scaffold_21	-0.294197857	-0.373847762
Eeriphyle	scaffold_22	-0.254863034	-0.28699995
Eeriphyle	scaffold_23	-0.407072569	-0.397800171
Eeriphyle	scaffold_24	-0.187481072	-0.196510759
Eeriphyle	scaffold_25	-0.168581822	-0.213859565
Eeriphyle	scaffold_26	-0.309780704	-0.324520114
Eeriphyle	scaffold_27	-0.183041389	-0.183041389
Eeriphyle	scaffold_28	-0.082209333	-0.082209333
Eeriphyle	scaffold_3	-0.406051746	-0.612514729
Eeriphyle	scaffold_4	-0.414914921	-0.585969031
Eeriphyle	scaffold_5	-0.285706731	-0.574471365
Eeriphyle	scaffold_6	-0.290882773	-0.522114602
Eeriphyle	scaffold_7	-0.413596339	-0.574683459
Eeriphyle	scaffold_8	-0.370304421	-0.564682702
Eeriphyle	scaffold_9	-0.277098021	-0.48616581
Eflavofasciata	scaffold_1	-0.834141514	-0.774124632
Eflavofasciata	scaffold_10	-0.74688077	-0.715776344
Eflavofasciata	scaffold_11	-0.465892801	-0.633817953
Eflavofasciata	scaffold_12	-0.436858105	-0.694633834
Eflavofasciata	scaffold_13	-0.583858612	-0.648548636
Eflavofasciata	scaffold_14	-0.533556002	-0.607093519
Eflavofasciata	scaffold_15	-0.465138439	-0.610986303
Eflavofasciata	scaffold_16	-0.365511085	-0.585915633
Eflavofasciata	scaffold_17	-0.42385775	-0.594639524
Eflavofasciata	scaffold_18	-0.369081679	-0.475573528
Eflavofasciata	scaffold_19	-0.615584186	-0.576536343
Eflavofasciata	scaffold_20	-0.446644017	-0.514037612
Eflavofasciata	scaffold_3	-1.010968753	-0.748829212
Eflavofasciata	scaffold_5	-0.687501939	-0.707995921
Eflavofasciata	scaffold_6	-0.687227348	-0.696687725
Eflavofasciata	scaffold_7	-0.576486172	-0.662801918
Eflavofasciata	scaffold_8	-0.478292811	-0.629060602
Eflavofasciata	scaffold_9	-0.580526709	-0.735590284
Egorge	scaffold_1	-0.989789705	-0.929716033
Egorge	scaffold_10	-0.628820411	-0.728730998
Egorge	scaffold_11	-0.338003979	-0.562281384
Egorge	scaffold_12	-0.316870095	-0.575000642
Egorge	scaffold_13	-0.343584859	-0.548721011
Egorge	scaffold_14	-0.38671967	-0.550083433
Egorge	scaffold_15	-0.392172001	-0.639584046
Egorge	scaffold_16	-0.307060228	-0.451021041
Egorge	scaffold_17	-0.32358083	-0.519645789
Egorge	scaffold_18	-0.511939245	-0.534612222
Egorge	scaffold_2	-0.777707317	-0.780494084
Egorge	scaffold_3	-1.073802932	-0.841756426
Egorge	scaffold_4	-0.849762036	-0.786768398
Egorge	scaffold_5	-1.108518352	-0.943341669
Egorge	scaffold_6	-0.782621315	-0.848704629
Egorge	scaffold_7	-0.981784044	-0.85554828
Egorge	scaffold_8	-0.4363844	-0.651179758
Egorge	scaffold_9	-0.422251124	-0.680658324
Eligea	scaffold_1	-0.566218284	-0.786713853
Eligea	scaffold_10	-0.334361396	-0.547345535
Eligea	scaffold_11	-0.414400205	-0.573271667
Eligea	scaffold_12	-0.309667487	-0.479533022
Eligea	scaffold_13	-0.356600984	-0.55199066
Eligea	scaffold_14	-0.312803198	-0.58375161
Eligea	scaffold_15	-0.384387829	-0.605930623
Eligea	scaffold_16	-0.277529303	-0.412623475
Eligea	scaffold_17	-0.390588058	-0.485619601
Eligea	scaffold_18	-0.326885098	-0.472112353
Eligea	scaffold_19	-0.609519912	-0.537941351
Eligea	scaffold_2	-0.497300452	-0.706975361
Eligea	scaffold_20	-0.372304161	-0.471404012
Eligea	scaffold_21	-0.309683802	-0.408445669
Eligea	scaffold_22	-0.22727015	-0.350081248
Eligea	scaffold_23	-0.253585193	-0.273011171
Eligea	scaffold_24	-0.397150292	-0.440526019
Eligea	scaffold_25	-0.137227713	-0.205321624
Eligea	scaffold_26	-0.240908116	-0.245335605
Eligea	scaffold_27	-0.107471347	-0.107471347
Eligea	scaffold_28	-0.330848526	-0.330848526
Eligea	scaffold_3	-0.5601876	-0.638427101
Eligea	scaffold_4	-0.363771485	-0.658176024
Eligea	scaffold_5	-0.411981276	-0.630569904
Eligea	scaffold_6	-0.30792901	-0.594595813
Eligea	scaffold_7	-0.452177259	-0.636621152
Eligea	scaffold_8	-0.381326625	-0.545740122
Eligea	scaffold_9	-0.517627862	-0.683619405
Emanto	scaffold_1	-0.548922554	-0.828694457
Emanto	scaffold_10	-0.4066314	-0.610733756
Emanto	scaffold_11	-0.318399934	-0.537254634
Emanto	scaffold_12	-0.465401211	-0.657734189
Emanto	scaffold_13	-0.392306928	-0.628900388
Emanto	scaffold_14	-0.387319606	-0.540676674
Emanto	scaffold_15	-0.394591779	-0.539201561
Emanto	scaffold_16	-0.231673941	-0.418363883
Emanto	scaffold_17	-0.289548662	-0.434727817
Emanto	scaffold_18	-0.528076243	-0.586872497
Emanto	scaffold_19	-0.421738047	-0.574730573
Emanto	scaffold_2	-0.419517652	-0.656129051
Emanto	scaffold_20	-0.390863447	-0.534250208
Emanto	scaffold_21	-0.325503181	-0.397897107
Emanto	scaffold_22	-0.321031623	-0.43573423
Emanto	scaffold_23	-0.530530157	-0.563947152
Emanto	scaffold_24	-0.21618265	-0.260084797
Emanto	scaffold_25	-0.200442275	-0.263499511
Emanto	scaffold_26	-0.325047573	-0.335460895
Emanto	scaffold_27	-0.37876046	-0.37876046
Emanto	scaffold_28	-0.291804691	-0.291804691
Emanto	scaffold_3	-0.611390607	-0.714180155
Emanto	scaffold_4	-0.316854125	-0.648540646
Emanto	scaffold_5	-0.533596113	-0.748400762
Emanto	scaffold_6	-0.44251914	-0.642462063
Emanto	scaffold_7	-0.656355218	-0.747599109
Emanto	scaffold_8	-0.357466449	-0.590961784
Emanto	scaffold_9	-0.475130465	-0.637458465
Emedusa	scaffold_1	-0.987877916	-0.894470215
Emedusa	scaffold_10	-0.761414458	-0.791181758
Emedusa	scaffold_2	-0.937538517	-0.922900897
Emedusa	scaffold_3	-0.987854899	-0.869922318
Emedusa	scaffold_4	-1.196270439	-0.866275312
Emedusa	scaffold_5	-0.996187512	-0.888720156
Emedusa	scaffold_6	-0.878520369	-0.812940092
Emedusa	scaffold_7	-0.955100445	-0.752477017
Emedusa	scaffold_8	-0.858510611	-0.825009703
Emedusa	scaffold_9	-0.946546678	-0.818766136
Emelampus	scaffold_1	-0.973142558	-0.861023733
Emelampus	scaffold_10	-0.315801819	-0.647401537
Emelampus	scaffold_11	-0.431811636	-0.657154705
Emelampus	scaffold_12	-0.50548435	-0.695373871
Emelampus	scaffold_13	-0.380683572	-0.557857515
Emelampus	scaffold_14	-0.492325298	-0.66602474
Emelampus	scaffold_15	-0.376389474	-0.557225881
Emelampus	scaffold_16	-0.34109752	-0.549603008
Emelampus	scaffold_17	-0.385146941	-0.591325785
Emelampus	scaffold_18	-0.530246978	-0.536844867
Emelampus	scaffold_19	-0.308370652	-0.500245163
Emelampus	scaffold_2	-0.69733884	-0.751754997
Emelampus	scaffold_3	-0.867517706	-0.746488234
Emelampus	scaffold_4	-0.55797413	-0.741654695
Emelampus	scaffold_5	-0.49964254	-0.694448166
Emelampus	scaffold_6	-0.505989995	-0.718973291
Emelampus	scaffold_7	-0.446809919	-0.743929311
Emelampus	scaffold_8	-0.378097566	-0.598645282
Emelampus	scaffold_9	-0.416862876	-0.615694038
Emelancholica	scaffold_1	-1.002266036	-0.765228373
Emelancholica	scaffold_10	-0.510221301	-0.617429505
Emelancholica	scaffold_11	-0.237135887	-0.458549593
Emelancholica	scaffold_12	-0.534565202	-0.632200125
Emelancholica	scaffold_13	-0.312293799	-0.455079716
Emelancholica	scaffold_14	-0.201258103	-0.453357543
Emelancholica	scaffold_15	-0.269421617	-0.474703827
Emelancholica	scaffold_16	-0.350359884	-0.477932235
Emelancholica	scaffold_17	-0.219020238	-0.353979461
Emelancholica	scaffold_18	-0.399061237	-0.537214238
Emelancholica	scaffold_19	-0.223952099	-0.380180183
Emelancholica	scaffold_2	-0.65771629	-0.684798916
Emelancholica	scaffold_20	-0.49950776	-0.473933526
Emelancholica	scaffold_21	-0.284233697	-0.404505994
Emelancholica	scaffold_3	-0.492481178	-0.624433409
Emelancholica	scaffold_4	-0.317350451	-0.643485772
Emelancholica	scaffold_5	-0.322006211	-0.598675117
Emelancholica	scaffold_6	-0.362714306	-0.560318474
Emelancholica	scaffold_7	-0.276046983	-0.551310312
Emelancholica	scaffold_8	-0.315876713	-0.527379531
Emelancholica	scaffold_9	-0.166056642	-0.487164218
Emeolans	scaffold_1	-1.298300619	-0.904056227
Emeolans	scaffold_10	-0.833005344	-1.020936499
Emeolans	scaffold_11	-1.295986528	-0.999388986
Emeolans	scaffold_12	-0.902800815	-0.867592512
Emeolans	scaffold_13	-0.663299975	-0.738532244
Emeolans	scaffold_2	-1.154369867	-0.960460422
Emeolans	scaffold_3	-1.091957559	-0.954750488
Emeolans	scaffold_4	-1.195860228	-0.955639404
Emeolans	scaffold_5	-1.033334607	-0.856012275
Emeolans	scaffold_6	-0.932032389	-0.851238583
Emeolans	scaffold_7	-0.830333698	-0.807322174
Emeolans	scaffold_8	-0.902847329	-0.824045375
Emeolans	scaffold_9	-0.846316024	-0.851097929
Emnestra	scaffold_1	-1.071864929	-0.986801448
Emnestra	scaffold_10	-1.156436295	-1.008623231
Emnestra	scaffold_11	-0.428007375	-0.694761732
Emnestra	scaffold_2	-1.208308267	-0.944684051
Emnestra	scaffold_3	-1.135043357	-0.919695819
Emnestra	scaffold_4	-1.118466347	-0.983030416
Emnestra	scaffold_5	-0.926426661	-0.89729101
Emnestra	scaffold_6	-0.959234914	-0.927977962
Emnestra	scaffold_7	-0.954337633	-0.969272858
Emnestra	scaffold_8	-0.925279787	-0.828514756
Emnestra	scaffold_9	-0.804147579	-0.847545349
Emontana	scaffold_1	-1.031960773	-0.730396881
Emontana	scaffold_10	-0.25807838	-0.513958488
Emontana	scaffold_11	-0.43857174	-0.580036161
Emontana	scaffold_12	-0.608975848	-0.60425197
Emontana	scaffold_13	-0.325794478	-0.501607037
Emontana	scaffold_14	-0.353310405	-0.484438337
Emontana	scaffold_15	-0.310928058	-0.53265315
Emontana	scaffold_16	-0.16008666	-0.363188663
Emontana	scaffold_17	-0.319028042	-0.486109649
Emontana	scaffold_18	-0.295348806	-0.512172256
Emontana	scaffold_19	-0.20738679	-0.359268235
Emontana	scaffold_20	-0.534057666	-0.490491625
Emontana	scaffold_21	-0.428833391	-0.537653763
Emontana	scaffold_22	-0.380209102	-0.494870728
Emontana	scaffold_23	-0.238452416	-0.407031158
Emontana	scaffold_3	-0.508190511	-0.579666841
Emontana	scaffold_5	-0.437592213	-0.672320717
Emontana	scaffold_6	-0.454279626	-0.57110842
Emontana	scaffold_7	-0.418828771	-0.636174347
Emontana	scaffold_8	-0.307354615	-0.604224974
Emontana	scaffold_9	-0.408443433	-0.547320254
Epalarica	scaffold_1	-1.000643532	-1.119878293
Epalarica	scaffold_10	-0.674587352	-1.20748483
Epalarica	scaffold_11	-1.194753722	-1.074827891
Epalarica	scaffold_12	-0.869330029	-0.964163091
Epalarica	scaffold_13	-0.963532231	-1.028546946
Epalarica	scaffold_2	-1.056366371	-1.171824464
Epalarica	scaffold_3	-1.018483884	-1.144036423
Epalarica	scaffold_4	-1.116785361	-1.140492378
Epalarica	scaffold_5	-1.026959694	-1.053181606
Epalarica	scaffold_6	-0.933433312	-1.011521777
Epalarica	scaffold_7	-0.832030101	-0.99462137
Epalarica	scaffold_8	-1.002291271	-1.064350075
Epalarica	scaffold_9	-0.886563883	-1.090488057
Epharte	scaffold_1	-1.135354273	-0.857459566
Epharte	scaffold_10	-0.927092592	-0.799297775
Epharte	scaffold_11	-0.432551016	-0.791688094
Epharte	scaffold_12	-0.619677144	-0.68643845
Epharte	scaffold_13	-0.531843582	-0.691503366
Epharte	scaffold_14	-0.751013679	-0.761106771
Epharte	scaffold_15	-0.576928091	-0.796740541
Epharte	scaffold_16	-0.767285138	-0.836176304
Epharte	scaffold_17	-0.433511745	-0.618675889
Epharte	scaffold_18	-0.875769012	-0.750230802
Epharte	scaffold_19	-0.815197327	-0.856501076
Epharte	scaffold_2	-1.198026501	-0.895588069
Epharte	scaffold_3	-1.262840545	-0.878742248
Epharte	scaffold_4	-1.02201881	-0.839282426
Epharte	scaffold_5	-1.103332852	-0.886098061
Epharte	scaffold_6	-0.957089928	-0.808271648
Epharte	scaffold_7	-0.963200925	-0.883966491
Epharte	scaffold_8	-0.682715955	-0.844838672
Epharte	scaffold_9	-0.859587043	-0.757415947
Epronoe	scaffold_1	-1.297084255	-0.950626408
Epronoe	scaffold_10	-0.797206757	-0.847455199
Epronoe	scaffold_11	-0.616571417	-0.816908541
Epronoe	scaffold_12	-1.063086679	-0.866489562
Epronoe	scaffold_13	-0.800505583	-0.779825814
Epronoe	scaffold_14	-0.87683388	-0.85683153
Epronoe	scaffold_15	-0.910244682	-0.884834068
Epronoe	scaffold_16	-0.681365631	-0.762098499
Epronoe	scaffold_17	-0.52926801	-0.742278259
Epronoe	scaffold_18	-0.742897631	-0.775171147
Epronoe	scaffold_19	-0.50683953	-0.602909597
Epronoe	scaffold_20	-0.672382493	-0.734913935
Epronoe	scaffold_3	-1.142066289	-0.949403478
Epronoe	scaffold_5	-1.06050448	-0.864766567
Epronoe	scaffold_6	-0.959748864	-0.81985143
Epronoe	scaffold_7	-1.382081648	-0.951598236
Epronoe	scaffold_8	-0.883491179	-0.916498891
Epronoe	scaffold_9	-0.782010184	-0.905090973
Erondoui	scaffold_1	-1.118111394	-0.746274198
Erondoui	scaffold_10	-0.506895346	-0.624972599
Erondoui	scaffold_11	-0.351903184	-0.553090455
Erondoui	scaffold_12	-0.421734934	-0.603390275
Erondoui	scaffold_13	-0.284803128	-0.526787891
Erondoui	scaffold_14	-0.443802925	-0.549732152
Erondoui	scaffold_15	-0.368993347	-0.573632831
Erondoui	scaffold_16	-0.231867508	-0.458590303
Erondoui	scaffold_17	-0.276794447	-0.397685173
Erondoui	scaffold_18	-0.37757787	-0.683481513
Erondoui	scaffold_19	-0.34753006	-0.49534913
Erondoui	scaffold_20	-0.457209241	-0.482755856
Erondoui	scaffold_21	-0.216293178	-0.437919437
Erondoui	scaffold_22	-0.310975503	-0.421475429
Erondoui	scaffold_23	-0.264444215	-0.399624073
Erondoui	scaffold_24	-0.318984998	-0.448623218
Erondoui	scaffold_3	-0.4223357	-0.563264938
Erondoui	scaffold_5	-0.905043936	-0.726869332
Erondoui	scaffold_6	-0.442797156	-0.592357719
Erondoui	scaffold_7	-0.448123149	-0.632434829
Erondoui	scaffold_8	-0.41925102	-0.59063488
Erondoui	scaffold_9	-0.353544039	-0.603181612
Estirius	scaffold_1	-1.104144849	-0.829909166
Estirius	scaffold_10	-0.563824557	-0.648213654
Estirius	scaffold_11	-0.357897919	-0.57133085
Estirius	scaffold_12	-0.698007872	-0.677024797
Estirius	scaffold_13	-0.343065478	-0.531473233
Estirius	scaffold_14	-0.418464321	-0.536109539
Estirius	scaffold_15	-0.391494951	-0.524490559
Estirius	scaffold_16	-0.365206408	-0.586642872
Estirius	scaffold_17	-0.474779649	-0.583585587
Estirius	scaffold_18	-0.280028005	-0.40056379
Estirius	scaffold_19	-0.300157992	-0.455895839
Estirius	scaffold_2	-0.794493463	-0.753816487
Estirius	scaffold_20	-0.472447459	-0.545877806
Estirius	scaffold_3	-1.190903183	-0.808484756
Estirius	scaffold_4	-0.557807305	-0.659584075
Estirius	scaffold_5	-0.551063529	-0.659782727
Estirius	scaffold_6	-0.359406677	-0.617471827
Estirius	scaffold_7	-0.487233096	-0.712001621
Estirius	scaffold_8	-0.510696955	-0.705413347
Estirius	scaffold_9	-0.402138686	-0.590233607
Esudetica	scaffold_1	-0.919553845	-0.926493378
Esudetica	scaffold_10	-0.263115083	-0.693203182
Esudetica	scaffold_11	-0.398556132	-0.716446844
Esudetica	scaffold_12	-0.334262732	-0.654094002
Esudetica	scaffold_13	-0.414773842	-0.636531719
Esudetica	scaffold_14	-0.553180738	-0.746930029
Esudetica	scaffold_15	-0.438608407	-0.566816332
Esudetica	scaffold_16	-0.361196784	-0.620891313
Esudetica	scaffold_17	-0.390732075	-0.603081916
Esudetica	scaffold_18	-0.257595135	-0.449102402
Esudetica	scaffold_19	-0.510338661	-0.571186299
Esudetica	scaffold_2	-0.783708594	-0.816629846
Esudetica	scaffold_3	-0.833476663	-0.810623117
Esudetica	scaffold_4	-0.564462736	-0.771402088
Esudetica	scaffold_5	-0.537376507	-0.722122106
Esudetica	scaffold_6	-0.543556646	-0.769275319
Esudetica	scaffold_7	-0.451679312	-0.818091794
Esudetica	scaffold_8	-0.287721685	-0.698863487
Esudetica	scaffold_9	-0.618000465	-0.733174205
Etriaria	scaffold_1	-1.290058133	-0.910526835
Etriaria	scaffold_10	-0.676346554	-0.832592209
Etriaria	scaffold_11	-0.636487161	-0.767256068
Etriaria	scaffold_12	-0.584988488	-0.850604053
Etriaria	scaffold_13	-0.58113586	-0.672100866
Etriaria	scaffold_14	-0.448284827	-0.83165035
Etriaria	scaffold_15	-0.3080173	-0.65949905
Etriaria	scaffold_16	-0.440149745	-0.718887792
Etriaria	scaffold_3	-1.044075974	-0.922966622
Etriaria	scaffold_5	-0.866878207	-0.878467878
Etriaria	scaffold_6	-0.79990494	-0.871800652
Etriaria	scaffold_7	-0.769853279	-0.781471538
Etriaria	scaffold_8	-0.931320898	-0.88383839
Etriaria	scaffold_9	-0.877263754	-0.910663053
X2575	scaffold_1	-0.570681685	-0.605390804
X2575	scaffold_10	-0.455074683	-0.55522413
X2575	scaffold_11	-0.426424457	-0.541258636
X2575	scaffold_12	-0.340666665	-0.514336409
X2575	scaffold_13	-0.39129303	-0.498699141
X2575	scaffold_14	-0.36000929	-0.442527311
X2575	scaffold_15	-0.391529211	-0.487616712
X2575	scaffold_16	-0.381454945	-0.469560287
X2575	scaffold_17	-0.462225933	-0.558415846
X2575	scaffold_18	-0.2426515	-0.387557951
X2575	scaffold_19	-0.384895813	-0.427719087
X2575	scaffold_2	-0.524850337	-0.617283753
X2575	scaffold_20	-0.287834802	-0.358785324
X2575	scaffold_21	-0.534273311	-0.470663442
X2575	scaffold_22	-0.306268381	-0.372410039
X2575	scaffold_23	-0.264854691	-0.321330046
X2575	scaffold_24	-0.457429391	-0.484394491
X2575	scaffold_25	-0.30709698	-0.296909085
X2575	scaffold_26	-0.294090048	-0.300521208
X2575	scaffold_27	-0.256762854	-0.256762854
X2575	scaffold_28	-0.181297975	-0.181297975
X2575	scaffold_3	-0.486253633	-0.535323096
X2575	scaffold_4	-0.476087712	-0.576506531
X2575	scaffold_5	-0.437764898	-0.516473747
X2575	scaffold_7	-0.416523423	-0.54534748
X2575	scaffold_8	-0.377956215	-0.515649267
X2575	scaffold_9	-0.435012298	-0.552087523
X2576	scaffold_1	-0.637108957	-0.648883418
X2576	scaffold_10	-0.412536809	-0.53429331
X2576	scaffold_11	-0.596448907	-0.59454304
X2576	scaffold_12	-0.42285551	-0.488261998
X2576	scaffold_13	-0.385120314	-0.498545509
X2576	scaffold_14	-0.474188677	-0.545773002
X2576	scaffold_15	-0.423155089	-0.558795011
X2576	scaffold_16	-0.422410408	-0.563953549
X2576	scaffold_17	-0.319797107	-0.439584683
X2576	scaffold_18	-0.336394566	-0.405981417
X2576	scaffold_19	-0.642213792	-0.53667207
X2576	scaffold_2	-0.624746237	-0.584125383
X2576	scaffold_20	-0.429537171	-0.470474593
X2576	scaffold_21	-0.28172295	-0.396061556
X2576	scaffold_22	-0.339258395	-0.407218763
X2576	scaffold_23	-0.384554375	-0.51440099
X2576	scaffold_24	-0.60630885	-0.489453765
X2576	scaffold_25	-0.283109412	-0.261683886
X2576	scaffold_26	-0.37838562	-0.38918368
X2576	scaffold_27	-0.284416865	-0.283636678
X2576	scaffold_28	-0.346173205	-0.346173205
X2576	scaffold_3	-0.548179913	-0.56757924
X2576	scaffold_4	-0.431565398	-0.608576033
X2576	scaffold_5	-0.400341597	-0.572072011
X2576	scaffold_6	-0.491844264	-0.603823601
X2576	scaffold_8	-0.514635988	-0.581545174
X2576	scaffold_9	0.191879587	-0.441531009
X3252	scaffold_10	-0.264431565	-0.401374355
X3252	scaffold_11	-0.228078005	-0.384172466
X3252	scaffold_12	-0.251800307	-0.416658482
X3252	scaffold_13	-0.311546954	-0.403876567
X3252	scaffold_14	-0.2920461	-0.400824211
X3252	scaffold_15	-0.308755663	-0.378176971
X3252	scaffold_16	-0.228060043	-0.31598155
X3252	scaffold_17	-0.183896883	-0.306443152
X3252	scaffold_18	-0.296220447	-0.373899682
X3252	scaffold_19	-0.210360513	-0.305141252
X3252	scaffold_2	-0.495849357	-0.466414627
X3252	scaffold_20	-0.376050315	-0.390574048
X3252	scaffold_21	-0.256198874	-0.355554514
X3252	scaffold_22	-0.434018217	-0.395290206
X3252	scaffold_23	-0.381487292	-0.384221759
X3252	scaffold_24	-0.170578872	-0.204201857
X3252	scaffold_25	-0.231109583	-0.271153334
X3252	scaffold_26	-0.284027509	-0.307200034
X3252	scaffold_27	-0.124066752	-0.161534627
X3252	scaffold_28	-0.196880699	-0.196880699
X3252	scaffold_3	-0.276489524	-0.517472421
X3252	scaffold_4	-0.317516637	-0.43603094
X3252	scaffold_5	-0.384615859	-0.40848137
X3252	scaffold_6	-0.313735161	-0.492799892
X3252	scaffold_7	-0.215627353	-0.473151364
X3252	scaffold_8	-0.307605862	-0.463497384
X3252	scaffold_9	-0.275807056	-0.416489174
X3258	scaffold_10	-1.332003143	-0.857231283
X3258	scaffold_11	-0.833082284	-0.785274508
X3258	scaffold_2	-1.103018395	-0.84323706
X3258	scaffold_3	-1.142817194	-0.795882667
X3258	scaffold_4	-1.056642994	-0.813505136
X3258	scaffold_5	-1.366584614	-0.844523809
X3258	scaffold_6	-1.106791413	-0.769851303
X3258	scaffold_7	-1.095358656	-0.892089028
X3258	scaffold_8	-0.997794564	-0.823967137
X3258	scaffold_9	-0.894527941	-0.793370293
X3311	scaffold_1	-1.011802288	-0.819335447
X3311	scaffold_10	-0.852838523	-0.747505979
X3311	scaffold_11	-0.94978879	-0.832102896
X3311	scaffold_12	-0.778705473	-0.80854337
X3311	scaffold_13	-0.432428334	-0.598604843
X3311	scaffold_14	-0.480520454	-0.497909395
X3311	scaffold_2	-0.959059217	-0.827061948
X3311	scaffold_3	-1.0756027	-0.834975834
X3311	scaffold_4	-1.000129139	-0.784266229
X3311	scaffold_6	-0.995239132	-0.756683731
X3311	scaffold_7	-0.953222763	-0.785568039
X3311	scaffold_8	-0.780453173	-0.8133506
X3311	scaffold_9	-0.842723333	-0.749664827
X3506	scaffold_1	-1.595969099	-0.847178199
X3506	scaffold_10	-0.503121928	-0.658984693
X3506	scaffold_11	-0.373673238	-0.567267958
X3506	scaffold_12	-0.733229211	-0.71450723
X3506	scaffold_13	-0.427726836	-0.657789735
X3506	scaffold_14	-0.514135437	-0.584147511
X3506	scaffold_15	-0.407568144	-0.623562032
X3506	scaffold_16	-0.452554551	-0.53896449
X3506	scaffold_17	-0.659553283	-0.610142164
X3506	scaffold_18	-0.321301706	-0.527247083
X3506	scaffold_19	-0.297680459	-0.458391263
X3506	scaffold_20	-0.51581402	-0.635394276
X3506	scaffold_21	-0.669501092	-0.577204344
X3506	scaffold_22	-0.312486551	-0.501724452
X3506	scaffold_23	-0.459931325	-0.533360025
X3506	scaffold_3	-0.524609196	-0.680432222
X3506	scaffold_4	-0.59922897	-0.813831357
X3506	scaffold_5	-0.493799138	-0.677617331
X3506	scaffold_6	-0.457675566	-0.725913957
X3506	scaffold_7	-0.404688846	-0.653715961
X3506	scaffold_8	-0.31485755	-0.573019135
X3506	scaffold_9	-0.627114286	-0.721981533
X3531	scaffold_1	-1.41986603	-0.949555224
X3531	scaffold_10	-0.906684669	-0.838081946
X3531	scaffold_3	-1.46307784	-1.012370857
X3531	scaffold_4	-1.647769674	-0.843882034
X3531	scaffold_5	-1.481957148	-0.872243737
X3531	scaffold_6	-1.548742877	-0.894367956
X3531	scaffold_7	-1.748250507	-0.934272329
X3531	scaffold_8	-1.084834711	-0.822989059
X3531	scaffold_9	-1.718345	-0.923626219
X3737	scaffold_1	-1.472085243	-0.950162002
X3737	scaffold_10	-0.897725137	-0.894488379
X3737	scaffold_3	-1.343805433	-0.964986481
X3737	scaffold_4	-1.134066111	-0.93245865
X3737	scaffold_5	-1.025309545	-0.943311026
X3737	scaffold_6	-1.475193658	-0.979431563
X3737	scaffold_7	-1.120666932	-1.020266535
X3737	scaffold_8	-1.234323766	-0.878178827
X3737	scaffold_9	-1.369458371	-0.982861993
