TEtype	C0001	C0055	C0080	C0100	Eaethiops	Ealbergana	Ebubastis	Echristi	Edisa	Eembla	Eepiphron	Eeriphyle	Eflavofasciata	Egorge	Eligea	Emanto	Emedusa	Emelampus	Emelancholica	Emeolans	Emnestra	Emontana	Epalarica	Epharte	Epronoe	Erondoui	Estirius	Esudetica	Etriaria	Mcinxia	Mjurtina	X2575	X2576	X3252	X3258	X3311	X3506	X3531	X3737
DNA	0.001693	0.001027	4.43e-4	2.67e-4	8.31e-4	0.001491	3.05e-4	3.66e-4	7.38e-4	0.001541	0.001365	7.88e-4	8.53e-4	6.27e-4	0.003419	3.48e-4	3.86e-4	3.43e-4	7.16e-4	3.14e-4	3.9e-4	2.1e-4	0.001	0.002428	0.002676	6.12e-4	7.63e-4	3.63e-4	7.59e-4	0.001317	4.1e-4	0.001826	0.001885	0.001104	0.001348	0.001618	7.52e-4	0.001622	0.0015790000000000001
DNA.Academ-1	8.76e-4	0.001027	3.16e-4	2.97e-4	8.47e-4	0.001337	4.08e-4	2.95e-4	0.001258	0.001556	0.001176	9.97e-4	NA	6.55e-4	NA	3.67e-4	2.55e-4	2.99e-4	6.29e-4	0.001148	4.94e-4	1.77e-4	7.14e-4	0.002724	0.002676	0.001158	3.2e-4	4.46e-4	6.53e-4	NA	4.96e-4	0.001014	0.001067	0.001019	NA	0.001511	5.13e-4	8.46e-4	0.001009
DNA.CMC-EnSpm	8.77e-4	0.001751	5.06e-4	2.91e-4	8.39e-4	0.001405	2.58e-4	3.37e-4	6.65e-4	0.001483	0.001291	7.33e-4	6.55e-4	0.001537	0.002024	3.85e-4	3.74e-4	4.39e-4	7.58e-4	3.8e-4	7.27e-4	1.86e-4	7.5e-4	0.002553	0.003476	7.24e-4	4.08e-4	3.43e-4	8.02e-4	NA	NA	0.001379	0.001372	0.001219	0.001351	0.001953	6.93e-4	9.09e-4	0.001248
DNA.CMC-Transib	9.55e-4	0.001027	3.16e-4	2.38e-4	7.43e-4	0.001604	1.77e-4	3.54e-4	0.00119	0.001157	0.001308	7.6e-4	5.55e-4	7.59e-4	NA	3.08e-4	2.27e-4	3.49e-4	6.29e-4	2.89e-4	5.15e-4	2.36e-4	7.14e-4	0.002669	0.003602	5.92e-4	5.33e-4	2.98e-4	6.53e-4	NA	NA	NA	0.002668	0.001019	NA	0.001511	NA	NA	0.002018
DNA.Merlin	6.37e-4	NA	0.001546	3.29e-4	6.72e-4	NA	NA	2.95e-4	7.88e-4	0.002315	0.001046	NA	5.55e-4	4.98e-4	NA	NA	2.27e-4	2.99e-4	0.001029	3.56e-4	NA	2.32e-4	9.44e-4	0.007057	0.002882	9.03e-4	9.59e-4	2.98e-4	0.001456	NA	NA	NA	NA	NA	0.001314	0.001511	5.13e-4	9.67e-4	0.001451
DNA.P	0.001004	0.00152	6.06e-4	2.73e-4	8.88e-4	0.001573	2.33e-4	3.99e-4	6.83e-4	0.001454	0.001348	6.8e-4	7.09e-4	7.66e-4	0.002051	3.37e-4	2.69e-4	4.7e-4	8.15e-4	3.61e-4	3.94e-4	2.11e-4	0.00102	0.002441	0.002635	8.06e-4	5.98e-4	3.42e-4	8.13e-4	0.001777	0.001023	0.001433	0.001526	0.001203	0.001215	0.001626	0.001141	0.001024	0.001263
DNA.PIF-Harbinger	0.001041	0.001448	5.06e-4	2.99e-4	8.27e-4	0.001546	2.4e-4	3.39e-4	7.05e-4	0.001742	0.00133	8.27e-4	6.15e-4	6.77e-4	0.002209	3.41e-4	2.79e-4	4.87e-4	7.68e-4	3.93e-4	4.99e-4	2.13e-4	8.83e-4	0.002436	0.00301	6.2e-4	7.64e-4	3.64e-4	8.76e-4	0.001122	5.93e-4	0.001787	0.001814	0.00142	0.001316	0.001955	8.69e-4	0.001195	0.001235
DNA.PiggyBac	6.37e-4	0.001737	4.43e-4	4.88e-4	7.73e-4	0.001337	3.54e-4	3.38e-4	6.45e-4	0.001867	0.001733	6.77e-4	7.19e-4	5.99e-4	0.001538	3.59e-4	4.59e-4	5.08e-4	6.6e-4	2.89e-4	4.01e-4	2.16e-4	NA	0.015585	0.002161	7.43e-4	5.06e-4	3.54e-4	7.14e-4	0.004543	4.13e-4	0.001521	0.001708	0.001411	0.001407	0.001511	5.13e-4	0.00141	0.001211
DNA.Sola-1	0.001147	NA	NA	2.38e-4	0.001248	0.002228	2.38e-4	2.95e-4	8.83e-4	0.001668	0.001141	5.7e-4	5.55e-4	7.86e-4	0.001538	4.39e-4	0.001236	8.08e-4	8.81e-4	0.003011	3.09e-4	2.21e-4	7.14e-4	0.003469	0.021483	5.18e-4	NA	2.98e-4	0.002816	NA	NA	0.003043	0.001779	0.001019	NA	0.001511	5.38e-4	8.46e-4	0.001009
DNA.TcMar-Fot1	0.001199	0.001581	4.83e-4	2.76e-4	7.92e-4	0.001513	2.64e-4	3.48e-4	5.94e-4	0.00129	0.001532	0.001094	5.69e-4	6.61e-4	0.00188	3.84e-4	3e-4	9.46e-4	7.26e-4	3.3e-4	5.09e-4	1.91e-4	8.83e-4	0.002468	0.003045	6.59e-4	0.001609	3.75e-4	7.37e-4	0.002565	NA	0.001739	0.00166	0.001078	0.001113	0.001798	9.41e-4	0.001511	0.001269
DNA.TcMar-Mariner	0.001098	0.00147	5.18e-4	2.68e-4	8.32e-4	0.001469	2.49e-4	3.54e-4	7.07e-4	0.001467	0.00136	8.03e-4	6.43e-4	7.05e-4	0.002154	3.45e-4	2.66e-4	4.34e-4	7.26e-4	3.61e-4	4.44e-4	2.15e-4	8.76e-4	0.002432	0.002815	6.48e-4	5.33e-4	3.49e-4	7.97e-4	0.001288	3.65e-4	0.001591	0.001744	0.001263	0.001191	0.001765	9.39e-4	0.001287	0.001323
DNA.TcMar-Tc1	0.001008	0.001553	4.43e-4	3.29e-4	8.63e-4	0.001337	3.06e-4	4.69e-4	7.98e-4	0.002092	0.001126	5.7e-4	7.96e-4	5.91e-4	0.002462	3.55e-4	2.82e-4	3.49e-4	0.001656	3.36e-4	5.56e-4	4.15e-4	8.16e-4	0.002491	0.002391	6.63e-4	4.93e-4	3.7e-4	9.72e-4	0.001207	3.22e-4	0.001217	0.001601	0.003738	0.001348	0.001532	6.07e-4	0.001692	0.001376
DNA.TcMar-m44	6.74e-4	0.00154	9.22e-4	2.47e-4	0.001016	0.005348	1.77e-4	4.21e-4	6.9e-4	0.001273	0.001222	5.7e-4	0.001161	0.001453	0.004359	3.08e-4	2.3e-4	7.52e-4	6.83e-4	3.2e-4	3.48e-4	2.01e-4	0.001429	0.002015	0.003449	7.18e-4	4.43e-4	3.43e-4	8.88e-4	0.002806	2.56e-4	0.00105	0.001183	0.001019	0.001397	0.001704	0.001017	0.002009	0.001261
DNA.hAT-Ac	9.55e-4	0.001273	5.27e-4	2.86e-4	0.001164	0.001745	2.47e-4	3.64e-4	7.37e-4	0.001355	0.001189	6.28e-4	5.55e-4	7.49e-4	0.001667	3.03e-4	2.6e-4	4.46e-4	7.42e-4	3.58e-4	3.34e-4	2.15e-4	0.001518	0.00285	0.002305	6.98e-4	4.9e-4	3.5e-4	6.63e-4	0.001122	5.12e-4	0.001706	0.002299	0.001019	0.001689	0.001511	0.001027	0.001024	0.001076
DNA.hAT-Blackjack	6.37e-4	0.001027	0.002213	3.71e-4	7.17e-4	0.001337	2.24e-4	3.11e-4	6.21e-4	0.001442	0.001141	7.22e-4	5.55e-4	5.78e-4	NA	2.59e-4	2.27e-4	3.12e-4	0.002795	4.23e-4	NA	1.98e-4	7.14e-4	0.002818	0.001441	6.21e-4	3.2e-4	2.98e-4	6.99e-4	0.003367	NA	0.002608	0.002231	0.001019	9.85e-4	0.001511	0.003593	0.005076	0.004036
DNA.hAT-Charlie	0.001365	0.001027	4.48e-4	2.59e-4	8.06e-4	0.001337	2.36e-4	3.25e-4	0.001041	0.004244	9.86e-4	9.43e-4	6.45e-4	6.42e-4	0.003077	3.53e-4	4.29e-4	4.79e-4	7.02e-4	4.34e-4	3.56e-4	2.19e-4	0.001	0.00206	0.002298	5.34e-4	3.2e-4	5.22e-4	8.83e-4	0.001122	8.84e-4	0.001696	0.001552	0.001165	0.001137	0.001511	6.34e-4	8.46e-4	0.001009
DNA.hAT-Tip100	9.71e-4	0.002177	6.51e-4	4.28e-4	8.13e-4	0.001399	3.13e-4	3.28e-4	6.11e-4	0.00138	0.001334	8.26e-4	6.77e-4	6.6e-4	0.001538	3.62e-4	2.77e-4	3.67e-4	7.46e-4	3.43e-4	3.76e-4	1.97e-4	8.66e-4	0.002416	0.00236	6.33e-4	5.2e-4	3.51e-4	7.97e-4	0.001567	6.36e-4	0.001705	0.001615	0.001405	0.001087	0.00173	8.99e-4	0.001749	0.001514
LINE	9.74e-4	0.001404	5.71e-4	2.65e-4	8.56e-4	0.001414	2.28e-4	3.41e-4	6.68e-4	0.001499	0.001323	7.48e-4	6.64e-4	6.61e-4	0.00235	3.22e-4	2.58e-4	4.29e-4	7.27e-4	3.57e-4	3.78e-4	2.13e-4	9.08e-4	0.002418	0.002635	6.67e-4	5.17e-4	3.64e-4	7.93e-4	NA	NA	0.001645	0.001833	0.00132	0.001222	0.00187	9.4e-4	0.001397	0.001272
LINE.CR1	0.001412	0.001575	5.55e-4	3.07e-4	8.41e-4	0.001596	2.36e-4	3.56e-4	5.92e-4	0.001499	0.00123	7.62e-4	6.5e-4	7.4e-4	0.002115	3.49e-4	2.58e-4	5.2e-4	7.74e-4	4.28e-4	5.55e-4	2.27e-4	8.88e-4	0.002503	0.002917	6.51e-4	6.85e-4	3.45e-4	7.47e-4	0.001842	3.41e-4	0.001659	0.001742	0.001102	0.001555	0.00316	9.18e-4	0.001133	0.001402
LINE.CR1-Zenon	9.67e-4	0.001254	4.93e-4	2.62e-4	8.63e-4	0.00142	2.36e-4	3.59e-4	6.48e-4	0.001493	0.001215	7.35e-4	6.59e-4	6.75e-4	0.0020830000000000002	3.27e-4	2.75e-4	4.04e-4	6.94e-4	3.54e-4	4.17e-4	2.13e-4	9.44e-4	0.00242	0.002808	6.1e-4	5.18e-4	3.44e-4	7.83e-4	0.001218	3.95e-4	0.001498	0.00169	0.001206	0.001267	0.001919	9.41e-4	0.001433	0.001311
LINE.CRE	9.96e-4	0.001626	6.47e-4	2.55e-4	8.13e-4	0.001375	2.35e-4	3.35e-4	7.77e-4	0.001452	0.00149	9.26e-4	6.15e-4	5.71e-4	0.001818	3.14e-4	2.55e-4	4.5e-4	7.09e-4	3.01e-4	3.56e-4	1.95e-4	9.62e-4	0.002562	0.003705	5.58e-4	7.7e-4	4.55e-4	7.73e-4	NA	NA	0.001623	0.001614	0.001053	9.85e-4	0.001737	9.84e-4	0.001393	0.001514
LINE.Dong-R4	0.001179	0.001567	8.47e-4	3.05e-4	8.13e-4	0.001373	2.15e-4	3.72e-4	6.57e-4	0.001345	0.001265	7.07e-4	5.78e-4	7.29e-4	0.002906	3.11e-4	3.03e-4	4e-4	8.03e-4	3.96e-4	3.53e-4	2.22e-4	7.98e-4	0.002097	0.002323	5.68e-4	5.25e-4	3.45e-4	7.95e-4	0.001122	4.52e-4	0.002011	0.001787	0.001471	0.001487	0.001599	8.5e-4	0.001269	0.001407
LINE.I	0.001007	0.001296	5.24e-4	2.64e-4	9.26e-4	0.001485	2.48e-4	3.47e-4	6.66e-4	0.001623	0.001216	9.25e-4	6.75e-4	7.12e-4	0.007972	3.31e-4	2.96e-4	4.15e-4	7.86e-4	3.58e-4	4e-4	2.09e-4	9.84e-4	0.002359	0.002778	7.41e-4	5.75e-4	3.55e-4	8.46e-4	0.001269	3.95e-4	0.001462	0.00174	0.00131	0.001159	0.001924	9.39e-4	0.001473	0.001215
LINE.I-Jockey	0.001129	0.00132	6.35e-4	2.9e-4	9.15e-4	0.001408	2.16e-4	3.69e-4	6.62e-4	0.001445	0.001478	7.08e-4	5.71e-4	6.65e-4	0.002154	3.72e-4	2.84e-4	6.09e-4	7.62e-4	3.83e-4	4.28e-4	2.13e-4	9.96e-4	0.002913	0.002475	5.92e-4	4.53e-4	3.72e-4	8.73e-4	0.002806	0.003617	0.00128	0.001655	0.001147	0.001569	0.001902	9.61e-4	0.001193	0.001266
LINE.L1	0.003822	0.002396	NA	0.001822	NA	NA	NA	NA	NA	0.002106	NA	NA	NA	6.5e-4	0.003077	7.57e-4	4.54e-4	NA	NA	8.83e-4	NA	NA	NA	NA	NA	0.003625	3.2e-4	NA	NA	NA	NA	NA	NA	NA	NA	NA	NA	NA	0.002018
LINE.L2	9.71e-4	0.001516	5.02e-4	2.68e-4	8.71e-4	0.001488	2.42e-4	3.51e-4	6.91e-4	0.001521	0.001292	7.64e-4	6.35e-4	6.78e-4	0.002204	3.32e-4	2.69e-4	4.25e-4	7.26e-4	3.64e-4	4.19e-4	2.13e-4	9.6e-4	0.002417	0.002761	6.36e-4	5.2e-4	3.5e-4	8.14e-4	0.001242	4.17e-4	0.001544	0.001654	0.001257	0.001304	0.001803	9.06e-4	0.001296	0.001386
LINE.Penelope	0.001628	0.006776	3.16e-4	2.38e-4	0.001271	0.002674	3.8e-4	4.64e-4	5.85e-4	0.001157	0.001233	9.02e-4	5.55e-4	6.15e-4	0.001958	2.97e-4	2.66e-4	3.89e-4	6.29e-4	3.29e-4	0.001235	1.96e-4	7.14e-4	0.002669	0.002683	5.18e-4	3.78e-4	4.08e-4	7.86e-4	0.001179	2.78e-4	0.001634	0.002401	0.001165	9.85e-4	0.001583	0.001369	0.003102	0.001009
LINE.Proto2	7.9e-4	0.0013	3.16e-4	4.21e-4	8.27e-4	0.001337	2.75e-4	3.93e-4	6.68e-4	0.001898	0.001421	0.001321	6.06e-4	0.001024	NA	3.83e-4	3.94e-4	3.49e-4	6.48e-4	3.39e-4	4.49e-4	1.88e-4	0.00102	0.002691	0.002264	7.29e-4	4.16e-4	5.11e-4	7.56e-4	NA	NA	0.001202	0.001601	0.001303	9.85e-4	0.002133	7.7e-4	0.001088	0.001009
LINE.R1	9.29e-4	0.006611	9.96e-4	0.001042	9.65e-4	0.001443	0.001406	3.57e-4	9.4e-4	0.002237	0.001386	0.00187	5.67e-4	6.46e-4	0.005748	9.37e-4	0.001117	0.001785	0.002849	8.96e-4	8.4e-4	3.68e-4	0.001039	0.002082	0.002667	0.005053	5.69e-4	4.49e-4	0.001043	0.001445	8.95e-4	0.001739	0.001916	0.001406	0.001347	0.002021	0.001087	0.001378	0.001246
LINE.R1-LOA	8.57e-4	0.001379	3.16e-4	2.5e-4	9e-4	0.001497	2.28e-4	3.72e-4	6.53e-4	0.001517	0.001446	6.88e-4	7.38e-4	6.91e-4	0.001871	3.49e-4	2.8e-4	4.51e-4	6.89e-4	3.52e-4	3.57e-4	2.27e-4	8.33e-4	0.002921	0.002638	8.71e-4	6.98e-4	3.42e-4	8.14e-4	0.001215	4.12e-4	0.001392	0.001731	0.001182	0.001224	0.001614	9.02e-4	0.001174	0.001147
LINE.RTE	0.001144	0.001816	4.56e-4	2.84e-4	9.34e-4	0.001533	2.68e-4	3.27e-4	6.81e-4	0.001398	0.001388	7.41e-4	7.74e-4	0.001489	0.002067	3.17e-4	2.55e-4	4.49e-4	7.22e-4	3.19e-4	3.75e-4	2.16e-4	9.59e-4	0.003268	0.00261	6.63e-4	6.38e-4	3.55e-4	7.69e-4	0.001281	3.91e-4	0.001571	0.001505	0.001162	0.001185	0.001601	6.99e-4	0.001286	0.001635
LINE.RTE-BovB	9.43e-4	0.00119	5.05e-4	2.58e-4	8.58e-4	0.00141	2.46e-4	3.51e-4	7.18e-4	0.001414	0.001307	7.65e-4	6e-4	6.52e-4	0.002588	3.26e-4	2.95e-4	4.19e-4	7.15e-4	3.5e-4	4.54e-4	2.12e-4	9.91e-4	0.002626	0.002726	6.87e-4	5.54e-4	3.64e-4	7.86e-4	0.001244	4.7e-4	0.001626	0.001788	0.001142	0.001212	0.001786	9.55e-4	0.001245	0.001333
LINE.RTE-RTE	9.9e-4	0.001388	4.35e-4	2.59e-4	8.85e-4	0.0015	2.46e-4	3.66e-4	7.21e-4	0.001424	0.001191	9.49e-4	7.35e-4	6.82e-4	0.002051	3.28e-4	2.78e-4	4.43e-4	7.2e-4	3.47e-4	3.78e-4	2.07e-4	9.15e-4	0.002629	0.0027	7.12e-4	6.13e-4	3.52e-4	8.17e-4	0.001263	4.48e-4	0.001497	0.001831	0.001164	0.001276	0.001877	8.91e-4	0.001524	0.00143
LTR	0.001329	0.001027	3.16e-4	2.53e-4	8.19e-4	0.001411	2.17e-4	3.18e-4	8.35e-4	0.001336	0.001738	6.84e-4	6.17e-4	7.64e-4	0.002308	4.41e-4	3.12e-4	3.15e-4	7.34e-4	3.16e-4	4.36e-4	2.11e-4	0.001667	0.00202	0.002743	7.57e-4	5.98e-4	3.42e-4	0.001375	0.001325	4.64e-4	0.001083	0.003284	0.001112	9.85e-4	0.001511	7.7e-4	0.001128	0.001514
LTR.Copia	9.25e-4	0.001074	5.73e-4	3.15e-4	7.9e-4	0.001504	2.24e-4	3.87e-4	6.8e-4	0.00194	0.001506	0.00101	5.88e-4	7.15e-4	0.002623	3.58e-4	2.92e-4	5.36e-4	7.17e-4	3.45e-4	3.78e-4	2.29e-4	0.001611	0.002457	0.003034	7.9e-4	5.98e-4	3.62e-4	7.89e-4	0.00202	NA	0.001512	0.0015790000000000001	0.001235	0.001212	0.001685	8.33e-4	0.001045	0.001568
LTR.DIRS	6.37e-4	0.0022	3.16e-4	2.38e-4	0.001908	0.001337	1.97e-4	9.79e-4	9.65e-4	0.001695	0.007015	5.7e-4	5.55e-4	0.00366	0.003077	6.54e-4	7.39e-4	6.53e-4	0.008503	3.86e-4	3.67e-4	2.76e-4	0.007121	0.00226	0.001729	5.46e-4	3.57e-4	3.79e-4	0.002089	NA	NA	0.001014	0.002134	0.001019	9.85e-4	0.001511	0.001069	0.001088	0.001009
LTR.Gypsy	0.001058	0.00149	5.75e-4	2.64e-4	8.53e-4	0.001479	2.39e-4	3.49e-4	7.2e-4	0.001526	0.001309	7.96e-4	7e-4	6.71e-4	0.002096	3.51e-4	2.8e-4	4.46e-4	8.17e-4	3.8e-4	4.8e-4	2.11e-4	0.001019	0.002502	0.002736	7.13e-4	5.9e-4	3.57e-4	8.21e-4	0.002438	4.82e-4	0.001497	0.001702	0.001305	0.001287	0.001743	9.6e-4	0.001263	0.001433
LTR.Pao	0.001016	0.00132	4.86e-4	3.17e-4	8.54e-4	0.001576	2.53e-4	3.65e-4	7.28e-4	0.00149	0.002896	9.96e-4	6.55e-4	7.47e-4	0.002191	3.66e-4	2.64e-4	4.73e-4	7.08e-4	3.2e-4	4.52e-4	2.09e-4	0.001578	0.002311	0.002882	6.68e-4	5.87e-4	3.69e-4	7.6e-4	0.001864	9.05e-4	0.001683	0.001655	0.001193	0.001225	0.001832	0.001182	0.001251	0.001348
Low_complexity	8.21e-4	0.001201	3.34e-4	2.63e-4	0.001019	0.001584	7.74e-4	3.59e-4	6.43e-4	0.001511	0.001356	7.25e-4	6.17e-4	8.04e-4	0.002657	3.29e-4	3e-4	4.07e-4	0.001021	3.45e-4	3.84e-4	1.95e-4	8.69e-4	0.002855	0.002732	7.89e-4	0.001023	4.96e-4	8.59e-4	0.001234	4.16e-4	0.001382	0.001465	0.001344	0.0013	0.001756	8.32e-4	0.001323	0.00134
RC.Helitron	9.49e-4	0.001418	5.3e-4	2.66e-4	8.51e-4	0.001477	2.43e-4	3.55e-4	6.96e-4	0.001481	0.001278	7.74e-4	6.37e-4	6.75e-4	0.002226	3.34e-4	2.73e-4	4.21e-4	7.28e-4	3.57e-4	4.04e-4	2.1e-4	9.05e-4	0.002443	0.002755	6.55e-4	5.11e-4	3.51e-4	7.99e-4	0.00128	3.88e-4	0.001592	0.001684	0.001224	0.001249	0.001781	9.27e-4	0.001282	0.001306
SINE	6.37e-4	NA	NA	2.38e-4	NA	NA	NA	NA	NA	NA	NA	NA	NA	NA	NA	NA	NA	0.002993	NA	NA	NA	NA	NA	NA	0.001441	NA	NA	NA	NA	0.001256	3.82e-4	NA	NA	NA	NA	NA	NA	NA	NA
SINE.5S	9.2e-4	0.001249	5.46e-4	2.57e-4	8.07e-4	0.001493	2.52e-4	5.4e-4	6.42e-4	0.001157	0.001244	0.00112	5.86e-4	7.22e-4	0.001612	3.83e-4	2.57e-4	3.76e-4	7.18e-4	3.2e-4	4.28e-4	2.01e-4	0.001115	0.002838	0.00284	6.37e-4	5.43e-4	3.25e-4	8.93e-4	0.001235	3.94e-4	0.001684	0.001891	0.001126	0.001246	0.00183	9.29e-4	0.001128	0.001009
SINE.ID	6.37e-4	0.00154	NA	2.38e-4	0.001109	0.001337	2.95e-4	7.16e-4	0.001064	0.001157	8.55e-4	5.7e-4	5.55e-4	5.64e-4	0.002308	2.52e-4	2.5e-4	2.99e-4	6.96e-4	2.89e-4	NA	1.87e-4	NA	0.006227	0.002882	5.18e-4	3.2e-4	3.97e-4	NA	NA	NA	NA	NA	NA	NA	0.001511	NA	NA	NA
SINE.tRNA	9.32e-4	0.001291	4.42e-4	2.68e-4	8.42e-4	0.001464	2.46e-4	3.54e-4	6.84e-4	0.00143	0.001266	7.65e-4	6.08e-4	6.64e-4	0.002189	3.36e-4	2.74e-4	4.3e-4	7.12e-4	3.54e-4	4.42e-4	2.22e-4	9.75e-4	0.002449	0.002691	7.09e-4	5.07e-4	3.46e-4	7.83e-4	0.00124	4.43e-4	0.001621	0.001737	0.001226	0.001191	0.001713	9.14e-4	0.001378	0.001229
Satellite	9.32e-4	0.001546	9.03e-4	2.6e-4	8.98e-4	0.001517	3.57e-4	3.64e-4	6.62e-4	0.001442	0.001435	7.46e-4	6.11e-4	6.22e-4	0.0018600000000000001	3.89e-4	3.26e-4	3.73e-4	7.07e-4	3.49e-4	9.06e-4	2.23e-4	0.001059	0.002398	0.003154	7.58e-4	4.77e-4	3.86e-4	7.76e-4	NA	NA	0.001529	0.001613	0.001154	0.001478	0.001667	0.001016	0.001053	0.001358
Simple_repeat	9.04e-4	0.001619	5.3e-4	2.93e-4	8.6e-4	0.001614	2.48e-4	3.47e-4	7.05e-4	0.001521	0.001266	8.03e-4	6.57e-4	6.73e-4	0.002358	3.58e-4	2.81e-4	4.94e-4	9.59e-4	3.72e-4	4.39e-4	2.29e-4	8.89e-4	0.002487	0.002617	8.09e-4	5.5e-4	3.51e-4	8.55e-4	0.001266	3.94e-4	0.001615	0.001715	0.001326	0.001307	0.001864	8.92e-4	0.001322	0.001426
rRNA	8.26e-4	0.001718	5.08e-4	2.71e-4	9.82e-4	0.001482	2.55e-4	3.52e-4	7.37e-4	0.001534	0.001356	7.92e-4	6.25e-4	6.57e-4	0.003004	3.82e-4	2.45e-4	4.26e-4	7.6e-4	3.13e-4	4e-4	2.2e-4	8.57e-4	0.002223	0.002514	7.22e-4	4.44e-4	3.96e-4	7.15e-4	0.003367	NA	0.001352	0.001496	0.001102	0.001069	0.001548	0.001076	0.00108	0.001187
LINE.L1-Tx1	NA	0.001027	NA	2.38e-4	NA	NA	NA	NA	NA	NA	NA	NA	NA	NA	NA	2.52e-4	NA	8.98e-4	6.29e-4	NA	3.09e-4	1.77e-4	NA	0.011208	0.001441	NA	5.59e-4	2.98e-4	NA	0.001459	3.14e-4	NA	NA	NA	NA	NA	0.002053	NA	NA
PLE.Chlamys	NA	0.00308	NA	NA	NA	NA	NA	NA	5.32e-4	0.001672	NA	NA	NA	4.33e-4	NA	NA	NA	NA	NA	NA	NA	NA	NA	NA	NA	0.005475	NA	NA	NA	NA	NA	NA	NA	NA	NA	NA	NA	NA	NA
tRNA	NA	0.001027	NA	2.38e-4	NA	NA	1.77e-4	2.95e-4	NA	NA	0.001426	NA	NA	NA	0.001538	NA	2.27e-4	2.99e-4	0.001258	NA	3.09e-4	1.77e-4	NA	0.001868	0.004323	NA	3.2e-4	NA	NA	NA	NA	0.001014	NA	0.005097	NA	NA	0.002053	NA	0.001009
DNA.Maverick	NA	NA	4.74e-4	2.38e-4	0.005568	NA	1.77e-4	NA	7.98e-4	NA	NA	NA	NA	4.33e-4	NA	2.52e-4	0.001005	2.99e-4	6.29e-4	NA	NA	1.77e-4	0.001429	NA	0.001441	0.001036	4.8e-4	NA	NA	NA	NA	NA	0.001334	NA	9.85e-4	NA	5.13e-4	NA	0.001009
DNA.TcMar-Tigger	NA	NA	6.32e-4	2.38e-4	6.72e-4	NA	2.16e-4	2.95e-4	5.32e-4	NA	8.55e-4	5.7e-4	5.55e-4	4.33e-4	NA	3.37e-4	2.27e-4	2.99e-4	6.29e-4	2.89e-4	3.09e-4	1.99e-4	NA	0.002491	0.001441	9.16e-4	3.2e-4	4.46e-4	6.53e-4	NA	NA	0.001521	0.001067	0.001019	NA	NA	NA	NA	NA
DNA.Crypton-I	NA	NA	NA	5.55e-4	6.72e-4	NA	NA	NA	5.32e-4	0.001157	8.55e-4	NA	NA	4.33e-4	NA	2.52e-4	3.03e-4	2.99e-4	6.29e-4	2.89e-4	3.09e-4	NA	NA	0.001245	0.001441	NA	NA	NA	NA	NA	NA	NA	0.002134	NA	NA	0.001511	5.13e-4	NA	NA
DNA.Kolobok-E	NA	NA	NA	2.38e-4	6.72e-4	0.001337	1.77e-4	NA	NA	0.001929	8.55e-4	NA	NA	NA	NA	NA	NA	NA	0.001887	NA	NA	NA	NA	NA	NA	NA	NA	2.98e-4	NA	NA	NA	NA	0.002134	NA	NA	NA	NA	NA	NA
DNA.PIF-Spy	NA	NA	NA	2.38e-4	6.72e-4	NA	1.77e-4	2.95e-4	0.001064	0.001157	0.00154	NA	5.55e-4	5.57e-4	NA	3.79e-4	2.55e-4	2.99e-4	6.29e-4	NA	NA	4.6e-4	0.001327	0.009548	0.001441	NA	6.39e-4	3.31e-4	6.53e-4	NA	NA	NA	NA	0.001019	NA	NA	5.13e-4	NA	NA
DNA.hAT	NA	NA	NA	NA	0.001008	NA	5.9e-4	0.001003	NA	0.001157	0.001711	NA	NA	NA	NA	NA	2.27e-4	NA	6.29e-4	NA	NA	4.6e-4	NA	NA	0.002017	7.77e-4	NA	2.98e-4	NA	0.001903	7.67e-4	0.002028	0.002134	NA	NA	NA	NA	NA	NA
DNA.Zator	NA	NA	NA	NA	NA	NA	NA	NA	5.32e-4	NA	NA	NA	NA	NA	NA	NA	NA	NA	NA	NA	NA	NA	NA	NA	NA	NA	NA	NA	NA	0.001122	NA	NA	NA	NA	NA	NA	NA	NA	NA
DNA.MULE-MuDR	NA	NA	NA	NA	NA	NA	NA	NA	NA	0.001157	NA	NA	5.55e-4	NA	NA	NA	NA	NA	NA	NA	NA	NA	NA	NA	NA	5.18e-4	NA	NA	NA	NA	NA	NA	NA	NA	NA	NA	NA	NA	NA
DNA.PIF-ISL2EU	NA	NA	NA	NA	NA	NA	NA	NA	NA	NA	NA	NA	NA	NA	NA	NA	NA	NA	NA	NA	0.001544	NA	NA	NA	NA	NA	NA	NA	NA	NA	NA	NA	NA	NA	NA	NA	NA	NA	NA
DNA.TcMar-Pogo	NA	NA	NA	NA	NA	NA	NA	NA	NA	NA	NA	NA	NA	NA	NA	NA	NA	NA	NA	NA	NA	7.08e-4	NA	NA	NA	NA	NA	NA	NA	NA	NA	NA	NA	0.001019	NA	NA	NA	NA	NA
DNA.hAT-hATx	NA	NA	NA	NA	NA	NA	NA	NA	NA	NA	NA	NA	NA	NA	NA	NA	NA	NA	NA	NA	NA	5.31e-4	NA	NA	NA	NA	NA	NA	NA	NA	NA	NA	NA	NA	NA	NA	NA	NA	NA
DNA.Sola-2	NA	NA	NA	NA	NA	NA	NA	NA	NA	NA	NA	NA	NA	NA	NA	NA	NA	NA	NA	NA	NA	NA	NA	NA	NA	NA	NA	NA	0.001305	NA	NA	NA	NA	NA	NA	NA	NA	NA	NA
LINE.R2-Hero	NA	NA	NA	NA	NA	NA	NA	NA	NA	NA	NA	NA	NA	NA	NA	NA	NA	NA	NA	NA	NA	NA	NA	NA	NA	NA	NA	NA	NA	0.001122	NA	NA	NA	NA	NA	NA	NA	NA	NA
PLE.Naiad	NA	NA	NA	NA	NA	NA	NA	NA	NA	NA	NA	NA	NA	NA	NA	NA	NA	NA	NA	NA	NA	NA	NA	NA	NA	NA	NA	NA	NA	0.002245	NA	NA	NA	NA	NA	NA	NA	NA	NA
DNA.CMC-Chapaev-3	NA	NA	NA	NA	NA	NA	NA	NA	NA	NA	NA	NA	NA	NA	NA	NA	NA	NA	NA	NA	NA	NA	NA	NA	NA	NA	NA	NA	NA	NA	0.001535	NA	NA	NA	NA	NA	NA	NA	NA
