repeat_type	C0001	C0055	C0080	C0100	Eaethiops	Ealbergana	Ebubastis	Echristi	Edisa	Eembla	Eepiphron	Eeriphyle	Eflavofasciata	Egorge	Egorge_hap1	Eligea	Emanto	Emedusa	Emelampus	Emelancholica	Emeolans	Emnestra	Emontana	Epalarica	Epharte	Epronoe	Erondoui	Estirius	Estirius_hap1	Esudetica	Etriaria	Mcinxia	Mjurtina	X2575	X2576	X3252	X3258	X3311	X3506	X3531	X3737
DNA	159.44	147.88	170.34	130.10	135.18	132.19	166.41	173.72	141.65	145.78	161.84	154.54	158.71	162.58	162.58	146.31	156.53	152.38	158.91	150.54	138.19	146.04	195.03	148.90	177.42	171.02	156.16	191.28	191.28	157.97	166.54	143.76	92.00	138.16	147.68	192.80	172.18	153.93	205.63	150.43	148.37
DNA.Academ-1	173.65	182.44	179.62	190.12	188.97	176.84	288.65	225.84	191.36	190.79	167.36	253.87	193.49	270.65	270.65	337.13	301.31	256.44	155.96	266.78	183.13	198.69	217.07	185.01	225.62	207.88	185.72	226.19	226.19	154.13	231.30	191.70	138.13	558.73	353.93	227.88	183.39	404.66	202.17	205.54	186.19
DNA.CMC-Chapaev	NA	NA	NA	60.00	NA	NA	NA	NA	NA	NA	NA	57.00	46.00	52.50	52.50	NA	94.00	58.50	97.00	53.50	70.00	NA	NA	62.00	NA	NA	30.00	61.00	61.00	73.50	70.00	NA	79.00	73.00	NA	NA	NA	NA	85.00	NA	NA
DNA.CMC-Chapaev-3	282.59	185.03	237.47	208.96	260.00	202.77	274.89	286.64	352.97	329.88	270.50	210.79	308.35	267.77	267.77	296.69	323.53	223.02	226.38	236.38	200.57	314.20	260.47	162.72	319.29	273.80	245.64	249.47	249.47	229.56	213.53	370.42	127.57	309.85	323.33	310.21	239.86	444.33	246.51	271.38	203.87
DNA.CMC-EnSpm	237.20	240.04	244.14	240.52	234.72	236.76	233.89	243.93	288.15	287.27	240.45	237.23	231.39	240.30	240.30	230.28	226.96	241.75	227.56	235.18	231.13	239.64	237.17	228.73	238.51	247.11	246.59	240.92	240.92	231.76	233.62	59.15	69.12	225.40	229.82	260.71	245.28	237.31	241.65	243.33	251.46
DNA.CMC-Transib	126.73	182.61	144.08	129.62	110.01	116.17	132.01	171.62	102.25	101.27	186.40	101.05	126.10	125.17	125.17	114.16	111.34	137.07	117.37	289.50	126.42	124.41	120.55	123.27	193.20	130.08	192.86	132.17	132.17	113.31	116.56	371.24	151.96	131.63	99.95	236.77	190.68	123.94	122.67	159.08	157.96
DNA.Crypton-I	80.46	91.17	207.03	152.63	93.93	119.28	90.59	104.81	133.35	134.48	89.02	94.79	93.00	97.06	97.06	94.24	97.03	101.08	97.87	84.09	87.67	121.70	89.36	92.07	97.94	94.75	222.54	92.92	92.92	101.85	109.22	NA	NA	88.86	86.62	91.08	392.81	99.95	83.67	193.80	282.19
DNA.Ginger-2	239.35	177.62	197.34	251.04	128.84	196.97	211.70	629.40	257.64	193.99	371.02	135.44	337.57	335.71	335.71	177.12	207.88	283.00	133.54	202.00	209.34	161.64	174.16	132.25	371.00	263.23	290.41	369.99	369.99	158.39	321.76	NA	NA	252.22	302.79	503.70	252.35	158.08	207.06	242.51	287.97
DNA.hAT	154.30	161.43	145.60	143.85	142.03	153.89	168.38	154.11	120.47	93.08	166.59	165.16	216.10	141.63	141.63	128.06	159.45	169.24	165.99	158.95	150.88	152.94	145.36	131.07	170.57	156.74	146.85	169.45	169.45	163.39	186.44	105.05	70.57	133.26	120.18	274.74	161.08	171.62	182.35	143.08	170.25
DNA.hAT-Ac	124.44	140.78	142.14	137.84	122.49	140.38	133.78	126.05	116.55	107.88	122.32	116.15	123.66	125.97	125.97	121.20	125.34	132.46	115.95	146.74	110.44	113.57	149.63	113.64	120.61	152.62	148.05	151.38	151.38	113.76	141.56	109.91	95.73	123.50	122.78	153.10	145.06	148.23	151.18	140.45	141.17
DNA.hAT-Blackjack	134.01	184.81	203.84	205.48	134.43	136.44	139.24	129.10	88.36	86.73	122.47	113.87	152.13	175.66	175.66	150.87	119.59	158.04	151.83	144.38	123.57	122.51	138.80	123.31	125.47	139.12	208.95	156.29	156.29	154.00	148.29	117.70	122.72	139.08	129.43	164.50	237.56	134.97	169.68	235.72	205.58
DNA.hAT-Charlie	206.62	183.44	164.20	161.89	244.62	143.57	332.24	272.89	249.23	242.68	242.74	291.68	272.99	171.55	171.55	306.14	321.72	181.03	317.33	236.58	136.16	150.92	214.48	137.01	254.66	208.66	154.04	217.81	217.81	317.34	180.64	103.44	156.39	285.77	303.81	171.93	168.77	280.01	210.01	163.13	160.10
DNA.hAT-hAT19	48.50	51.50	NA	NA	51.00	NA	NA	59.00	75.00	NA	NA	58.00	NA	NA	NA	32.00	69.50	NA	43.00	61.00	51.50	47.00	59.00	59.00	NA	62.00	51.00	NA	NA	43.00	NA	106.00	NA	47.00	NA	47.00	NA	47.67	NA	NA	NA
DNA.hAT-hAT5	NA	51.00	51.00	47.00	NA	NA	NA	NA	NA	NA	72.00	56.00	NA	74.00	74.00	NA	NA	72.00	NA	NA	NA	NA	72.00	74.00	NA	72.00	51.00	NA	NA	NA	72.00	NA	NA	NA	72.00	NA	51.00	NA	72.00	51.00	51.00
DNA.hAT-hATm	111.82	251.25	234.80	101.17	74.33	193.54	143.75	74.00	122.76	86.74	103.75	44.00	87.67	137.71	137.71	46.00	58.67	211.92	113.18	242.59	82.00	114.07	172.25	76.00	245.80	327.09	151.00	140.75	140.75	161.00	259.97	155.29	139.12	107.25	166.00	160.25	89.93	145.73	221.17	163.85	147.50
DNA.hAT-hATx	193.58	204.45	162.84	203.06	113.77	199.90	152.33	269.06	216.16	201.10	215.61	150.65	204.27	234.84	234.84	190.24	169.10	137.59	189.56	112.06	204.06	193.00	116.10	221.21	247.93	93.44	176.26	113.90	113.90	202.28	179.00	118.72	78.67	134.39	113.55	390.27	204.83	253.95	107.83	164.33	192.61
DNA.hAT-hobo	NA	NA	NA	NA	NA	NA	NA	NA	83.00	NA	NA	73.00	NA	NA	NA	104.00	NA	NA	54.00	NA	NA	NA	92.67	NA	NA	105.00	44.00	72.00	72.00	79.00	116.00	47.00	NA	NA	51.50	NA	NA	NA	91.88	NA	NA
DNA.hAT-Tag1	85.12	83.00	56.25	77.33	48.00	79.00	85.00	49.11	84.33	81.57	53.43	70.80	80.60	78.71	78.71	84.75	54.33	56.00	72.00	78.14	54.33	54.43	80.33	58.25	58.57	70.50	59.67	47.75	47.75	53.00	79.38	73.95	71.17	75.45	55.70	51.50	100.00	75.00	83.00	70.17	57.14
DNA.hAT-Tip100	211.92	315.29	236.23	173.92	180.58	177.83	198.01	179.90	165.99	185.36	167.01	180.62	162.57	164.70	164.70	150.13	165.40	165.67	174.15	187.86	156.89	165.45	206.63	168.24	178.52	190.39	231.25	204.95	204.95	178.56	158.03	92.57	68.70	140.05	144.26	189.02	262.78	189.97	244.88	359.92	331.99
DNA.IS3EU	NA	NA	NA	NA	NA	NA	NA	NA	NA	NA	NA	NA	NA	NA	NA	NA	NA	NA	NA	91.00	NA	NA	NA	NA	NA	NA	NA	NA	NA	NA	NA	44.00	NA	NA	61.00	NA	NA	NA	NA	NA	NA
DNA.Kolobok-E	217.34	304.24	297.96	208.96	200.71	194.50	175.96	198.42	150.73	138.93	179.98	154.01	366.97	179.45	179.45	184.79	167.00	175.14	186.10	206.91	145.84	169.13	167.84	191.68	171.73	144.03	177.52	171.92	171.92	158.21	171.90	NA	NA	150.48	138.30	200.51	260.20	151.53	157.52	204.85	288.52
DNA.Maverick	1147.80	1083.25	859.12	823.33	695.92	1661.86	714.20	628.98	598.71	719.34	689.82	1047.62	1335.28	769.74	769.74	920.90	427.26	1231.47	1261.11	1036.63	1002.42	764.92	837.52	618.22	1107.92	901.84	795.84	580.62	580.62	821.80	2104.74	NA	NA	1582.18	1231.55	1340.85	808.19	1124.55	812.33	1041.80	913.84
DNA.Merlin	128.29	122.80	124.50	124.38	121.18	128.86	115.29	123.72	181.35	183.97	125.93	140.30	130.59	142.67	142.67	136.04	97.76	135.71	107.75	109.71	161.22	116.66	104.33	166.85	154.24	108.36	116.76	110.16	110.16	109.32	132.88	32.00	78.58	157.84	162.75	291.98	125.23	112.74	107.76	118.87	128.17
DNA.MULE-MuDR	226.38	82.37	283.26	80.59	139.15	165.63	63.84	113.73	79.79	72.04	126.49	82.09	196.57	179.15	179.15	105.22	65.54	124.37	296.17	309.54	129.28	138.99	177.43	272.79	253.11	328.62	692.16	186.84	186.84	265.72	177.56	67.50	NA	61.86	68.76	70.17	494.22	281.64	209.27	174.80	175.89
DNA.MULE-NOF	NA	NA	NA	NA	NA	NA	NA	NA	NA	NA	NA	NA	NA	NA	NA	NA	NA	NA	NA	NA	NA	NA	37.00	NA	NA	NA	NA	NA	NA	NA	NA	NA	NA	NA	NA	NA	NA	NA	NA	NA	NA
DNA.P	138.50	138.74	138.05	219.39	153.35	139.38	176.12	151.54	140.14	141.57	146.18	126.20	143.03	152.85	152.85	123.20	208.55	144.56	168.89	150.81	139.12	140.29	156.66	143.31	147.87	173.38	142.07	158.57	158.57	180.15	137.24	107.71	154.28	137.56	153.46	171.03	151.88	175.65	174.72	136.32	140.58
DNA.PIF-Harbinger	157.19	163.58	145.14	138.95	134.44	140.67	144.13	145.29	146.09	146.17	148.28	142.83	142.85	145.58	145.58	156.98	146.87	175.02	157.36	141.74	137.62	142.29	139.62	144.18	155.63	140.86	149.52	144.92	144.92	165.43	175.09	186.86	236.05	155.34	171.81	187.01	143.67	144.68	142.51	149.67	142.79
DNA.PIF-ISL2EU	406.67	378.00	287.80	422.00	286.75	239.67	299.50	216.00	276.10	244.75	356.50	175.60	305.60	318.00	318.00	271.00	355.00	358.42	226.50	306.83	359.50	305.11	257.67	422.33	321.00	317.00	396.00	355.00	355.00	249.75	252.33	382.60	47.00	298.00	422.00	376.17	159.25	274.80	337.00	230.50	421.00
DNA.PIF-Spy	178.84	211.47	163.07	152.41	138.35	128.37	163.38	165.04	189.68	206.77	174.56	149.87	154.32	152.99	152.99	115.26	183.54	164.09	172.15	173.10	145.26	193.10	170.11	170.52	179.16	172.63	207.44	214.85	214.85	163.76	216.42	NA	NA	150.72	123.06	147.85	217.36	143.41	338.63	203.44	183.47
DNA.PiggyBac	203.28	235.55	234.39	248.91	180.38	183.20	203.08	204.19	153.21	161.55	191.73	171.31	195.79	194.29	194.29	179.11	172.39	199.73	199.22	178.23	179.89	182.55	191.62	175.62	207.71	190.39	243.73	180.15	180.15	201.75	218.83	189.26	103.30	153.65	167.63	281.02	233.84	194.69	187.09	233.20	237.74
DNA.Sola-1	165.15	286.50	267.92	209.46	162.74	178.25	175.45	266.68	185.78	171.51	227.28	221.63	279.13	240.20	240.20	151.40	121.04	232.25	206.40	182.56	182.10	178.76	218.92	187.95	228.03	191.70	234.74	173.31	173.31	207.73	262.71	461.42	344.52	156.15	178.77	320.57	280.75	247.81	199.88	249.31	246.03
DNA.Sola-2	451.03	281.42	279.71	276.55	355.04	271.18	415.17	326.46	194.13	200.11	276.82	412.89	373.45	345.89	345.89	348.87	310.23	527.75	198.78	198.32	287.49	226.00	381.49	357.71	270.94	218.26	252.00	356.55	356.55	217.23	429.46	74.17	58.69	566.70	596.87	609.94	364.18	295.67	427.79	280.71	282.57
DNA.TcMar	263.54	229.00	99.00	98.08	61.40	116.60	152.14	129.78	198.83	101.40	286.62	150.83	213.41	91.86	91.86	77.75	230.00	103.38	93.50	102.70	92.50	449.10	65.50	230.75	314.18	143.00	97.83	108.50	108.50	75.50	100.00	104.44	110.00	127.54	198.17	87.50	122.71	137.57	86.60	78.45	82.95
DNA.TcMar-Fot1	177.44	362.07	265.71	235.12	172.25	198.02	252.40	192.84	197.60	188.79	205.35	173.97	193.96	186.26	186.26	158.60	176.79	231.99	205.93	158.14	168.98	173.52	178.36	173.39	230.06	167.94	320.70	184.86	184.86	221.87	254.75	271.00	282.24	131.45	146.36	232.05	273.05	238.07	225.05	240.61	253.13
DNA.TcMar-m44	300.97	323.11	462.55	541.45	222.47	180.09	307.18	445.17	572.03	394.64	261.51	208.84	350.59	275.40	275.40	227.75	428.59	237.20	288.01	304.18	689.68	478.16	459.90	547.50	461.08	476.86	313.00	401.82	401.82	361.61	419.89	163.42	370.26	356.68	337.19	442.59	333.77	645.03	283.76	379.49	606.80
DNA.TcMar-Mariner	190.64	181.48	178.88	170.36	147.24	143.08	161.54	198.61	177.01	183.30	166.71	146.55	177.06	203.89	203.89	149.54	142.18	165.88	154.91	191.63	163.28	142.97	232.39	168.09	198.43	214.24	269.96	205.81	205.81	152.54	320.82	120.51	103.32	143.41	161.30	199.19	189.68	167.02	236.41	189.37	176.90
DNA.TcMar-Pogo	154.40	213.89	214.08	321.00	174.07	191.00	206.74	168.19	309.29	272.99	163.76	193.68	167.86	223.85	223.85	218.68	216.78	304.50	193.35	161.71	184.28	189.31	162.32	202.44	173.71	176.08	183.45	162.40	162.40	187.23	256.21	141.03	261.00	251.23	229.19	250.93	210.11	172.56	157.52	191.00	192.86
DNA.TcMar-Tc1	539.86	848.10	426.77	368.96	225.28	276.35	208.86	383.93	559.34	446.27	251.01	411.13	537.83	239.95	239.95	293.53	240.40	320.89	295.32	203.16	176.73	222.44	218.42	172.02	255.73	186.00	298.40	192.35	192.35	304.70	256.95	220.31	206.09	297.50	214.67	225.56	602.59	395.20	192.72	423.48	398.90
DNA.TcMar-Tc2	NA	NA	NA	NA	NA	NA	NA	NA	NA	NA	NA	NA	NA	NA	NA	NA	NA	NA	NA	NA	63.00	NA	NA	85.00	46.00	NA	NA	NA	NA	NA	NA	NA	NA	NA	NA	NA	NA	NA	NA	NA	NA
DNA.TcMar-Tc4	NA	47.00	NA	NA	NA	NA	NA	NA	NA	NA	NA	NA	NA	NA	NA	62.00	NA	NA	NA	NA	NA	NA	NA	NA	NA	NA	NA	NA	NA	NA	NA	NA	NA	78.00	NA	NA	NA	NA	NA	NA	NA
DNA.TcMar-Tigger	163.79	169.34	169.64	171.86	166.98	153.97	158.66	159.66	146.96	130.94	155.36	167.12	160.76	160.85	160.85	160.69	160.93	155.25	161.25	154.81	161.01	157.37	155.87	161.52	159.26	166.03	166.12	148.92	148.92	161.62	163.44	97.10	186.40	182.03	286.88	158.86	168.57	157.20	156.62	163.71	170.53
DNA.Zator	70.43	64.07	66.07	70.58	71.72	69.93	68.71	70.47	76.02	76.45	66.84	63.76	70.31	71.25	71.25	83.38	72.60	74.08	71.82	69.76	63.95	117.17	70.89	69.74	69.06	69.43	65.03	70.93	70.93	71.38	69.61	99.42	80.72	82.16	95.62	70.31	71.28	75.82	70.07	63.14	63.76
DNA.Zisupton	170.22	193.18	127.67	234.98	188.35	142.93	101.68	241.37	115.42	113.46	112.18	121.92	105.00	117.93	117.93	136.00	116.00	150.71	74.33	169.37	103.00	246.50	154.36	225.00	104.50	226.11	131.42	114.77	114.77	105.00	54.58	148.26	97.37	83.59	101.52	80.43	117.95	80.40	150.59	108.65	112.61
LINE	135.19	125.16	127.26	127.65	124.65	120.62	152.85	145.15	156.45	172.37	147.53	124.85	143.54	147.63	147.63	136.19	150.22	131.66	137.08	135.64	119.38	121.76	132.11	119.37	152.33	123.63	126.95	129.50	129.50	141.02	124.97	80.00	NA	145.31	131.35	175.16	128.38	132.30	131.99	138.75	132.75
LINE.CR1	244.80	217.10	216.30	204.30	212.23	209.57	195.92	215.36	234.38	219.62	232.72	201.30	283.16	227.14	227.14	190.57	196.99	264.52	234.94	202.36	193.87	229.11	225.39	201.33	250.15	199.42	218.42	215.52	215.52	241.79	231.79	381.66	302.57	209.89	193.00	247.40	212.80	221.34	221.36	216.77	214.01
LINE.CR1-Zenon	170.44	171.46	166.16	152.26	168.35	162.75	175.36	175.54	150.23	149.30	160.57	171.93	179.05	171.56	171.56	162.08	177.75	170.37	187.91	161.19	167.49	148.54	161.69	165.05	195.16	151.19	218.77	156.36	156.36	219.45	166.95	296.64	160.71	162.76	177.46	192.61	159.75	154.53	156.02	185.12	179.56
LINE.CRE	146.73	137.68	133.11	142.51	129.54	129.37	200.93	143.49	149.18	129.74	138.39	179.08	143.67	130.90	130.90	171.50	197.29	131.41	136.56	144.48	127.75	136.84	134.66	132.54	138.37	136.18	138.85	131.13	131.13	133.69	131.59	NA	NA	192.13	191.55	137.88	136.54	131.35	135.61	132.54	138.25
LINE.Dong-R4	271.11	216.31	191.37	229.35	173.33	192.74	186.40	208.92	220.77	261.22	215.49	193.36	324.32	216.05	216.05	174.82	164.43	186.97	204.79	198.25	177.04	244.39	167.23	177.15	272.22	224.08	226.15	200.72	200.72	201.16	188.46	686.01	697.82	255.21	240.27	267.88	186.50	178.28	205.55	225.92	219.41
LINE.I	199.05	224.00	171.57	175.40	199.44	197.00	188.75	176.52	206.45	202.87	187.63	174.34	204.50	229.57	229.57	168.87	163.08	239.13	232.19	170.73	174.05	252.68	198.92	171.45	205.88	191.25	202.58	200.18	200.18	210.84	200.49	310.23	172.01	215.55	177.90	333.88	183.94	204.78	187.33	182.90	194.10
LINE.I-Jockey	334.61	294.00	313.05	294.74	248.13	263.82	240.76	384.57	402.46	424.50	299.86	256.65	434.14	353.56	353.56	219.30	219.93	313.66	296.91	321.61	264.47	338.49	307.97	270.39	418.57	288.64	317.10	287.45	287.45	288.91	280.22	444.43	579.02	247.63	264.45	338.12	309.81	258.55	300.95	313.91	321.93
LINE.L1	1245.95	812.33	734.40	1025.20	1298.75	843.93	478.02	648.26	1047.73	966.99	551.24	600.44	997.85	1281.61	1281.61	518.13	513.91	720.27	450.57	940.20	708.82	1230.72	902.62	621.18	761.56	823.76	852.50	633.18	633.18	417.33	790.24	52.67	205.00	537.28	838.78	883.36	571.03	761.77	643.99	611.74	748.10
LINE.L1-Tx1	203.90	184.99	145.42	215.64	160.90	179.32	206.66	162.37	181.87	177.00	239.30	229.47	277.97	216.33	216.33	197.25	173.50	148.80	181.68	210.02	134.81	197.14	178.92	130.31	206.94	153.86	202.33	162.30	162.30	168.63	200.65	75.07	79.24	247.67	251.45	219.10	162.65	143.09	165.02	194.75	190.50
LINE.L2	181.41	177.16	180.34	168.19	165.02	185.55	177.22	197.72	175.11	173.57	181.39	169.92	201.05	189.76	189.76	170.34	168.15	185.32	183.80	168.18	164.44	174.37	185.23	169.06	200.05	175.19	194.76	181.71	181.71	184.52	193.03	237.20	168.68	160.01	177.28	227.69	183.73	175.67	185.59	179.76	177.91
LINE.Penelope	234.88	181.19	408.01	244.25	142.82	227.30	225.89	309.54	384.88	238.52	278.28	242.99	350.25	304.28	304.28	174.28	211.66	217.42	373.81	267.12	255.95	310.58	248.62	338.23	359.83	216.27	218.39	223.85	223.85	309.29	322.60	157.13	215.55	184.95	196.38	222.35	338.23	269.51	226.73	224.84	315.83
LINE.Proto2	341.24	326.20	331.04	272.49	299.40	300.71	303.48	327.19	326.84	345.36	338.39	298.09	392.45	363.94	363.94	313.14	278.40	361.25	399.41	312.88	235.82	323.41	326.40	239.37	384.57	293.90	336.77	328.80	328.80	386.22	347.16	NA	NA	357.88	347.94	319.06	336.63	288.18	318.08	342.78	314.26
LINE.R1	322.17	324.93	337.20	404.35	331.02	335.96	343.35	409.70	390.55	399.14	363.43	285.53	591.35	369.34	369.34	253.69	296.13	389.20	303.97	287.53	316.68	428.01	348.62	313.34	386.43	277.39	675.73	355.56	355.56	322.91	366.74	519.02	342.52	297.37	278.25	468.08	359.13	339.73	321.03	411.15	359.40
LINE.R1-LOA	244.97	200.62	220.15	225.51	206.72	248.91	175.82	250.65	326.01	341.68	267.69	240.92	284.06	212.31	212.31	186.17	180.83	275.21	212.29	220.80	167.65	220.26	241.43	176.44	289.88	203.40	267.91	211.36	211.36	187.98	219.13	172.78	156.95	201.96	214.12	230.39	197.08	256.64	213.08	223.18	208.30
LINE.R2	NA	34.00	42.00	34.00	56.00	61.50	NA	29.00	46.50	46.00	56.00	44.00	NA	NA	NA	NA	48.00	NA	50.50	57.00	55.67	NA	NA	NA	59.00	53.50	45.33	NA	NA	NA	NA	257.69	NA	NA	NA	NA	42.25	NA	NA	46.00	37.00
LINE.R2-Hero	80.00	NA	92.00	92.00	NA	60.50	117.00	NA	76.33	117.00	84.25	NA	80.00	92.00	92.00	47.50	117.00	88.00	94.00	NA	104.50	81.80	92.00	92.00	103.33	81.50	NA	104.00	104.00	104.50	114.00	184.67	NA	NA	50.00	NA	92.00	NA	NA	NA	NA
LINE.RTE	226.86	191.10	199.38	210.76	169.31	219.56	176.25	225.26	192.26	203.53	224.91	168.92	262.01	216.90	216.90	180.96	164.09	213.40	205.17	168.85	211.29	158.00	249.67	210.13	249.64	203.64	177.58	257.77	257.77	220.68	234.45	270.60	197.48	175.94	177.36	369.73	211.75	178.93	237.11	206.23	190.92
LINE.RTE-BovB	194.99	253.59	284.41	223.24	164.49	160.39	168.06	183.92	189.50	197.29	179.50	169.41	203.20	190.15	190.15	154.69	164.08	190.55	180.36	185.27	157.26	161.08	212.10	160.51	195.28	192.37	287.10	217.22	217.22	178.56	173.69	284.16	137.84	174.80	165.72	191.86	276.96	166.04	219.45	267.61	259.06
LINE.RTE-RTE	164.52	158.07	155.66	151.58	158.25	155.84	184.36	186.50	146.30	152.88	184.41	194.25	190.69	190.87	190.87	183.44	170.54	168.63	162.25	159.82	151.19	161.63	189.59	152.44	209.01	179.38	178.46	175.93	175.93	165.45	161.67	70.38	102.58	166.63	181.86	183.40	154.60	164.42	195.13	155.91	153.57
LINE.RTE-X	NA	36.00	NA	NA	NA	NA	39.00	NA	29.00	50.00	NA	NA	93.00	56.00	56.00	NA	NA	88.75	106.00	54.50	NA	56.00	61.00	NA	61.00	79.00	NA	NA	NA	99.00	62.50	66.75	45.50	47.00	106.00	NA	NA	NA	NA	40.00	NA
Low_complexity	45.45	45.81	45.92	46.08	44.81	46.40	46.09	46.91	46.18	46.50	45.96	55.58	45.75	46.43	46.43	45.61	46.18	46.80	45.20	45.67	46.17	46.84	45.61	46.95	46.22	52.16	46.08	53.28	53.28	45.53	45.66	48.09	46.72	45.81	45.52	45.75	46.85	45.38	46.84	45.42	46.62
LTR	132.22	135.00	133.84	159.62	156.71	256.45	201.11	154.61	121.17	125.33	142.88	174.17	181.09	132.22	132.22	272.17	207.99	211.32	137.14	171.40	189.30	165.90	205.95	186.46	152.23	275.54	122.38	225.95	225.95	132.61	205.80	218.01	90.71	533.02	258.48	228.54	143.13	238.04	236.19	140.97	145.86
LTR.Copia	214.13	263.13	278.66	260.03	229.98	237.64	244.15	258.36	216.91	217.68	215.04	200.98	301.25	245.74	245.74	235.33	208.16	359.52	280.26	231.90	222.07	274.82	233.10	261.56	267.60	265.88	302.46	262.06	262.06	267.45	285.18	721.95	632.53	239.48	237.48	287.13	300.22	246.80	302.34	305.48	301.22
LTR.DIRS	254.67	295.07	286.47	312.02	267.42	558.78	360.11	265.23	217.02	249.50	269.97	220.89	269.13	350.98	350.98	264.58	292.99	415.03	276.31	229.10	219.66	283.43	307.05	211.15	245.18	249.38	442.06	253.53	253.53	281.89	293.26	NA	NA	293.42	256.34	376.37	344.11	522.15	254.83	274.16	263.78
LTR.Gypsy	207.46	235.30	257.08	242.06	218.48	218.16	216.70	244.62	296.73	294.37	243.98	217.07	253.59	226.94	226.94	198.55	199.82	274.58	246.59	232.94	192.29	204.86	252.03	199.88	265.49	241.44	304.25	210.05	210.05	247.77	270.45	514.75	451.18	222.36	243.54	294.18	281.31	218.77	221.76	293.42	288.23
LTR.Pao	268.24	299.85	279.51	254.64	299.44	265.21	237.79	288.57	271.43	357.56	360.01	224.70	289.68	289.84	289.84	248.24	231.71	403.35	311.30	249.53	269.39	286.65	392.22	195.27	697.62	279.40	454.79	252.27	252.27	366.15	359.90	412.15	341.19	269.07	303.73	425.11	292.11	272.98	304.96	317.43	340.87
PLE.Chlamys	266.48	425.37	514.60	342.83	605.20	182.96	350.39	281.94	182.27	170.54	205.03	401.36	305.97	457.84	457.84	307.25	446.40	265.65	276.98	414.02	125.32	392.94	243.15	108.45	390.04	266.94	439.04	232.75	232.75	271.39	180.29	NA	NA	274.83	224.08	283.04	504.83	211.50	205.59	663.92	415.56
PLE.Hydra	NA	63.00	NA	NA	NA	NA	NA	NA	57.00	NA	NA	NA	NA	NA	NA	NA	NA	54.00	NA	NA	NA	NA	NA	NA	NA	NA	NA	73.00	73.00	NA	NA	55.50	NA	NA	NA	NA	NA	83.00	NA	NA	NA
PLE.Naiad	62.50	45.50	62.00	48.80	30.33	63.00	49.00	40.50	98.00	NA	56.00	45.67	58.00	53.40	53.40	60.67	40.67	45.50	57.00	58.00	56.00	35.00	47.50	45.67	54.50	52.80	56.33	33.00	33.00	53.50	67.67	54.38	59.75	37.00	74.50	44.00	59.25	43.50	45.00	55.33	47.50
RC.Helitron	150.16	156.59	180.09	155.92	158.24	147.78	166.22	166.65	154.09	151.04	153.69	155.93	163.66	164.47	164.47	168.38	157.70	151.97	149.68	160.82	144.25	148.53	174.00	145.67	163.79	157.54	179.05	156.49	156.49	149.69	158.84	134.49	103.01	176.52	181.17	163.42	178.32	151.96	164.72	176.84	172.77
rRNA	119.33	122.62	159.50	104.07	162.13	131.34	159.42	125.38	129.51	141.25	121.69	128.83	142.98	121.43	121.43	125.22	141.71	126.98	169.33	120.41	177.84	165.82	141.34	109.98	122.51	114.53	147.93	117.21	117.21	161.22	136.00	221.05	250.65	136.84	158.33	141.15	149.11	154.54	118.92	127.90	188.30
Satellite	189.63	296.24	388.46	175.53	287.72	230.83	417.33	308.05	239.98	246.53	263.46	268.30	342.06	359.39	359.39	334.73	255.75	264.10	264.59	283.29	300.92	246.79	545.26	291.54	310.25	310.01	443.72	343.30	343.30	252.52	389.34	84.58	43.69	293.85	321.69	267.88	288.63	198.45	397.98	336.69	380.89
Simple_repeat	43.57	50.68	43.28	50.01	46.57	43.21	41.52	44.70	44.55	46.10	46.10	49.37	43.59	45.26	45.26	46.21	43.36	42.99	42.52	47.01	51.21	43.86	45.49	46.42	44.32	49.15	45.09	50.87	50.87	42.71	44.66	44.96	43.94	48.50	45.56	44.45	44.44	43.63	48.06	44.76	44.22
SINE	122.22	73.90	68.37	69.69	84.09	81.45	111.88	162.20	70.54	67.49	107.86	83.46	79.93	185.93	185.93	90.32	98.48	104.68	155.83	86.54	75.07	201.94	91.70	78.37	130.86	92.63	75.83	120.35	120.35	174.89	167.60	141.12	98.59	128.01	178.64	76.91	66.04	100.35	135.11	70.37	64.83
SINE.5S	206.64	200.76	193.10	182.96	193.00	193.59	183.91	195.00	146.19	145.99	192.82	177.31	201.20	198.54	198.54	201.51	178.27	199.94	181.77	185.13	192.72	222.93	183.68	196.15	193.25	187.81	191.51	186.16	186.16	181.49	191.67	112.79	85.67	193.36	200.48	189.29	205.26	199.02	183.70	200.03	195.32
SINE.ID	137.63	108.58	108.08	105.81	218.98	113.17	100.98	100.96	99.94	106.90	103.55	100.84	103.26	166.81	166.81	102.18	104.29	109.23	107.68	173.54	102.56	104.68	192.65	104.47	105.87	185.17	103.18	179.56	179.56	102.92	108.67	NA	NA	99.20	96.80	108.90	102.39	145.19	183.10	97.92	107.03
SINE.tRNA	170.38	191.32	185.29	195.43	160.67	163.50	173.72	175.38	140.26	138.78	178.33	174.21	171.14	175.96	175.96	203.17	165.73	174.41	164.97	170.19	190.93	163.64	193.15	180.40	171.82	180.86	190.93	176.14	176.14	166.73	163.11	103.66	162.15	191.89	189.70	183.05	183.59	158.17	177.14	188.13	182.68
SINE.tRNA-Deu	NA	NA	NA	NA	NA	NA	NA	NA	NA	NA	NA	NA	NA	NA	NA	NA	NA	NA	NA	NA	NA	NA	NA	NA	NA	NA	NA	NA	NA	NA	NA	57.00	NA	NA	NA	NA	NA	NA	NA	NA	NA
SINE.tRNA-Deu-L2	NA	NA	NA	NA	NA	NA	NA	72.00	NA	21.00	NA	NA	NA	NA	NA	NA	NA	NA	NA	NA	95.00	NA	92.00	NA	43.00	NA	NA	NA	NA	NA	NA	NA	61.45	NA	NA	NA	65.00	NA	92.00	65.00	NA
SINE.U	234.95	238.67	216.12	281.42	264.12	215.21	232.55	223.52	199.91	227.24	212.76	156.77	218.12	219.55	219.55	215.36	251.68	205.55	197.46	224.58	203.56	200.21	227.89	213.74	240.32	191.83	271.94	209.00	209.00	186.90	180.70	NA	NA	177.10	174.29	219.24	246.86	200.36	223.14	210.69	254.13
snRNA	119.51	131.55	125.35	138.09	161.92	149.00	147.31	140.10	149.00	161.05	147.39	145.07	143.76	128.28	128.28	160.90	143.07	141.56	150.96	139.95	139.35	129.19	150.75	135.00	145.90	153.72	134.74	131.96	131.96	149.64	144.96	NA	NA	165.03	136.86	140.84	121.70	156.25	143.19	129.04	126.40
tRNA	164.53	162.32	137.27	167.94	161.79	178.51	208.79	141.53	103.33	116.48	175.65	196.14	207.71	144.41	144.41	156.97	170.50	171.40	152.10	158.59	165.13	170.12	167.49	160.37	151.88	203.81	142.13	160.66	160.66	146.03	170.41	NA	NA	168.88	174.60	166.01	146.96	173.24	166.42	140.13	139.91
Unknown	154.17	176.01	188.38	155.86	154.80	162.95	182.25	178.01	159.82	159.65	173.28	163.28	177.73	185.77	185.77	185.26	174.24	171.48	163.50	179.89	156.98	161.79	188.65	157.90	185.61	177.45	195.48	181.35	181.35	163.88	165.22	118.50	91.12	187.64	202.69	181.82	190.81	153.55	189.83	189.82	186.14
