species	DNA	DNA.Academ-1	DNA.CMC-Chapaev	DNA.CMC-Chapaev-3	DNA.CMC-EnSpm	DNA.CMC-Transib	DNA.Crypton-I	DNA.Ginger-2	DNA.IS3EU	DNA.Kolobok-E	DNA.MULE-MuDR	DNA.MULE-NOF	DNA.Maverick	DNA.Merlin	DNA.P	DNA.PIF-Harbinger	DNA.PIF-ISL2EU	DNA.PIF-Spy	DNA.PiggyBac	DNA.Sola-1	DNA.Sola-2	DNA.TcMar	DNA.TcMar-Fot1	DNA.TcMar-Mariner	DNA.TcMar-Pogo	DNA.TcMar-Tc1	DNA.TcMar-Tc2	DNA.TcMar-Tc4	DNA.TcMar-Tigger	DNA.TcMar-m44	DNA.Zator	DNA.Zisupton	DNA.hAT	DNA.hAT-Ac	DNA.hAT-Blackjack	DNA.hAT-Charlie	DNA.hAT-Tag1	DNA.hAT-Tip100	DNA.hAT-hAT19	DNA.hAT-hAT5	DNA.hAT-hATm	DNA.hAT-hATx	DNA.hAT-hobo	LINE	LINE.CR1	LINE.CR1-Zenon	LINE.CRE	LINE.Dong-R4	LINE.I	LINE.I-Jockey	LINE.L1	LINE.L1-Tx1	LINE.L2	LINE.Penelope	LINE.Proto2	LINE.R1	LINE.R1-LOA	LINE.R2	LINE.R2-Hero	LINE.RTE	LINE.RTE-BovB	LINE.RTE-RTE	LINE.RTE-X	LTR	LTR.Copia	LTR.DIRS	LTR.Gypsy	LTR.Pao	Low_complexity	PLE.Chlamys	PLE.Hydra	PLE.Naiad	RC.Helitron	SINE	SINE.5S	SINE.ID	SINE.U	SINE.tRNA	SINE.tRNA-Deu	SINE.tRNA-Deu-L2	Satellite	Simple_repeat	rRNA	snRNA	tRNA
C0001	0.220035446	0.071213648	0	0.002282818	0.409922476	0.045596874	0.008339448	0.001835707	0	0.022827561	0.005487014	0	0.372148291	0.045511888	0.481078706	0.89319777	0.000758659	0.027729204	0.153523205	0.041429223	0.006188255	0.000710155	0.228237672	2.725003835	0.005203242	0.763606534	0	0	0.032076571	0.412299816	0.0010074	0.000635118	0.018555024	0.118533673	0.048338826	0.142210683	0.00014116	0.316978629	2.01E-05	0	0.000254959	0.003440085	0	1.164343014	0.748029559	2.112170885	0.214481272	0.538847709	0.829166304	1.245558734	0.12850341	0.022622764	11.89770246	0.185417988	0.333982547	0.68717928	0.605812864	0	1.66E-05	0.567168916	1.047159173	1.721504052	0	0.139171486	0.609091474	0.129032399	3.720075451	1.124245383	0.077530419	0.001711958	0	2.59E-05	14.39076902	0.005803329	0.390512613	0.041204113	0.001071451	2.933364219	0	0	0.462161143	0.705755654	0.192100823	0.00091661	0.018873412
C0055	0.17676877	0.061619883	0	0.001285584	0.406478144	0.056341367	0.008180212	0.003220312	0	0.033969905	0.001144638	0	0.720493112	0.066104737	0.445962004	0.82690773	7.50E-05	0.027196173	0.206223052	0.066431294	0.004073332	0.0002273	0.812099496	2.42303748	0.004155914	1.871279628	0	9.33E-06	0.024737365	0.248265772	0.000763092	0.000651924	0.016410053	0.162128082	0.062936634	0.142052051	6.59E-05	0.497099496	2.04E-05	1.01E-05	0.000598523	0.003164926	0	1.012635685	0.549552547	1.787458411	0.173002541	0.367403422	0.910057768	0.880767658	0.039341922	0.013843451	10.28172291	0.071624052	0.239032437	0.650348394	0.356099178	6.75E-06	0	0.397533251	1.186226625	1.439329615	7.15E-06	0.115476833	0.75331282	0.142091952	4.034424902	1.289191448	0.085208242	0.007260095	1.25E-05	1.81E-05	13.21902628	0.00274328	0.329640291	0.023472228	0.000852821	3.14041847	0	0	0.624346091	0.861254814	0.200507008	0.000574503	0.018392822
C0080	0.199142619	0.059479482	0	0.002162943	0.394063882	0.043008106	0.024767667	0.002017493	0	0.03060934	0.005431503	0	0.404243464	0.072930533	0.460180746	0.742375107	0.000279071	0.017120666	0.200693701	0.060524979	0.002971647	0.000287992	0.53466178	2.345723955	0.004315996	0.393258281	0	0	0.022691607	1.203459002	0.00097122	0.000297107	0.013039912	0.162340974	0.083356218	0.10781553	4.36E-05	0.40854957	0	9.89E-06	0.000455357	0.003407998	0	1.010661314	0.537978241	1.655061089	0.16108312	0.321148476	0.645382437	0.852546156	0.04315026	0.00870491	10.1685325	0.226586572	0.226455861	0.641862346	0.372055892	2.44E-05	1.78E-05	0.391461873	1.361648631	1.372901443	0	0.103298619	0.853075014	0.149863277	4.422673571	1.224778334	0.082278916	0.007976107	0	2.40E-05	15.55836999	0.002200954	0.274752153	0.021752579	0.000712513	2.899700178	0	0	0.853665542	0.742029711	0.250280816	0.000559111	0.015029284
C0100	0.160147664	0.070405387	2.36E-05	0.001850131	0.409455218	0.035931366	0.017295978	0.002229923	0	0.019573547	0.001205922	0	0.22567384	0.102143884	0.932244689	0.727971097	8.31E-05	0.017011085	0.2354551	0.05725286	0.001555	0.000502058	0.628738162	2.38793428	0.012628812	0.418298124	0	0	0.024556516	1.134760883	0.001067709	0.002405741	0.013579965	0.163740623	0.069150834	0.121602449	4.57E-05	0.25099998	0	9.25E-06	0.000239019	0.001996417	0	1.099848595	0.542249217	2.212028509	0.206293635	0.463627021	0.676035124	1.085630131	0.048829517	0.031710342	10.58454884	0.149480617	0.208974818	0.860158099	0.414616763	6.69E-06	1.81E-05	0.507221555	1.133820756	1.530391408	0	0.128918509	0.774100727	0.188581835	5.108146719	1.254968597	0.086080408	0.00283436	0	4.80E-05	14.80460948	0.002277766	0.273379733	0.024353133	0.000664882	3.88578193	0	0	0.600725522	0.910217165	0.209745821	0.000625308	0.026784864
Eaethiops	0.168056811	0.101374868	0	0.001043295	0.416294192	0.034832101	0.008272228	0.000843506	0	0.018832313	0.005877508	0	0.096659345	0.031736431	0.58003717	0.785844562	0.000242239	0.032673918	0.140709821	0.045013305	0.003490391	6.48E-05	0.224206336	1.893879198	0.003263569	0.273733685	0	0	0.03836283	0.122810137	0.000969377	0.003659557	0.007976558	0.110640972	0.036444562	0.227802534	1.01E-05	0.295315945	2.15E-05	0	4.71E-05	0.002714256	0	1.156377191	0.642157339	2.177533052	0.177689757	0.260670116	1.098455966	0.702992186	0.077581204	0.018623231	10.83626568	0.054848152	0.257218796	0.798374657	0.69790792	1.18E-05	0	0.399237381	0.790857867	1.645696938	0	0.161294403	0.65837698	0.1802566	3.836295882	1.318326716	0.078053221	0.011502429	0	1.92E-05	15.4142114	0.004759451	0.353027666	0.288107286	0.000892503	2.685873918	0	0	0.687352904	0.785663358	0.300198522	0.00085491	0.01929377
Ealbergana	0.152325552	0.095879846	0	0.002857785	0.415812808	0.041242664	0.02047976	0.001223388	0	0.023007068	0.006062754	0	0.775746413	0.015333476	0.440923538	0.736965089	0.000153994	0.017330263	0.143570786	0.049901906	0.006351467	0.000124866	0.289226601	1.995669737	0.004899122	0.184553009	0	0	0.027897623	0.056102592	0.001302206	0.001408225	0.017971514	0.140052688	0.048749411	0.082040908	3.38E-05	0.287397301	0	0	0.000538873	0.002055044	0	0.994253373	0.625278646	1.901555365	0.161715571	0.305409724	0.885917541	0.659601199	0.03070786	0.009587064	12.10490747	0.169363033	0.263355751	0.760783037	0.497735918	2.63E-05	2.59E-05	0.480707218	0.798574641	1.513527094	0	0.369939387	0.653367745	0.560427715	4.15666224	1.097666738	0.086222532	0.000979653	0	2.70E-05	13.74754616	0.002686443	0.334340972	0.026756051	0.000875776	2.597162776	0	0	0.545363247	0.692779182	0.232673806	0.000765903	0.020481474
Ebubastis	0.194515585	0.084648882	0	0.002872937	0.341572974	0.040117528	0.007905024	0.002096076	0	0.013473414	0.000936377	0	0.111309314	0.002607994	0.692008984	0.774830033	0.000329483	0.021127063	0.15476256	0.072113128	0.002663366	0.00019527	0.294712321	1.871422626	0.003480198	0.12987037	0	0	0.032289146	0.137060323	0.001184268	0.000354235	0.019041254	0.142925559	0.06139824	0.980926109	4.68E-05	0.286938944	0	0	0.000105427	0.001786395	0	1.492026036	0.521311881	2.057476348	0.314683168	0.34119637	0.952882472	0.529560323	0.033294463	0.011632563	10.608967	0.165259443	0.250545471	0.778459479	0.309993583	0	2.15E-05	0.376246975	0.729395306	1.777515585	7.15E-06	0.181654382	0.614159699	0.198104327	3.731632013	1.020693803	0.069754859	0.004623029	0	3.59E-05	15.79661863	0.003773194	0.267148332	0.022310048	0.000938027	2.596647598	0	0	1.082457462	0.744951045	0.30977026	0.000702237	0.022713421
Echristi	0.231977115	0.085247528	0	0.002463933	0.330989381	0.060669901	0.009777737	0.005413951	0	0.021810326	0.001832296	0	0.100411571	0.034108751	0.538069755	0.802405895	0.00019773	0.038336324	0.166361772	0.08348993	0.004506591	0.000546503	0.25333907	2.784382644	0.004081472	0.463228122	0	0	0.025469059	0.260476932	0.000825705	0.003365617	0.019235994	0.121830831	0.08154632	0.337989198	8.09E-05	0.419839436	1.08E-05	0	8.13E-05	0.008605273	0	1.247974918	0.532794764	1.843507323	0.174656719	0.322392164	0.723437935	1.030988649	0.043498352	0.007843098	12.03762376	0.18175833	0.263523252	0.866525449	0.4870119	5.31E-06	0	0.527558404	0.855091725	1.748978213	0	0.153948737	0.818939216	0.145350055	4.238372208	1.3591223	0.072848773	0.002632552	0	1.48E-05	16.26988429	0.00655639	0.307651959	0.018667521	0.001268583	2.622376053	0	1.32E-05	1.032517027	0.734559502	0.286983523	0.001000366	0.013709447
Edisa	0.199358562	0.243131507	0	0.030799144	0.979078425	0.039131336	0.024820206	0.003560959	0	0.021214897	0.001789726	0	0.160629452	0.122532021	0.48960137	0.868495034	0.000472774	0.020119178	0.152672089	0.08810411	0.00203613	0.000612843	0.121361473	2.482310445	0.007670548	0.479996233	0	0	0.015951712	0.905705308	0.003409075	0.001166096	0.007393322	0.101388699	0.080043322	0.107377055	8.66E-05	0.262896747	1.28E-05	0	0.000525514	0.007975514	2.84E-05	1.508817637	0.428453596	1.312859589	0.231201712	0.318351541	0.910598116	0.701060445	0.07480548	0.015498973	8.862874486	0.139944349	0.252804966	0.59985	0.494692123	4.78E-05	3.92E-05	0.473571918	1.096063527	1.288926199	4.97E-06	0.131194521	0.822894521	0.190397089	4.663862671	1.301849486	0.098829452	0.057304281	9.76E-06	1.68E-05	13.49610394	0.001256164	0.094760616	0.018429795	0.000787329	1.763324658	0	0	0.694820548	0.895595548	0.203660103	0.00068887	0.00600548
Eembla	0.212307437	0.19455888	0	0.013611199	0.952542257	0.041944007	0.028941382	0.002321435	0	0.019613998	0.001701837	0	0.239050919	0.150403325	0.51227769	0.885493788	0.000171304	0.021069641	0.152788801	0.077306562	0.002184252	0.00044357	0.115151006	2.535754856	0.010266667	0.29844147	0	0	0.016142607	0.495155031	0.003500088	0.001032371	0.008371479	0.103890464	0.073736833	0.116812948	9.99E-05	0.329820472	0	0	0.000288364	0.009349081	0	1.712207349	0.410458618	1.279246719	0.188109711	0.401798425	0.863952406	0.736743132	0.079693088	0.007460542	8.856831146	0.064367279	0.286785127	0.62327734	0.509984602	3.22E-05	2.05E-05	0.502169029	1.073240595	1.345312161	1.75E-05	0.132698688	0.899106037	0.221819598	4.5486042	1.905618548	0.10116378	0.059886964	0	0	12.89735433	0.00132266	0.093334383	0.019641295	0.000675941	1.710349606	0	3.67E-06	0.712661592	0.908493613	0.243048644	0.000591776	0.007988976
Eepiphron	0.202662018	0.054263852	0	0.001755636	0.326860527	0.068296141	0.007007642	0.002906381	0	0.017222774	0.002465036	0	0.090130684	0.04480512	0.597692396	0.86081219	0.000136225	0.041779328	0.150414597	0.074872373	0.005619603	0.001149981	0.280740543	2.488232327	0.003747994	0.260513374	0	0	0.025986053	0.115315247	0.000715132	0.000814482	0.011616928	0.113446504	0.052833206	0.216583875	7.15E-05	0.355330913	0	1.38E-05	7.93E-05	0.004065533	0	1.410041651	0.609072984	1.66859209	0.156513947	0.319609285	0.785510508	0.819483569	0.033981085	0.011586358	11.14083206	0.182267864	0.285732709	0.820397211	0.529624188	2.14E-05	6.44E-05	0.532949943	0.887921284	1.781117883	0	0.127324035	0.76026347	0.153331295	4.534991593	1.611302446	0.073868361	0.005876003	0	1.07E-05	15.45411196	0.007087887	0.303381926	0.017484906	0.00101624	2.91680512	0	0	0.964355942	0.871683798	0.351167176	0.000872946	0.018900268
Eeriphyle	0.210634091	0.077276198	1.09E-05	0.001368009	0.401371254	0.038345486	0.008431571	0.001008017	0	0.013750716	0.001927276	0	0.20415041	0.002945791	0.399096392	0.847851117	0.000167589	0.019914678	0.126828593	0.073627792	0.010841764	0.000172743	0.21759267	1.91203493	0.003099637	0.373051346	0	0	0.044567284	0.090123306	0.000957244	0.000302539	0.016416492	0.125174079	0.065146402	0.462680664	0.00013514	0.24958828	1.11E-05	1.07E-05	1.68E-05	0.002059172	1.39E-05	1.170372399	0.603781829	2.16493472	0.253303493	0.489228861	0.86907635	0.593760641	0.028300057	0.01289769	10.74045161	0.211048292	0.2845816	0.725817332	0.541194121	4.20E-05	0	0.41043787	0.785407521	2.089513266	0	0.15982344	0.577892537	0.106086085	3.740888338	1.001530254	0.088650124	0.003370872	0	2.62E-05	15.00387708	0.002819813	0.271540943	0.024386142	0.001167017	2.854427181	0	0	0.743745753	0.853891392	0.196075969	0.000775339	0.025495514
Eflavofasciata	0.178484788	0.066673822	7.10E-06	0.002047722	0.294710579	0.035303784	0.007178378	0.00182471	0	0.131759846	0.003367413	0	0.345382085	0.0319339	0.483679382	0.684026409	0.000235985	0.025822703	0.145902085	0.08144	0.007430888	0.000725097	0.226785019	2.13465668	0.003804788	0.674066255	0	0	0.020871351	0.148410656	0.0007339	0.000145946	0.016963861	0.093212973	0.056920463	0.632442471	0.000124479	0.278678765	0	0	8.12E-05	0.005202626	0	1.134721853	0.708207568	1.797422085	0.208007568	0.530208494	0.862494981	1.202314595	0.06949251	0.015715985	11.29144494	0.236790425	0.320966641	1.259544865	0.523519691	0	3.71E-05	0.555548726	0.830945328	1.697725869	1.44E-05	0.171713977	0.783335753	0.14063305	4.012517992	1.129355985	0.067607259	0.002882471	0	1.79E-05	14.71693467	0.002271351	0.279422394	0.016709807	0.000808494	2.450425792	0	0	1.132977297	0.74613668	0.28188417	0.00091027	0.022829189
Egorge	0.197338169	0.162456481	1.98E-05	0.002419932	0.383698003	0.048074416	0.008813678	0.003962133	0	0.017	0.002934815	0	0.118560286	0.044538056	0.528601356	0.737223625	0.000179729	0.020338922	0.130290505	0.069220799	0.003431424	0.000121138	0.219741334	2.710432743	0.003704032	0.205895629	0	0	0.026788621	0.110778259	0.001125471	0.00031104	0.010594386	0.118305577	0.069630934	0.090901281	0.000103806	0.23310569	0	1.39E-05	0.000181613	0.004150904	0	1.293884326	0.584320837	1.99610795	0.153041635	0.319725697	0.976461191	1.0662841	0.068065373	0.019372645	11.00434269	0.162252826	0.291249246	0.73367954	0.47475113	0	1.73E-05	0.484516579	0.877449887	1.889562359	1.06E-05	0.119902035	0.824430294	0.181540128	3.819406368	1.079962133	0.074585531	0.04847532	0	5.03E-05	15.27126903	0.009667671	0.318917106	0.060083271	0.00119951	2.693980595	0	0	1.038977958	0.791096835	0.20779936	0.00147419	0.016048041
Eligea	0.18966331	0.122897709	0	0.004101106	0.419012046	0.037184637	0.008449052	0.003957543	0	0.015719589	0.002015403	0	0.149969984	0.003756319	0.398624803	0.943566548	0.00032109	0.014194905	0.132083728	0.065351698	0.012198657	6.14E-05	0.186718799	1.903487362	0.003626185	0.211931477	0	1.22E-05	0.036157583	0.140876185	0.002228476	0.000456556	0.018083531	0.123064574	0.064058452	0.416863547	0.000133886	0.220878949	6.32E-06	0	1.82E-05	0.0032656	2.05E-05	1.242712283	0.525293246	1.913476303	0.219016193	0.333550158	0.823570893	0.497029028	0.020846169	0.008944313	10.5377889	0.133938981	0.262344589	0.553097156	0.398555292	0	1.88E-05	0.402291074	0.705753949	1.874734597	0	0.26839613	0.636952804	0.134473736	3.247291864	1.130576224	0.072301343	0.001456161	0	3.59E-05	17.22572097	0.003228278	0.319902844	0.023888428	0.000935624	3.277760071	0	0	1.025728673	0.989417654	0.248863152	0.000984992	0.014255134
Emanto	0.18674333	0.098261539	1.83E-05	0.003780331	0.342697761	0.040552678	0.00897332	0.001975852	0	0.01356962	0.000893476	0	0.056287439	0.002189289	1.062669328	0.84617702	0.000276534	0.029089971	0.133729698	0.062751704	0.002067381	0.000179163	0.203566115	1.771684518	0.003670497	0.167901266	0	0	0.034241285	0.413736125	0.001130867	0.000677702	0.018775268	0.132851996	0.083432522	1.242407011	3.17E-05	0.261088997	2.71E-05	0	3.43E-05	0.001623174	0	1.648885881	0.562931451	2.181856086	0.343847517	0.357971568	0.917508471	0.534281986	0.019501071	0.010668744	10.61726874	0.177478092	0.230946251	0.68831334	0.342929114	9.35E-06	2.28E-05	0.363293671	0.759984226	1.78957001	0	0.192514898	0.578136709	0.157133983	3.603794158	1.078592405	0.074318403	0.00217332	0	2.38E-05	15.85043603	0.003106329	0.274680623	0.024024732	0.000931256	2.574834859	0	0	0.752177215	0.911578968	0.289536904	0.000780136	0.018336904
Emedusa	0.183289188	0.165169276	2.16E-05	0.002626451	0.371901824	0.047531037	0.008258427	0.003118991	0	0.016159514	0.002036655	0	0.589771229	0.051195248	0.471277583	1.007190643	0.002376681	0.026570639	0.149756861	0.084932032	0.01201271	0.00039989	0.320201695	2.006960582	0.009924296	0.389058206	0	0	0.030899429	0.368396021	0.000846012	0.000971634	0.017773071	0.120459569	0.053322896	0.112838092	3.09E-05	0.255490698	0	1.33E-05	0.002675631	0.001292503	0	0.994939952	0.750068521	1.929848959	0.166284951	0.300878062	0.93291527	0.897830908	0.05051667	0.007635476	11.11822656	0.125696998	0.322975686	0.892630687	0.524129858	0	4.86E-05	0.436708418	0.832638792	1.607441702	6.54E-05	0.198173697	0.987650028	0.396359551	4.917759993	1.898541905	0.083057838	0.003522196	9.95E-06	1.68E-05	13.27915896	0.002988764	0.317951557	0.03074452	0.000832934	2.648016946	0	0	0.692178486	0.675198379	0.199376681	0.00065187	0.020327316
Emelampus	0.202595367	0.041180092	2.02E-05	0.001228297	0.312154424	0.034027546	0.009869783	0.001135851	0	0.021914023	0.008887938	0	0.59711874	0.021871244	0.673161937	0.891462229	9.45E-05	0.04350313	0.158927796	0.064029633	0.00148894	7.80E-05	0.319839107	1.959873748	0.003385851	0.333343072	0	0	0.025094324	0.237566987	0.000837229	4.65E-05	0.014480175	0.100870618	0.070478715	0.552365192	7.51E-05	0.262727462	8.97E-06	0	0.000259808	0.002412145	1.13E-05	1.172690526	0.664083264	2.32102692	0.182123539	0.285433222	1.21808076	0.852519616	0.027346619	0.033320743	11.98766841	0.31808222	0.41770576	0.72570576	0.393887521	2.11E-05	3.92E-05	0.521167154	0.776089316	1.585821369	2.21E-05	0.105977045	0.797168197	0.164265442	4.377182387	1.539060935	0.078310309	0.004797371	0	1.19E-05	14.41778631	0.008097037	0.26570576	0.025189691	0.00098894	2.450538815	0	0	0.533546327	0.680274416	0.330876461	0.000819074	0.01890818
Emelancholica	0.17389117	0.137605926	2.07E-05	0.005487026	0.318718823	0.111243803	0.011544733	0.001056158	1.76E-05	0.015557901	0.012582107	0	0.265316034	0.134549187	0.526617738	0.705317002	0.000356507	0.039170604	0.133652208	0.059934934	0.001999032	0.000198877	0.17033385	2.45494481	0.004855345	0.164095469	0	0	0.02485031	0.255537374	0.001013168	0.003410922	0.013920217	0.148032146	0.041095662	0.272578621	0.000105926	0.454066809	1.18E-05	0	0.001033501	0.000759489	0	1.125342951	0.535980635	1.682181642	0.198592177	0.296826297	0.833626259	0.806411696	0.034046669	0.024059644	9.810126452	0.119941712	0.272270527	0.600795895	0.519952363	2.21E-05	0	0.330041828	0.843070875	1.426305383	2.11E-05	0.137185902	0.723420217	0.108850697	3.884149109	0.941469985	0.071491867	0.013386328	0	2.25E-05	14.76501859	0.006837335	0.311759489	0.070632456	0.000826297	2.57178873	0	0	0.703301704	0.80938749	0.218023431	0.000569133	0.018270333
Emeolans	0.161444726	0.096553324	1.36E-05	0.001368688	0.367722948	0.050239033	0.00674381	0.001428544	0	0.011268278	0.001461883	0	0.204683369	0.29064808	0.506181517	0.729251316	0.000140183	0.018175278	0.135895886	0.042855332	0.002913823	0.000108208	0.274658998	2.144452135	0.004762332	0.191050887	1.23E-05	0	0.026996491	1.312923377	0.000735621	8.03E-05	0.010523689	0.179502047	0.043436342	0.100473192	3.18E-05	0.249295184	2.01E-05	0	3.20E-05	0.002527003	0	1.065626828	0.609927861	2.046375707	0.165034315	0.326775005	0.755246052	1.361446481	0.033287386	0.007203159	10.69810957	0.163693897	0.239726457	0.761256775	0.317859622	3.26E-05	4.07E-05	0.512938	0.704961396	1.604275492	0	0.185909144	0.620340612	0.107972509	3.812222071	1.248341197	0.075157731	0.000684149	0	2.18E-05	13.10955683	0.002239423	0.332859622	0.021933125	0.001071554	3.366939364	0	1.85E-05	0.647012088	0.765564438	0.402629752	0.000706376	0.021191265
Emnestra	0.187673424	0.094939407	0	0.003499666	0.409291379	0.049839162	0.018083315	0.002057919	0	0.014258855	0.006966585	0	0.108509245	0.031916017	0.540365115	0.755921809	0.000611718	0.026537536	0.132128982	0.05273669	0.001196258	0.001000446	0.222017376	1.718802629	0.005095567	0.184991312	0	0	0.026813767	0.800189575	0.003784585	0.000439296	0.012381377	0.123142348	0.040375139	0.075343506	8.49E-05	0.234057474	1.05E-05	0	0.000375362	0.001329918	0	0.978791936	0.672588773	1.590021163	0.172024504	0.402624415	1.152641123	1.146773223	0.067153264	0.050542437	10.53624237	0.156380931	0.262047004	1.030682335	0.440759635	0	9.11E-05	0.35857808	0.746377144	1.646478949	1.25E-05	0.162837826	0.914946759	0.127484072	3.574050123	1.151838494	0.087319893	0.007086211	0	7.80E-06	12.9138581	0.011740254	0.418017376	0.019143907	0.001070394	2.581806416	0	0	0.56122945	0.786073513	0.276773446	0.001237469	0.018928937
Emontana	0.253244474	0.09551641	0	0.006409411	0.31641795	0.042640824	0.007753014	0.001079036	0	0.013964501	0.003683356	6.20E-06	0.214450435	0.088809109	0.557580877	0.656205626	0.000258875	0.035860348	0.128347455	0.06316996	0.006438714	4.39E-05	0.188277127	3.092303751	0.003794541	0.178238948	0	0	0.023954287	0.909764401	0.000842766	0.002171132	0.012143503	0.146884293	0.033887307	0.14469357	4.04E-05	0.495525452	9.88E-06	1.21E-05	0.000346115	0.000968185	4.66E-05	1.052562123	0.541465003	1.571573677	0.15691008	0.248402378	0.814773945	0.718633959	0.036998828	0.024733255	10.64048091	0.103326189	0.239722371	0.69207284	0.539147019	0	1.54E-05	0.514432518	0.986611353	1.680507535	1.02E-05	0.180466176	0.636079873	0.176190054	4.148955794	1.463541862	0.069432351	0.003826021	0	3.18E-05	15.76222806	0.011039685	0.289736437	0.089028801	0.000686872	2.953479236	0	1.54E-05	1.75227361	0.773960315	0.25360633	0.000706798	0.019226892
Epalarica	0.181919303	0.104319343	1.26E-05	0.001319749	0.371247161	0.051541565	0.006842863	0.000965329	0	0.017145377	0.005585361	0	0.080304339	0.299235604	0.560895985	0.824344282	0.000256894	0.028688362	0.140076845	0.048504663	0.003478508	0.000187145	0.293659367	2.361249189	0.005365572	0.218751622	1.72E-05	0	0.029060422	1.02293674	0.000707015	0.000273723	0.008701541	0.190834955	0.045815288	0.104246959	4.72E-05	0.280403082	1.20E-05	1.50E-05	6.16E-05	0.003138889	0	1.118372466	0.650183698	2.051520073	0.181031427	0.345073804	0.832384226	1.401079075	0.034867397	0.006078873	11.75458232	0.275994323	0.255257705	0.767483779	0.316357056	0	1.87E-05	0.509617599	0.768638483	1.671890308	0	0.176321371	0.752201541	0.109106853	4.300723236	0.88632502	0.079546837	0.000967559	0	2.78E-05	14.24015998	0.002431062	0.349540754	0.023630373	0.000823398	3.229201541	0	0	0.662658759	0.717444444	0.226460868	0.000656934	0.023556975
Epharte	0.219665045	0.086773995	0	0.003513132	0.304738651	0.076284371	0.008246433	0.00234452	0	0.015501783	0.008248217	0	0.196030966	0.042441796	0.517116245	0.808300259	0.000208171	0.03880334	0.167669423	0.078548314	0.007088359	0.001680934	0.288653534	2.612299773	0.003828145	0.258714818	7.46E-06	0	0.024107004	0.378955415	0.001063716	0.000233301	0.014904183	0.115603761	0.089404345	0.338728275	0.000132944	0.351369812	0	0	0.000199254	0.006082523	0	1.31414559	0.609014916	1.952375973	0.171173314	0.428853599	0.859869326	1.072565662	0.042404507	0.032464818	11.14802367	0.235064851	0.305608139	0.8237988	0.566010538	9.57E-06	5.03E-05	0.559244326	0.828195687	1.886679475	9.89E-06	0.119670234	0.864375811	0.111248055	4.516374514	4.102827983	0.067853275	0.008535344	0	3.53E-05	15.00301751	0.006653372	0.273402237	0.018047828	0.000740272	2.266031615	0	6.97E-06	1.198933528	0.818549935	0.226970817	0.000945687	0.014370298
Epronoe	0.201567693	0.095060645	0	0.009646513	0.343006677	0.038600334	0.009084384	0.00297793	0	0.012028561	0.018516135	0	0.257787834	0.030589948	0.632483865	0.711803969	0.000117582	0.035134088	0.13306862	0.061628524	0.001476076	2.65E-05	0.160815096	2.858919325	0.004076039	0.13067526	0	0	0.031125556	1.177437871	0.00071977	0.001132233	0.020363687	0.165082344	0.035627226	0.132043027	5.23E-05	0.44465523	1.15E-05	1.34E-05	0.000667285	0.000710497	0.00011684	1.042720512	0.478899481	1.44837092	0.158295438	0.294741098	0.761413576	0.630696773	0.034355527	0.037572144	9.66552207	0.087261869	0.205449369	0.558729043	0.423686016	1.98E-05	3.02E-05	0.436673776	0.906679896	1.643288205	2.93E-05	0.232716617	0.735288576	0.124662648	3.944331973	1.00278023	0.085443249	0.005247775	0	4.90E-05	13.64511832	0.008749258	0.29768546	0.082762055	0.000818249	2.718829748	0	0	0.744815282	0.829228487	0.174698257	0.000712723	0.025428413
Erondoui	0.163095278	0.055712999	5.01E-06	0.001844485	0.39470282	0.058441015	0.03265443	0.002704989	0	0.012547639	0.041693476	0	1.625784582	0.072559987	0.428414484	0.679157517	0.000132154	0.020276656	0.203172201	0.043299349	0.002923077	9.79E-05	0.695435508	3.891546304	0.003210579	0.228727515	0	0	0.01988253	0.235611547	0.000714	0.000416653	0.011445353	0.157631904	0.06185433	0.088399132	5.97E-05	0.336734357	8.51E-06	8.51E-06	0.000327549	0.003067746	7.34E-06	0.89528817	0.677564325	2.084913733	0.164659102	0.353553646	0.682879526	0.777052228	0.074091941	0.013695645	10.4625675	0.085938261	0.233733356	1.059748874	0.432301185	2.27E-05	0	0.316917571	1.206272985	1.623338228	0	0.082577841	0.829748373	0.283782913	4.954874187	1.998721842	0.074265643	0.005198565	0	2.82E-05	14.51213265	0.002328049	0.25050025	0.018921909	0.000726014	2.811798432	0	0	1.134457701	0.77446838	0.207626731	0.000517103	0.013885867
Estirius	0.261191972	0.114094241	1.18E-05	0.00565988	0.352834012	0.044316269	0.010234826	0.005308125	0	0.013979833	0.004053326	0	0.108487105	0.032278844	0.589946868	0.770008338	0.000137677	0.050436882	0.162558464	0.051540237	0.007179562	8.42E-05	0.193239868	2.831922436	0.004742486	0.163028699	0	0	0.025236184	1.06933663	0.000921466	0.001268567	0.018513089	0.160911189	0.044719023	0.16387008	3.70E-05	0.523874733	0	0	0.000436688	0.001786116	4.19E-05	1.102896258	0.571784371	1.692009502	0.167496219	0.32099108	0.901808222	0.680773512	0.029420787	0.045927477	10.98039674	0.10325732	0.275513283	0.78759046	0.489077565	0	4.03E-05	0.589371146	1.074800853	1.681967811	0	0.210219314	0.789359705	0.137019585	3.686681792	0.959170254	0.086586387	0.001624782	1.42E-05	6.40E-06	14.32333004	0.015574947	0.319879775	0.074961606	0.000972659	2.774231724	0	0	1.029793872	0.85901338	0.205817917	0.000588521	0.019511344
Esudetica	0.202358304	0.042378267	3.03E-05	0.001275571	0.313419222	0.031419222	0.011282568	0.001166495	0	0.016670303	0.008085203	0	0.224095699	0.023037868	0.73994752	0.956535913	0.000205598	0.042111957	0.162363244	0.067402552	0.003041778	3.11E-05	0.364155588	1.932628113	0.003114221	0.366925499	0	0	0.024911504	0.488305618	0.000852027	6.48E-05	0.014378061	0.097340194	0.072294299	0.577584482	5.45E-05	0.275961515	8.85E-06	0	0.000430747	0.002699115	1.63E-05	1.182935995	0.683632435	2.698103108	0.179987652	0.292800165	1.085885985	0.817309735	0.020437127	0.04481169	12.00667051	0.245038074	0.397745833	0.758496193	0.361943816	0	4.30E-05	0.579007203	0.782976744	1.652366125	0.000142622	0.100076971	0.732226178	0.16428936	4.238429306	1.883789051	0.080370447	0.005585306	0	2.20E-05	14.30446697	0.009753859	0.258552377	0.023270838	0.001115456	2.483622556	0	0	0.510655896	0.678191809	0.310444742	0.000677506	0.018749949
Etriaria	0.200609438	0.119887205	1.34E-05	0.00200211	0.360021293	0.035515826	0.010895262	0.005271245	0	0.014282179	0.003505659	0	0.519639555	0.054932668	0.437494149	0.957477077	0.000290428	0.061524842	0.167257817	0.074286208	0.010596586	0.000824861	0.352786304	4.061334356	0.006634376	0.241948015	0	0	0.02788663	0.608863994	0.00082793	0.000125647	0.018770765	0.126406484	0.054422597	0.128405141	0.000121811	0.222844044	0	1.38E-05	0.007087474	0.001407827	2.23E-05	0.934198926	0.629407635	1.808694226	0.14262325	0.289847113	0.773987148	0.775665644	0.049695377	0.011024362	11.50409246	0.269468061	0.286872051	0.721998082	0.400736428	0	4.37E-05	0.498621331	0.766925379	1.579419336	2.40E-05	0.239817763	0.786738155	0.182789373	4.783981009	1.570285057	0.078526952	0.00234836	0	3.89E-05	14.1221738	0.006848072	0.308478611	0.022845003	0.000935929	2.486792058	0	0	1.14235469	0.673378093	0.213050835	0.000723	0.019993478
Mcinxia	0.440904686	0.021678614	0	0.00600801	0.003149379	0.018269523	0	0	8.81E-06	0	2.70E-05	0	0	6.41E-06	0.041219263	0.065909091	0.000766119	0	0.032943132	0.016423108	8.91E-05	0.006212655	0.022655186	1.095119143	0.000920705	0.116709451	0	0	0.001147177	0.009671606	0.0217503	0.002751902	0.029054065	0.017889668	0.011741089	0.012456548	0.000281338	0.044001402	2.12E-05	0	0.00238306	0.001401482	5.65E-05	8.01E-05	0.225737685	0.369574089	0	0.203136163	0.240069684	0.084806167	3.16E-05	0.006212455	1.233825591	0.14505847	0	0.488639367	0.163332199	0.002011814	0.037087305	1.277084101	0.430968562	0.450795755	5.35E-05	0.215623148	0.114136564	0	0.634349419	0.207389067	0.382528835	0	2.22E-05	8.71E-05	5.964293753	0.843105927	0.780292751	0	0	0.584835002	1.14E-05	0	0.000203244	2.140723068	0.026026432	0	0
Mjurtina	0.12441592	0.033616169	1.97E-05	0.003554229	0.000447015	0.003090299	0	0	0	0	0	0	0	0.000879602	0.001918906	0.046732338	1.17E-05	0	0.305151741	0.009425622	0.000189801	0.000273632	0.008983831	0.193823134	0.000259702	0.043330348	0	0	0.002874876	0.022649751	0.00050199	0.003391045	0.007390299	0.011868408	0.002503234	0.01256194	0.000106219	0.019411443	0	0	0.001512935	0.000163433	0	0	0.061706716	0.160412935	0	0.088519154	0.049035075	0.092456965	0.00010199	0.021924378	1.038089055	0.054477363	0	0.102147264	0.026978607	0	0	1.077443532	0.083802488	0.045019154	2.26E-05	0.046531841	0.096918906	0	0.381573881	0.126166915	0.173753234	0	0	5.95E-05	3.976068408	0.08625199	0.095938557	0	0	1.477254478	0	0.000168159	0.000141294	1.587053483	0.017118906	0	0
X2575	0.162571197	0.197932125	1.37E-05	0.003032733	0.378640616	0.046959738	0.006170685	0.005570802	0	0.011708171	0.000908201	0	0.400570896	0.002376758	0.443188398	0.901518813	5.61E-05	0.017450261	0.104425998	0.062607902	0.018900559	0.000312082	0.158138611	1.72675871	0.002931466	0.198808892	0	2.94E-05	0.049528865	0.468854067	0.001994843	0.000267472	0.011180567	0.103521938	0.071882847	0.454669001	0.000156229	0.197987652	8.85E-06	0	8.07E-05	0.001112993	0	1.24255821	0.568369944	1.852762625	0.25784234	0.592810435	0.974834077	0.530990833	0.023241102	0.013460387	9.183546408	0.138807763	0.291398912	0.69844787	0.441737911	0	0	0.367752555	0.773077531	1.642127167	8.85E-06	0.580356504	0.618946299	0.141511096	3.489520959	1.193553937	0.071914657	0.001810567	0	6.96E-06	17.80623355	0.005734561	0.28794963	0.019583075	0.00096674	2.989695259	0	0	0.744994636	1.015965517	0.265221639	0.000962976	0.018132023
X2576	0.174917046	0.11216765	0	0.00292916	0.369005791	0.034881342	0.005999361	0.009375799	1.08E-05	0.010468062	0.001062598	0	0.343087431	0.00326684	0.50641804	0.976591587	0.000149922	0.011956445	0.111791424	0.074652728	0.006519469	0.000211205	0.160422588	1.914036344	0.00292614	0.152359848	0	0	0.082417046	0.511608462	0.002542099	0.000414772	0.00945076	0.096846312	0.069507958	0.606094749	9.89E-05	0.193456551	0	1.28E-05	2.95E-05	0.00131075	1.83E-05	1.080822261	0.514988809	1.997493605	0.253838461	0.496549311	0.78832084	0.565833629	0.043031832	0.013990337	10.1628494	0.143467742	0.280457759	0.596656956	0.445504299	0	8.88E-06	0.361037374	0.682117202	1.791157276	0.000112974	0.216776148	0.582392888	0.13432624	3.776202927	1.386773305	0.067091445	0.000517444	0	2.65E-05	17.86569223	0.008567927	0.281513251	0.020201791	0.000743037	2.87163866	0	0	0.819282009	0.890218843	0.357434809	0.000875195	0.019371536
X3252	0.245080085	0.052865214	0	0.004127236	0.472539542	0.073760896	0.006987283	0.005538092	0	0.017695295	0.001520359	0	0.40017517	0.035044251	0.528408807	0.922844381	0.000376173	0.02142519	0.243829731	0.089889832	0.009936499	5.83E-05	0.243748729	2.666276938	0.006258604	0.127709462	0	0	0.029618994	0.336450108	0.00116702	0.00018767	0.017525625	0.147489458	0.052076368	0.090284671	1.72E-05	0.230874848	7.83E-06	0	0.00021367	0.011426857	0	1.7399915	0.72320722	2.09562176	0.157911132	0.451332189	1.709664161	0.76941299	0.039732662	0.014980083	14.47391723	0.15477558	0.360819847	0.934984916	0.432645711	0	0	0.894757746	0.966130602	1.720040834	0	0.213741396	0.889946166	0.175070251	5.802489708	1.920709512	0.069285321	0.002358039	0	1.47E-05	13.33457891	0.002378873	0.26457491	0.022267038	0.000767346	2.754510575	0	0	0.627819964	0.711065351	0.197959633	0.000751179	0.019318155
X3258	0.203715122	0.060166383	0	0.002613169	0.397762818	0.055314311	0.086903938	0.00207099	0	0.024165312	0.017107231	0	0.445203771	0.067564497	0.502825451	0.729089483	0.000121823	0.023866205	0.200261049	0.067677141	0.004115015	0.000398937	0.544712846	2.447860544	0.004656811	0.662744937	0	0	0.022870585	0.883649525	0.001022395	0.00049628	0.014391746	0.162689476	0.080888715	0.11524202	3.82E-05	0.460439289	0	9.75E-06	0.000257989	0.004411062	0	1.016037408	0.52290367	1.583427681	0.168648664	0.297836639	0.699933064	0.832619671	0.034554687	0.008736063	10.20665475	0.159366788	0.225861845	0.690959093	0.329341544	3.23E-05	1.76E-05	0.418741418	1.290444453	1.345610167	0	0.108074165	0.937609057	0.196116774	4.829852742	1.230534529	0.091234868	0.005792805	0	4.53E-05	15.09888351	0.002159536	0.291164298	0.021577005	0.000660942	2.838567003	0	1.24E-05	0.596218516	0.779386869	0.228324313	0.000628431	0.015216776
X3311	0.187515488	0.235110387	0	0.01682783	0.403853867	0.034925592	0.010701923	0.00084137	0	0.012736795	0.006174661	0	0.249297439	0.045905346	0.709814992	0.791556067	0.000292521	0.029269124	0.163495774	0.065265802	0.004699495	0.00041004	0.362488983	2.387379021	0.005716719	0.763285644	0	0	0.030753018	0.736162739	0.000807094	8.56E-05	0.014993081	0.156178919	0.050253348	0.33329778	4.79E-05	0.324325222	3.04E-05	0	0.000682549	0.00346022	0	1.130989547	0.667342403	1.804286049	0.158824168	0.314420813	0.988316834	0.851759809	0.040360222	0.011365098	11.37804156	0.285260693	0.284513636	0.785797194	0.830334036	0	0	0.387598731	0.800359584	1.836185093	0	0.280840944	0.702800664	0.421491984	3.909777309	1.279207383	0.077948309	0.000720445	1.77E-05	1.85E-05	14.47351983	0.006366056	0.351574802	0.044726746	0.000938451	2.522708267	0	0	0.506512742	0.697637904	0.357868046	0.000665304	0.020639118
X3506	0.276213322	0.086670467	3.18E-05	0.005298284	0.335984189	0.040990543	0.020517325	0.00131518	0	0.012468321	0.005123351	0	0.194653497	0.031786902	0.757553732	0.72393283	0.000188951	0.099419504	0.137043135	0.067160879	0.004847868	8.09E-05	0.24562236	3.232119202	0.004435577	0.153119089	0	0	0.026150712	0.46730348	0.000733376	0.004953276	0.024869547	0.158597354	0.049207752	0.157097896	3.10E-05	0.683365417	0	1.35E-05	0.00071207	0.001189026	0.000137368	1.150623108	0.578124323	1.590066722	0.176852876	0.298740141	0.847228535	0.724681344	0.022023698	0.062771652	11.03985497	0.115366501	0.254591261	0.658800695	0.480256794	0	0	0.509811049	1.089441184	1.818258887	0	0.204166449	0.921542257	0.145912982	3.861593653	1.184932718	0.074952342	0.001306396	0	8.41E-06	15.04056218	0.016660935	0.302334878	0.075658057	0.00087579	2.765845886	0	1.72E-05	1.295611707	0.770785519	0.214255598	0.000561993	0.020423878
X3531	0.172633217	0.071842337	0	0.002882256	0.382592566	0.048782457	0.031496246	0.001998352	0	0.017850028	0.002432155	0	0.736234572	0.075350119	0.431960264	0.756283831	8.44E-05	0.021509247	0.196985168	0.051691815	0.003591833	0.00015803	0.487902399	2.807363487	0.004188061	0.34929903	0	0	0.021423366	0.50975499	0.000853141	0.000338216	0.012716719	0.155663432	0.082931698	0.104397363	7.71E-05	0.698237502	0	9.34E-06	0.001020143	0.004207837	0	1.115872734	0.537391503	1.873992859	0.154401209	0.370034243	0.680119575	0.829638711	0.03281725	0.014119026	10.21847262	0.090787585	0.234694928	0.817084783	0.371370628	2.53E-05	0	0.406702802	1.227644937	1.346239883	7.32E-06	0.104027468	0.978388574	0.171350668	5.238984435	1.408174693	0.077111884	0.00923915	0	3.04E-05	15.35786504	0.002293536	0.290682476	0.019885918	0.000617286	3.003845266	0	2.38E-05	0.917635781	0.81989013	0.192485625	0.000590734	0.014148874
X3737	0.17245139	0.060455719	0	0.00201295	0.408787407	0.046463998	0.055346537	0.005018988	0	0.028842663	0.003172186	0	0.507286761	0.082071814	0.45900976	0.729991076	7.99E-05	0.020359828	0.203780761	0.05428509	0.00292287	0.000299256	0.511157147	2.322696719	0.004243696	0.337638045	0	0	0.022684187	1.14037331	0.000842891	0.000491797	0.016926174	0.157904831	0.068559357	0.104066535	7.60E-05	0.61469125	0	9.68E-06	0.00061617	0.003833738	0	1.075881627	0.535256152	1.785855993	0.16621772	0.366731354	0.744551876	0.876356524	0.048704618	0.010673325	9.981982949	0.151272216	0.20517944	0.705996506	0.355068928	2.11E-05	0	0.380317674	1.192429364	1.331208795	0	0.105786116	0.943160793	0.15173724	5.1496584	1.555742443	0.086487544	0.005757823	0	3.61E-05	14.87498291	0.002055864	0.278952036	0.021928832	0.000723834	2.85108765	0	0	0.831907185	0.779284901	0.297508355	0.00060003	0.013660565
